date,AAPL
2020-01-02,72.53850555419922
2020-01-03,71.83329010009766
2020-01-06,72.40567779541016
2020-01-07,72.06513214111328
2020-01-08,73.22439575195312
2020-01-09,74.77975463867188
2020-01-10,74.94880676269531
2020-01-13,76.550048828125
2020-01-14,75.51638793945312
2020-01-15,75.19273376464844
2020-01-16,76.13463592529297
2020-01-17,76.97750854492188
2020-01-21,76.45584869384766
2020-01-22,76.72877502441406
2020-01-23,77.09828186035156
2020-01-24,76.8760986328125
2020-01-27,74.61553955078125
2020-01-28,76.72634887695312
2020-01-29,78.33240509033203
2020-01-30,78.21890258789062
2020-01-31,74.75078582763672
2020-02-03,74.54547119140625
2020-02-04,77.00650024414062
2020-02-05,77.63444519042969
2020-02-06,78.54253387451172
2020-02-07,77.47492980957031
2020-02-10,77.8428955078125
2020-02-11,77.37326049804688
2020-02-12,79.21070098876953
2020-02-13,78.6466293334961
2020-02-14,78.66600036621094
2020-02-18,77.22559356689453
2020-02-19,78.34400177001953
2020-02-20,77.540283203125
2020-02-21,75.78514862060547
2020-02-24,72.18533325195312
2020-02-25,69.74026489257812
2020-02-26,70.84659576416016
2020-02-27,66.21549224853516
2020-02-28,66.1767578125
2020-03-02,72.33786010742188
2020-03-03,70.04045867919922
2020-03-04,73.28926086425781
2020-03-05,70.9119644165039
2020-03-06,69.97026062011719
2020-03-09,64.4361572265625
2020-03-10,69.07696533203125
2020-03-11,66.67787170410156
2020-03-12,60.09311294555664
2020-03-13,67.29277038574219
2020-03-16,58.635765075683594
2020-03-17,61.213985443115234
2020-03-18,59.7154655456543
2020-03-19,59.2579231262207
2020-03-20,55.49589920043945
2020-03-23,54.316932678222656
2020-03-24,59.76630783081055
2020-03-25,59.437068939208984
2020-03-26,62.5648307800293
2020-03-27,59.9744987487793
2020-03-30,61.68605041503906
2020-03-31,61.5601692199707
2020-04-01,58.321041107177734
2020-04-02,59.29423522949219
2020-04-03,58.44209289550781
2020-04-06,63.540443420410156
2020-04-07,62.80448532104492
2020-04-08,64.41191864013672
2020-04-09,64.87675476074219
2020-04-13,66.1501235961914
2020-04-14,69.49092102050781
2020-04-15,68.85665893554688
2020-04-16,69.40375518798828
2020-04-17,68.46205139160156
2020-04-20,67.04098510742188
2020-04-21,64.96873474121094
2020-04-22,66.8400650024414
2020-04-23,66.5810317993164
2020-04-24,68.50321960449219
2020-04-27,68.5516357421875
2020-04-28,67.44044494628906
2020-04-29,69.65552520751953
2020-04-30,71.12498474121094
2020-05-01,69.97994995117188
2020-05-04,70.97008514404297
2020-05-05,72.03524780273438
2020-05-06,72.77845764160156
2020-05-07,73.53134155273438
2020-05-08,75.2815170288086
2020-05-11,76.4660873413086
2020-05-12,75.59221649169922
2020-05-13,74.67950439453125
2020-05-14,75.13829803466797
2020-05-15,74.6940689086914
2020-05-18,76.45394897460938
2020-05-19,76.01216125488281
2020-05-20,77.49047088623047
2020-05-21,76.9127426147461
2020-05-22,77.40792846679688
2020-05-26,76.88361358642578
2020-05-27,77.21858978271484
2020-05-28,77.2525634765625
2020-05-29,77.17731475830078
2020-06-01,78.1264419555664
2020-06-02,78.48810577392578
2020-06-03,78.9201889038086
2020-06-04,78.24053192138672
2020-06-05,80.4688949584961
2020-06-08,80.9446792602539
2020-06-09,83.50074005126953
2020-06-10,85.64903259277344
2020-06-11,81.53694915771484
2020-06-12,82.24092102050781
2020-06-15,83.25801086425781
2020-06-16,85.46453094482422
2020-06-17,85.34557342529297
2020-06-18,85.37956237792969
2020-06-19,84.89164733886719
2020-06-22,87.11273956298828
2020-06-23,88.97216033935547
2020-06-24,87.40159606933594
2020-06-25,88.56190490722656
2020-06-26,85.84076690673828
2020-06-29,87.8191146850586
2020-06-30,88.55218505859375
2020-07-01,88.38470458984375
2020-07-02,88.38470458984375
2020-07-06,90.74901580810547
2020-07-07,90.46743774414062
2020-07-08,92.57444763183594
2020-07-09,92.9725341796875
2020-07-10,93.1351547241211
2020-07-13,92.70551300048828
2020-07-14,94.23966979980469
2020-07-15,94.88774871826172
2020-07-16,93.72016906738281
2020-07-17,93.53084564208984
2020-07-20,95.50189971923828
2020-07-21,94.18382263183594
2020-07-22,94.44841766357422
2020-07-23,90.14944458007812
2020-07-24,89.9261245727539
2020-07-27,92.05740356445312
2020-07-28,90.54512023925781
2020-07-29,92.28071594238281
2020-07-30,93.39733123779297
2020-07-31,103.17496490478516
2020-08-03,105.77472686767578
2020-08-04,106.48111724853516
2020-08-05,106.86707305908203
2020-08-06,110.59558868408203
2020-08-07,108.08110046386719
2020-08-10,109.65204620361328
2020-08-11,106.39100646972656
2020-08-12,109.92683410644531
2020-08-13,111.87226104736328
2020-08-14,111.77256774902344
2020-08-17,111.48076629638672
2020-08-18,112.40970611572266
2020-08-19,112.55075073242188
2020-08-20,115.04818725585938
2020-08-21,120.97692108154297
2020-08-24,122.4238510131836
2020-08-25,121.41948699951172
2020-08-26,123.07070922851562
2020-08-27,121.59944915771484
2020-08-28,121.40247344970703
2020-08-31,125.51951599121094
2020-09-01,130.51925659179688
2020-09-02,127.81511688232422
2020-09-03,117.58211517333984
2020-09-04,117.65992736816406
2020-09-08,109.74201965332031
2020-09-09,114.1192398071289
2020-09-10,110.39375305175781
2020-09-11,108.94439697265625
2020-09-14,112.21273040771484
2020-09-15,112.38780212402344
2020-09-16,109.07083129882812
2020-09-17,107.32967376708984
2020-09-18,103.92516326904297
2020-09-21,107.0767593383789
2020-09-22,108.75957489013672
2020-09-23,104.19754028320312
2020-09-24,105.26750946044922
2020-09-25,109.21673583984375
2020-09-28,111.82364654541016
2020-09-29,110.97735595703125
2020-09-30,112.65044403076172
2020-10-01,113.60371398925781
2020-10-02,109.93656158447266
2020-10-05,113.3216323852539
2020-10-06,110.07276153564453
2020-10-07,111.94036102294922
2020-10-08,111.8333740234375
2020-10-09,113.7787857055664
2020-10-12,121.006103515625
2020-10-13,117.7961196899414
2020-10-14,117.8836669921875
2020-10-15,117.41676330566406
2020-10-16,115.77285766601562
2020-10-19,112.8158187866211
2020-10-20,114.30406188964844
2020-10-21,113.68151092529297
2020-10-22,112.59208679199219
2020-10-23,111.90145874023438
2020-10-26,111.91118621826172
2020-10-27,113.41890716552734
2020-10-28,108.16620635986328
2020-10-29,112.17381286621094
2020-10-30,105.89006805419922
2020-11-02,105.80250549316406
2020-11-03,107.42697143554688
2020-11-04,111.81390380859375
2020-11-05,115.78260803222656
2020-11-06,115.65106201171875
2020-11-09,113.34175872802734
2020-11-10,113.00070190429688
2020-11-11,116.4305648803711
2020-11-12,116.15774536132812
2020-11-13,116.20648193359375
2020-11-16,117.2198486328125
2020-11-17,116.33313751220703
2020-11-18,115.00796508789062
2020-11-19,115.60234069824219
2020-11-20,114.33562469482422
2020-11-23,110.93497467041016
2020-11-24,112.22118377685547
2020-11-25,113.05915832519531
2020-11-27,113.60480499267578
2020-11-30,116.0018539428711
2020-12-01,119.57786560058594
2020-12-02,119.92864990234375
2020-12-03,119.79224395751953
2020-12-04,119.11991119384766
2020-12-07,120.58151245117188
2020-12-08,121.19536590576172
2020-12-09,118.66192626953125
2020-12-10,120.08455657958984
2020-12-11,119.27582550048828
2020-12-14,118.66192626953125
2020-12-15,124.60576629638672
2020-12-16,124.53755187988281
2020-12-17,125.40477752685547
2020-12-18,123.4169921875
2020-12-21,124.94678497314453
2020-12-22,128.50335693359375
2020-12-23,127.60688781738281
2020-12-24,128.5910186767578
2020-12-28,133.190185546875
2020-12-29,131.41676330566406
2020-12-30,130.29623413085938
2020-12-31,129.29261779785156
2021-01-04,126.09659576416016
2021-01-05,127.65562438964844
2021-01-06,123.3585205078125
2021-01-07,127.56793975830078
2021-01-08,128.66897583007812
2021-01-11,125.6775894165039
2021-01-12,125.5022201538086
2021-01-13,127.53866577148438
2021-01-14,125.60938262939453
2021-01-15,123.88469696044922
2021-01-19,124.5570297241211
2021-01-20,128.6494903564453
2021-01-21,133.36557006835938
2021-01-22,135.50926208496094
2021-01-25,139.2606658935547
2021-01-26,139.49447631835938
2021-01-27,138.4227294921875
2021-01-28,133.57994079589844
2021-01-29,128.581298828125
2021-02-01,130.7054901123047
2021-02-02,131.53370666503906
2021-02-03,130.5106201171875
2021-02-04,133.8722686767578
2021-02-05,133.45750427246094
2021-02-08,133.6038818359375
2021-02-09,132.7256317138672
2021-02-10,132.12060546875
2021-02-11,131.86691284179688
2021-02-12,132.1011199951172
2021-02-16,129.9737548828125
2021-02-17,127.68046569824219
2021-02-18,126.5777816772461
2021-02-19,126.73389434814453
2021-02-22,122.95735168457031
2021-02-23,122.82072448730469
2021-02-24,122.32305145263672
2021-02-25,118.0683364868164
2021-02-26,118.3318099975586
2021-03-01,124.70413208007812
2021-03-02,122.09860229492188
2021-03-03,119.11248779296875
2021-03-04,117.2291030883789
2021-03-05,118.48794555664062
2021-03-08,113.55014038085938
2021-03-09,118.16590881347656
2021-03-10,117.08271026611328
2021-03-11,119.01490783691406
2021-03-12,118.10736846923828
2021-03-15,120.99589538574219
2021-03-16,122.5377426147461
2021-03-17,121.74730682373047
2021-03-18,117.61945343017578
2021-03-19,117.09246826171875
2021-03-22,120.4103775024414
2021-03-23,119.58091735839844
2021-03-24,117.1900634765625
2021-03-25,117.677978515625
2021-03-26,118.28302764892578
2021-03-29,118.45867156982422
2021-03-30,117.0046615600586
2021-03-31,119.2003173828125
2021-04-01,120.02980041503906
2021-04-05,122.85977935791016
2021-04-06,123.16227722167969
2021-04-07,124.81147766113281
2021-04-08,127.21205139160156
2021-04-09,129.78834533691406
2021-04-12,128.07078552246094
2021-04-13,131.18374633789062
2021-04-14,128.84170532226562
2021-04-15,131.25209045410156
2021-04-16,130.92030334472656
2021-04-19,131.5838623046875
2021-04-20,129.8956756591797
2021-04-21,130.27626037597656
2021-04-22,128.75393676757812
2021-04-23,131.0764617919922
2021-04-26,131.46681213378906
2021-04-27,131.144775390625
2021-04-28,130.3543243408203
2021-04-29,130.25672912597656
2021-04-30,128.28550720214844
2021-05-03,129.33941650390625
2021-05-04,124.7626953125
2021-05-05,125.00666046142578
2021-05-06,126.60704803466797
2021-05-07,127.28153991699219
2021-05-10,123.99707794189453
2021-05-11,123.07823181152344
2021-05-12,120.00884246826172
2021-05-13,122.15938568115234
2021-05-14,124.58361053466797
2021-05-17,123.43013000488281
2021-05-18,122.04206848144531
2021-05-19,121.88565826416016
2021-05-20,124.44674682617188
2021-05-21,122.6090316772461
2021-05-24,124.2414779663086
2021-05-25,124.04597473144531
2021-05-26,123.99707794189453
2021-05-27,122.46239471435547
2021-05-28,121.80745697021484
2021-06-01,121.48487854003906
2021-06-02,122.24734497070312
2021-06-03,120.76154327392578
2021-06-04,123.0586929321289
2021-06-07,123.06846618652344
2021-06-08,123.88957214355469
2021-06-09,124.27079010009766
2021-06-10,123.27372741699219
2021-06-11,124.48583221435547
2021-06-14,127.54545593261719
2021-06-15,126.7243423461914
2021-06-16,127.22288513183594
2021-06-17,128.82595825195312
2021-06-18,127.52588653564453
2021-06-21,129.32452392578125
2021-06-22,130.96673583984375
2021-06-23,130.69302368164062
2021-06-24,130.40957641601562
2021-06-25,130.11630249023438
2021-06-28,131.74874877929688
2021-06-29,133.26390075683594
2021-06-30,133.87973022460938
2021-07-01,134.1827850341797
2021-07-02,136.81224060058594
2021-07-06,138.825927734375
2021-07-07,141.3185577392578
2021-07-08,140.01849365234375
2021-07-09,141.84640502929688
2021-07-12,141.2501220703125
2021-07-13,142.36448669433594
2021-07-14,145.7955322265625
2021-07-15,145.140625
2021-07-16,143.09764099121094
2021-07-19,139.24620056152344
2021-07-20,142.863037109375
2021-07-21,142.12986755371094
2021-07-22,143.4983673095703
2021-07-23,145.21885681152344
2021-07-26,145.63916015625
2021-07-27,143.46908569335938
2021-07-28,141.7193145751953
2021-07-29,142.36448669433594
2021-07-30,142.57955932617188
2021-08-02,142.2471923828125
2021-08-03,144.04583740234375
2021-08-04,143.64503479003906
2021-08-05,143.75254821777344
2021-08-06,143.06729125976562
2021-08-09,143.018310546875
2021-08-10,142.53863525390625
2021-08-11,142.7931671142578
2021-08-12,145.7594451904297
2021-08-13,145.96507263183594
2021-08-16,147.9425811767578
2021-08-17,147.03213500976562
2021-08-18,143.2826690673828
2021-08-19,143.61549377441406
2021-08-20,145.0741729736328
2021-08-23,146.56219482421875
2021-08-24,146.47413635253906
2021-08-25,145.2406005859375
2021-08-26,144.4378662109375
2021-08-27,145.47555541992188
2021-08-30,149.90049743652344
2021-08-31,148.6376495361328
2021-09-01,149.30332946777344
2021-09-02,150.4193572998047
2021-09-03,151.05569458007812
2021-09-07,153.39549255371094
2021-09-08,151.84866333007812
2021-09-09,150.83055114746094
2021-09-10,145.83775329589844
2021-09-13,146.4055938720703
2021-09-14,145.00567626953125
2021-09-15,145.89651489257812
2021-09-16,145.66156005859375
2021-09-17,142.98895263671875
2021-09-20,139.9345703125
2021-09-21,140.4142303466797
2021-09-22,142.7834014892578
2021-09-23,143.74276733398438
2021-09-24,143.8308563232422
2021-09-27,142.31349182128906
2021-09-28,138.92620849609375
2021-09-29,139.82687377929688
2021-09-30,138.5248565673828
2021-10-01,139.650634765625
2021-10-04,136.21446228027344
2021-10-05,138.14303588867188
2021-10-06,139.0143280029297
2021-10-07,140.27720642089844
2021-10-08,139.89541625976562
2021-10-11,139.80731201171875
2021-10-12,138.5346221923828
2021-10-13,137.947265625
2021-10-14,140.7373046875
2021-10-15,141.7946319580078
2021-10-18,143.46864318847656
2021-10-19,145.63218688964844
2021-10-20,146.1216583251953
2021-10-21,146.33705139160156
2021-10-22,145.56365966796875
2021-10-25,145.51470947265625
2021-10-26,146.18040466308594
2021-10-27,145.72032165527344
2021-10-28,149.36209106445312
2021-10-29,146.65032958984375
2021-11-01,145.8280029296875
2021-11-02,146.86572265625
2021-11-03,148.30479431152344
2021-11-04,147.78594970703125
2021-11-05,148.31532287597656
2021-11-08,147.49179077148438
2021-11-09,147.85458374023438
2021-11-10,145.02117919921875
2021-11-11,144.97219848632812
2021-11-12,147.05062866210938
2021-11-15,147.06040954589844
2021-11-16,148.04083251953125
2021-11-17,150.4820556640625
2021-11-18,154.7761993408203
2021-11-19,157.40370178222656
2021-11-22,157.86444091796875
2021-11-23,158.24684143066406
2021-11-24,158.7664794921875
2021-11-26,153.7369842529297
2021-11-29,157.09974670410156
2021-11-30,162.0605926513672
2021-12-01,161.541015625
2021-12-02,160.55079650878906
2021-12-03,158.6683807373047
2021-12-06,162.08021545410156
2021-12-07,167.82534790039062
2021-12-08,171.64892578125
2021-12-09,171.13909912109375
2021-12-10,175.93328857421875
2021-12-13,172.29600524902344
2021-12-14,170.91363525390625
2021-12-15,175.7862548828125
2021-12-16,168.88417053222656
2021-12-17,167.78614807128906
2021-12-20,166.4233856201172
2021-12-21,169.59986877441406
2021-12-22,172.19796752929688
2021-12-23,172.82542419433594
2021-12-27,176.79605102539062
2021-12-28,175.77642822265625
2021-12-29,175.86465454101562
2021-12-30,174.70777893066406
2021-12-31,174.09014892578125
2022-01-03,178.443115234375
2022-01-04,176.1784210205078
2022-01-05,171.49208068847656
2022-01-06,168.62930297851562
2022-01-07,168.7959747314453
2022-01-10,168.8155975341797
2022-01-11,171.64892578125
2022-01-12,172.09010314941406
2022-01-13,168.8155975341797
2022-01-14,169.67832946777344
2022-01-18,166.47242736816406
2022-01-19,162.9723663330078
2022-01-20,161.2860565185547
2022-01-21,159.2272491455078
2022-01-24,158.45269775390625
2022-01-25,156.64878845214844
2022-01-26,156.560546875
2022-01-27,156.09974670410156
2022-01-28,166.99203491210938
2022-01-31,171.35482788085938
2022-02-01,171.18817138671875
2022-02-02,172.39407348632812
2022-02-03,169.5116729736328
2022-02-04,169.22695922851562
2022-02-07,168.51036071777344
2022-02-08,171.6222381591797
2022-02-09,173.04562377929688
2022-02-10,168.9619598388672
2022-02-11,165.54580688476562
2022-02-14,165.78138732910156
2022-02-15,169.61964416503906
2022-02-16,169.38406372070312
2022-02-17,165.78138732910156
2022-02-18,164.23040771484375
2022-02-22,161.3050537109375
2022-02-23,157.13302612304688
2022-02-24,159.75405883789062
2022-02-25,161.8253631591797
2022-02-28,162.09036254882812
2022-03-01,160.2056121826172
2022-03-02,163.5039520263672
2022-03-03,163.1800079345703
2022-03-04,160.1761474609375
2022-03-07,156.37716674804688
2022-03-08,154.55130004882812
2022-03-09,159.96018981933594
2022-03-10,155.61151123046875
2022-03-11,151.89100646972656
2022-03-14,147.8564453125
2022-03-15,152.24441528320312
2022-03-16,156.66184997558594
2022-03-17,157.67294311523438
2022-03-18,160.97129821777344
2022-03-21,162.34561157226562
2022-03-22,165.72250366210938
2022-03-23,167.08697509765625
2022-03-24,170.87615966796875
2022-03-25,171.51425170898438
2022-03-28,172.3780975341797
2022-03-29,175.67645263671875
2022-03-30,174.50827026367188
2022-03-31,171.40626525878906
2022-04-01,171.11175537109375
2022-04-04,175.16600036621094
2022-04-05,171.8479766845703
2022-04-06,168.67726135253906
2022-04-07,168.9815673828125
2022-04-08,166.96917724609375
2022-04-11,162.7088165283203
2022-04-12,164.58377075195312
2022-04-13,167.2735137939453
2022-04-14,162.25726318359375
2022-04-18,162.0413055419922
2022-04-19,164.3285369873047
2022-04-20,164.1616668701172
2022-04-21,163.36651611328125
2022-04-22,158.82147216796875
2022-04-25,159.8914794921875
2022-04-26,153.92303466796875
2022-04-27,153.697265625
2022-04-28,160.6375274658203
2022-04-29,154.7574462890625
2022-05-02,155.06175231933594
2022-05-03,156.55386352539062
2022-05-04,162.973876953125
2022-05-05,153.8936004638672
2022-05-06,154.62106323242188
2022-05-09,149.4893341064453
2022-05-10,151.89788818359375
2022-05-11,144.02330017089844
2022-05-12,140.14990234375
2022-05-13,144.62301635742188
2022-05-16,143.07955932617188
2022-05-17,146.71697998046875
2022-05-18,138.43936157226562
2022-05-19,135.02796936035156
2022-05-20,135.26390075683594
2022-05-23,140.69061279296875
2022-05-24,137.98712158203125
2022-05-25,138.1444091796875
2022-05-26,141.34927368164062
2022-05-27,147.11021423339844
2022-05-31,146.32376098632812
2022-06-01,146.1959686279297
2022-06-02,148.65367126464844
2022-06-03,142.92227172851562
2022-06-06,143.66940307617188
2022-06-07,146.1959686279297
2022-06-08,145.4586639404297
2022-06-09,140.2285614013672
2022-06-10,134.81173706054688
2022-06-13,129.65048217773438
2022-06-14,130.51556396484375
2022-06-15,133.14044189453125
2022-06-16,127.86124420166016
2022-06-17,129.3358612060547
2022-06-21,133.57302856445312
2022-06-22,133.0618133544922
2022-06-23,135.93247985839844
2022-06-24,139.26515197753906
2022-06-27,139.26515197753906
2022-06-28,135.11651611328125
2022-06-29,136.87623596191406
2022-06-30,134.40867614746094
2022-07-01,136.5812530517578
2022-07-05,139.16680908203125
2022-07-06,140.50381469726562
2022-07-07,143.87588500976562
2022-07-08,144.55418395996094
2022-07-11,142.42083740234375
2022-07-12,143.39413452148438
2022-07-13,143.0303955078125
2022-07-14,145.96002197265625
2022-07-15,147.6312713623047
2022-07-18,144.58367919921875
2022-07-19,148.44723510742188
2022-07-20,150.4527587890625
2022-07-21,152.7237091064453
2022-07-22,151.48497009277344
2022-07-25,150.36427307128906
2022-07-26,149.03712463378906
2022-07-27,154.1393585205078
2022-07-28,154.6898956298828
2022-07-29,159.7626495361328
2022-08-01,158.779541015625
2022-08-02,157.30490112304688
2022-08-03,163.32144165039062
2022-08-04,163.0068817138672
2022-08-05,162.7804412841797
2022-08-08,162.3079071044922
2022-08-09,162.3571014404297
2022-08-10,166.61000061035156
2022-08-11,165.87167358398438
2022-08-12,169.42556762695312
2022-08-15,170.49859619140625
2022-08-16,170.34107971191406
2022-08-17,171.83746337890625
2022-08-18,171.4436798095703
2022-08-19,168.85459899902344
2022-08-22,164.96597290039062
2022-08-23,164.63124084472656
2022-08-24,164.9265594482422
2022-08-25,167.3876953125
2022-08-26,161.0773468017578
2022-08-29,158.87216186523438
2022-08-30,156.44052124023438
2022-08-31,154.7768096923828
2022-09-01,155.5052947998047
2022-09-02,153.38868713378906
2022-09-06,152.12857055664062
2022-09-07,153.53636169433594
2022-09-08,152.0596466064453
2022-09-09,154.92446899414062
2022-09-12,160.89028930664062
2022-09-13,151.44931030273438
2022-09-14,152.89645385742188
2022-09-15,150.0021514892578
2022-09-16,148.35809326171875
2022-09-19,152.0793914794922
2022-09-20,154.46176147460938
2022-09-21,151.33116149902344
2022-09-22,150.36639404296875
2022-09-23,148.09228515625
2022-09-26,148.42701721191406
2022-09-27,149.40164184570312
2022-09-28,147.51144409179688
2022-09-29,140.265869140625
2022-09-30,136.05235290527344
2022-10-03,140.236328125
2022-10-04,143.82957458496094
2022-10-05,144.1249542236328
2022-10-06,143.1699981689453
2022-10-07,137.91297912597656
2022-10-10,138.23785400390625
2022-10-11,136.82020568847656
2022-10-12,136.19017028808594
2022-10-13,140.7678985595703
2022-10-14,136.2295684814453
2022-10-17,140.1969451904297
2022-10-18,141.51611328125
2022-10-19,141.6243896484375
2022-10-20,141.1616973876953
2022-10-21,144.98141479492188
2022-10-24,147.12753295898438
2022-10-25,149.97262573242188
2022-10-26,147.02908325195312
2022-10-27,142.54978942871094
2022-10-28,153.31976318359375
2022-10-31,150.95706176757812
2022-11-01,148.30886840820312
2022-11-02,142.77621459960938
2022-11-03,136.7218017578125
2022-11-04,136.45556640625
2022-11-07,136.98802185058594
2022-11-08,137.55996704101562
2022-11-09,132.99435424804688
2022-11-10,144.8274688720703
2022-11-11,147.61810302734375
2022-11-14,146.21786499023438
2022-11-15,147.953369140625
2022-11-16,146.72076416015625
2022-11-17,148.62391662597656
2022-11-18,149.1859893798828
2022-11-21,145.9516143798828
2022-11-22,148.0914306640625
2022-11-23,148.96908569335938
2022-11-25,146.05023193359375
2022-11-28,142.21432495117188
2022-11-29,139.20672607421875
2022-11-30,145.97134399414062
2022-12-01,146.2474365234375
2022-12-02,145.75440979003906
2022-12-05,144.5908203125
2022-12-06,140.9225616455078
2022-12-07,138.97994995117188
2022-12-08,140.66616821289062
2022-12-09,140.18296813964844
2022-12-12,142.48057556152344
2022-12-13,143.4469451904297
2022-12-14,141.21835327148438
2022-12-15,134.60166931152344
2022-12-16,132.6393585205078
2022-12-19,130.5291290283203
2022-12-20,130.4600830078125
2022-12-21,133.5662841796875
2022-12-22,130.39108276367188
2022-12-23,130.0261993408203
2022-12-27,128.22166442871094
2022-12-28,124.28716278076172
2022-12-29,127.80750274658203
2022-12-30,128.12303161621094
2023-01-03,123.33064270019531
2023-01-04,124.60270690917969
2023-01-05,123.28133392333984
2023-01-06,127.81737518310547
2023-01-09,128.33999633789062
2023-01-10,128.9119110107422
2023-01-11,131.633544921875
2023-01-12,131.55465698242188
2023-01-13,132.88589477539062
2023-01-17,134.04945373535156
2023-01-18,133.3296356201172
2023-01-19,133.38877868652344
2023-01-20,135.95260620117188
2023-01-23,139.1475830078125
2023-01-24,140.54782104492188
2023-01-25,139.88714599609375
2023-01-26,141.95794677734375
2023-01-27,143.90054321289062
2023-01-30,141.0113067626953
2023-01-31,142.28334045410156
2023-02-01,143.40750122070312
2023-02-02,148.7225341796875
2023-02-03,152.35133361816406
2023-02-06,149.619873046875
2023-02-07,152.49925231933594
2023-02-08,149.80726623535156
2023-02-09,148.77183532714844
2023-02-10,149.13726806640625
2023-02-13,151.9420623779297
2023-02-14,151.3000946044922
2023-02-15,153.40370178222656
2023-02-16,151.80380249023438
2023-02-17,150.65817260742188
2023-02-21,146.6386260986328
2023-02-22,147.06332397460938
2023-02-23,147.5472412109375
2023-02-24,144.8905792236328
2023-02-27,146.08558654785156
2023-02-28,145.5819091796875
2023-03-01,143.50794982910156
2023-03-02,144.10052490234375
2023-03-03,149.15699768066406
2023-03-06,151.9222869873047
2023-03-07,149.71994018554688
2023-03-08,150.97418212890625
2023-03-09,148.72247314453125
2023-03-10,146.6584014892578
2023-03-13,148.6039581298828
2023-03-14,150.69764709472656
2023-03-15,151.09268188476562
2023-03-16,153.917236328125
2023-03-17,153.07777404785156
2023-03-20,155.44802856445312
2023-03-21,157.3046875
2023-03-22,155.8726806640625
2023-03-23,156.9590301513672
2023-03-24,158.26266479492188
2023-03-27,156.31710815429688
2023-03-28,155.6949005126953
2023-03-29,158.77622985839844
2023-03-30,160.34649658203125
2023-03-31,162.85499572753906
2023-04-03,164.10926818847656
2023-04-04,163.57595825195312
2023-04-05,161.72915649414062
2023-04-06,162.61798095703125
2023-04-10,160.02056884765625
2023-04-11,158.80584716796875
2023-04-12,158.1145477294922
2023-04-13,163.5068359375
2023-04-14,163.16119384765625
2023-04-17,163.18092346191406
2023-04-18,164.405517578125
2023-04-19,165.55116271972656
2023-04-20,164.5832977294922
2023-04-21,162.9735107421875
2023-04-24,163.2796630859375
2023-04-25,161.73902893066406
2023-04-26,161.72915649414062
2023-04-27,166.32147216796875
2023-04-28,167.57569885253906
2023-05-01,167.4868621826172
2023-05-02,166.44985961914062
2023-05-03,165.37338256835938
2023-05-04,163.7339630126953
2023-05-05,171.41749572753906
2023-05-08,171.34835815429688
2023-05-09,169.63983154296875
2023-05-10,171.40762329101562
2023-05-11,171.59523010253906
2023-05-12,170.6656494140625
2023-05-15,170.171142578125
2023-05-16,170.171142578125
2023-05-17,170.78428649902344
2023-05-18,173.11825561523438
2023-05-19,173.22703552246094
2023-05-22,172.2776336669922
2023-05-23,169.666748046875
2023-05-24,169.94366455078125
2023-05-25,171.0810089111328
2023-05-26,173.49403381347656
2023-05-30,175.34341430664062
2023-05-31,175.29396057128906
2023-06-01,178.1026153564453
2023-06-02,178.953125
2023-06-05,177.59825134277344
2023-06-06,177.2323455810547
2023-06-07,175.85768127441406
2023-06-08,178.5773468017578
2023-06-09,178.96304321289062
2023-06-12,181.76181030273438
2023-06-13,181.28709411621094
2023-06-14,181.92002868652344
2023-06-15,183.95730590820312
2023-06-16,182.87933349609375
2023-06-20,182.9683380126953
2023-06-21,181.929931640625
2023-06-22,184.93638610839844
2023-06-23,184.61988830566406
2023-06-26,183.22547912597656
2023-06-27,185.9846954345703
2023-06-28,187.16156005859375
2023-06-29,187.497802734375
2023-06-30,191.8294677734375
2023-07-03,190.3361358642578
2023-07-05,189.21859741210938
2023-07-06,189.6933135986328
2023-07-07,188.5757598876953
2023-07-10,186.52857971191406
2023-07-11,186.0044708251953
2023-07-12,187.67581176757812
2023-07-13,188.43731689453125
2023-07-14,188.585693359375
2023-07-17,191.84925842285156
2023-07-18,191.59210205078125
2023-07-19,192.94699096679688
2023-07-20,190.9987335205078
2023-07-21,189.8218536376953
2023-07-24,190.62294006347656
2023-07-25,191.48333740234375
2023-07-26,192.35360717773438
2023-07-27,191.0877227783203
2023-07-28,193.6689453125
2023-07-31,194.2821044921875
2023-08-01,193.4513702392578
2023-08-02,190.45480346679688
2023-08-03,189.0603485107422
2023-08-04,179.98165893554688
2023-08-07,176.87632751464844
2023-08-08,177.81585693359375
2023-08-09,176.22361755371094
2023-08-10,176.00599670410156
2023-08-11,176.06544494628906
2023-08-14,177.7192840576172
2023-08-15,175.72872924804688
2023-08-16,174.8572998046875
2023-08-17,172.31222534179688
2023-08-18,172.79745483398438
2023-08-21,174.13436889648438
2023-08-22,175.51087951660156
2023-08-23,179.36314392089844
2023-08-24,174.66912841796875
2023-08-25,176.8774871826172
2023-08-28,178.4421844482422
2023-08-29,182.3340301513672
2023-08-30,185.82981872558594
2023-08-31,186.04766845703125
2023-09-01,187.6222381591797
2023-09-05,187.85992431640625
2023-09-06,181.13575744628906
2023-09-07,175.8376922607422
2023-09-08,176.45162963867188
2023-09-11,177.62022399902344
2023-09-12,174.5899200439453
2023-09-13,172.5201873779297
2023-09-14,174.0353240966797
2023-09-15,173.31240844726562
2023-09-18,176.2436981201172
2023-09-19,177.33302307128906
2023-09-20,173.7877655029297
2023-09-21,172.24288940429688
2023-09-22,173.0945587158203
2023-09-25,174.37205505371094
2023-09-26,170.29200744628906
2023-09-27,168.77682495117188
2023-09-28,169.0343475341797
2023-09-29,169.54928588867188
2023-10-02,172.06460571289062
2023-10-03,170.72772216796875
2023-10-04,171.97552490234375
2023-10-05,173.21337890625
2023-10-06,175.7683563232422
2023-10-09,177.25379943847656
2023-10-10,176.65965270996094
2023-10-11,178.0559539794922
2023-10-12,178.95713806152344
2023-10-13,177.11517333984375
2023-10-16,176.98641967773438
2023-10-17,175.43165588378906
2023-10-18,174.13436889648438
2023-10-19,173.758056640625
2023-10-20,171.20309448242188
2023-10-23,171.3218994140625
2023-10-24,171.7576446533203
2023-10-25,169.44033813476562
2023-10-26,165.27117919921875
2023-10-27,166.58828735351562
2023-10-30,168.63818359375
2023-10-31,169.11355590820312
2023-11-01,172.2825164794922
2023-11-02,175.8475799560547
2023-11-03,174.93649291992188
2023-11-06,177.49148559570312
2023-11-07,180.05636596679688
2023-11-08,181.11599731445312
2023-11-09,180.640625
2023-11-10,184.8351287841797
2023-11-13,183.2485809326172
2023-11-14,185.86639404296875
2023-11-15,186.4315948486328
2023-11-16,188.11734008789062
2023-11-17,188.09750366210938
2023-11-20,189.8427276611328
2023-11-21,189.03953552246094
2023-11-22,189.7039031982422
2023-11-24,188.37515258789062
2023-11-27,188.19664001464844
2023-11-28,188.801513671875
2023-11-29,187.78016662597656
2023-11-30,188.35531616210938
2023-12-01,189.63449096679688
2023-12-04,187.8396759033203
2023-12-05,191.79620361328125
2023-12-06,190.7054443359375
2023-12-07,192.6390838623047
2023-12-08,194.0669403076172
2023-12-11,191.55819702148438
2023-12-12,193.0753631591797
2023-12-13,196.29806518554688
2023-12-14,196.4468231201172
2023-12-15,195.91134643554688
2023-12-18,194.2454376220703
2023-12-19,195.28663635253906
2023-12-20,193.19435119628906
2023-12-21,193.04559326171875
2023-12-22,191.9746856689453
2023-12-26,191.4293212890625
2023-12-27,191.5284423828125
2023-12-28,191.95484924316406
2023-12-29,190.91366577148438
2024-01-02,184.0814971923828
2024-01-03,182.7032012939453
2024-01-04,180.38282775878906
2024-01-05,179.658935546875
2024-01-08,184.00216674804688
2024-01-09,183.585693359375
2024-01-10,184.62689208984375
2024-01-11,184.03192138671875
2024-01-12,184.359130859375
2024-01-16,182.08837890625
2024-01-17,181.1463623046875
2024-01-18,187.04641723632812
2024-01-19,189.95181274414062
2024-01-22,192.26223754882812
2024-01-23,193.54139709472656
2024-01-24,192.8671112060547
2024-01-25,192.53988647460938
2024-01-26,190.8045654296875
2024-01-29,190.12037658691406
2024-01-30,186.46133422851562
2024-01-31,182.85191345214844
2024-02-01,185.291259765625
2024-02-02,184.28973388671875
2024-02-05,186.10435485839844
2024-02-06,187.7107696533203
2024-02-07,187.8198699951172
2024-02-08,186.739013671875
2024-02-09,187.50350952148438
2024-02-12,185.8156280517578
2024-02-13,183.72068786621094
2024-02-14,182.83702087402344
2024-02-15,182.54908752441406
2024-02-16,181.01014709472656
2024-02-20,180.2654571533203
2024-02-21,181.02008056640625
2024-02-22,183.05543518066406
2024-02-23,181.2186279296875
2024-02-26,179.86834716796875
2024-02-27,181.32786560058594
2024-02-28,180.12649536132812
2024-02-29,179.46128845214844
2024-03-01,178.37904357910156
2024-03-04,173.85154724121094
2024-03-05,168.90704345703125
2024-03-06,167.9141845703125
2024-03-07,167.7950439453125
2024-03-08,169.5126953125
2024-03-11,171.518310546875
2024-03-12,171.99485778808594
2024-03-13,169.90985107421875
2024-03-14,171.7665252685547
2024-03-15,171.3892059326172
2024-03-18,172.4813690185547
2024-03-19,174.82455444335938
2024-03-20,177.39610290527344
2024-03-21,170.1481475830078
2024-03-22,171.05165100097656
2024-03-25,169.6318359375
2024-03-26,168.49996948242188
2024-03-27,172.0742950439453
2024-03-28,170.25735473632812
2024-04-01,168.8177032470703
2024-04-02,167.63619995117188
2024-04-03,168.44039916992188
2024-04-04,167.61631774902344
2024-04-05,168.37091064453125
2024-04-08,167.24896240234375
2024-04-09,168.46026611328125
2024-04-10,166.583740234375
2024-04-11,173.79197692871094
2024-04-12,175.2912139892578
2024-04-15,171.45872497558594
2024-04-16,168.17233276367188
2024-04-17,166.8021697998047
2024-04-18,165.84901428222656
2024-04-19,163.8235626220703
2024-04-22,164.65757751464844
2024-04-23,165.70999145507812
2024-04-24,167.8148956298828
2024-04-25,168.67869567871094
2024-04-26,168.0928955078125
2024-04-29,172.26295471191406
2024-04-30,169.1155548095703
2024-05-01,168.0928955078125
2024-05-02,171.7963104248047
2024-05-03,182.07252502441406
2024-05-06,180.4144287109375
2024-05-07,181.0994873046875
2024-05-08,181.43707275390625
2024-05-09,183.25404357910156
2024-05-10,181.99136352539062
2024-05-13,185.2026824951172
2024-05-14,186.34603881835938
2024-05-15,188.622802734375
2024-05-16,188.74209594726562
2024-05-17,188.77194213867188
2024-05-20,189.93516540527344
2024-05-21,191.2375946044922
2024-05-22,189.79595947265625
2024-05-23,185.79922485351562
2024-05-24,188.8813018798828
2024-05-28,188.8912353515625
2024-05-29,189.18951416015625
2024-05-30,190.18373107910156
2024-05-31,191.13816833496094
2024-06-03,192.90786743164062
2024-06-04,193.2260284423828
2024-06-05,194.7372283935547
2024-06-06,193.3552703857422
2024-06-07,195.7513427734375
2024-06-10,192.0031280517578
2024-06-11,205.9519805908203
2024-06-12,211.8377685546875
2024-06-13,213.00100708007812
2024-06-14,211.26112365722656
2024-06-17,215.4169464111328
2024-06-18,213.05068969726562
2024-06-20,208.46734619140625
2024-06-21,206.29005432128906
2024-06-24,206.936279296875
2024-06-25,207.86090087890625
2024-06-26,212.0167236328125
2024-06-27,212.86181640625
2024-06-28,209.40191650390625
2024-07-01,215.49647521972656
2024-07-02,218.99612426757812
2024-07-03,220.2687225341797
2024-07-05,225.031005859375
2024-07-08,226.50247192382812
2024-07-09,227.35748291015625
2024-07-10,231.6326141357422
2024-07-11,226.25393676757812
2024-07-12,229.2067108154297
2024-07-15,233.04440307617188
2024-07-16,233.46197509765625
2024-07-17,227.55633544921875
2024-07-18,222.8834991455078
2024-07-19,223.01275634765625
2024-07-22,222.664794921875
2024-07-23,223.70870971679688
2024-07-24,217.276123046875
2024-07-25,216.23220825195312
2024-07-26,216.69947814941406
2024-07-29,216.97787475585938
2024-07-30,217.53460693359375
2024-07-31,220.795654296875
2024-08-01,217.09716796875
2024-08-02,218.5885009765625
2024-08-05,208.0597381591797
2024-08-06,206.03152465820312
2024-08-07,208.60655212402344
2024-08-08,212.0763702392578
2024-08-09,214.98944091796875
2024-08-12,216.52230834960938
2024-08-13,220.24497985839844
2024-08-14,220.69288635253906
2024-08-15,223.67898559570312
2024-08-16,225.00283813476562
2024-08-19,224.8435821533203
2024-08-20,225.460693359375
2024-08-21,225.35121154785156
2024-08-22,223.4898681640625
2024-08-23,225.78915405273438
2024-08-26,226.12759399414062
2024-08-27,226.97364807128906
2024-08-28,225.44078063964844
2024-08-29,228.72549438476562
2024-08-30,227.93917846679688
2024-09-03,221.73802185058594
2024-09-04,219.82693481445312
2024-09-05,221.34983825683594
2024-09-06,219.79705810546875
2024-09-09,219.8866424560547
2024-09-10,219.09034729003906
2024-09-11,221.6285400390625
2024-09-12,221.73802185058594
2024-09-13,221.4692840576172
2024-09-16,215.3179168701172
2024-09-17,215.7857208251953
2024-09-18,219.66766357421875
2024-09-19,227.80975341796875
2024-09-20,227.1428680419922
2024-09-23,225.4208984375
2024-09-24,226.31671142578125
2024-09-25,225.3213348388672
2024-09-26,226.4660186767578
2024-09-27,226.73477172851562
2024-09-30,231.92063903808594
2024-10-01,225.16209411621094
2024-10-02,225.7294464111328
2024-10-03,224.62457275390625
2024-10-04,225.74935913085938
2024-10-07,220.6630401611328
2024-10-08,224.72413635253906
2024-10-09,228.47666931152344
2024-10-10,227.97898864746094
2024-10-11,226.49588012695312
2024-10-14,230.228515625
2024-10-15,232.76669311523438
2024-10-16,230.70628356933594
2024-10-17,231.07456970214844
2024-10-18,233.91136169433594
2024-10-21,235.384521484375
2024-10-22,234.76739501953125
2024-10-23,229.69100952148438
2024-10-24,229.50189208984375
2024-10-25,230.33799743652344
2024-10-28,232.31878662109375
2024-10-29,232.58753967285156
2024-10-30,229.03407287597656
2024-10-31,224.8634796142578
2024-11-01,221.8773651123047
2024-11-04,220.98153686523438
2024-11-05,222.4148712158203
2024-11-06,221.68824768066406
2024-11-07,226.4261932373047
2024-11-08,226.15716552734375
2024-11-11,223.4368133544922
2024-11-12,223.4368133544922
2024-11-13,224.3236541748047
2024-11-14,227.41270446777344
2024-11-15,224.20408630371094
2024-11-18,227.21339416503906
2024-11-19,227.4724884033203
2024-11-20,228.18994140625
2024-11-21,227.71163940429688
2024-11-22,229.05685424804688
2024-11-25,232.04624938964844
2024-11-26,234.22850036621094
2024-11-27,234.0989532470703
2024-11-29,236.49046325683594
2024-12-02,238.7424774169922
2024-12-03,241.79165649414062
2024-12-04,242.150390625
2024-12-05,242.18026733398438
2024-12-06,241.98097229003906
2024-12-09,245.8771514892578
2024-12-10,246.8935546875
2024-12-11,245.6180877685547
2024-12-12,247.0828857421875
2024-12-13,247.2522735595703
2024-12-16,250.1519775390625
2024-12-17,252.58334350585938
2024-12-18,247.1725616455078
2024-12-19,248.90640258789062
2024-12-20,253.5897979736328
2024-12-23,254.36703491210938
2024-12-24,257.28668212890625
2024-12-26,258.1037292480469
2024-12-27,254.68588256835938
2024-12-30,251.307861328125
2024-12-31,249.53416442871094
2025-01-02,242.9874267578125
2025-01-03,242.49916076660156
2025-01-06,244.1333465576172
2025-01-07,241.3532257080078
2025-01-08,241.8414764404297
2025-01-10,236.01219177246094
2025-01-13,233.5708465576172
2025-01-14,232.45480346679688
2025-01-15,237.02854919433594
2025-01-16,227.4525604248047
2025-01-17,229.16647338867188
2025-01-21,221.85243225097656
2025-01-22,223.03823852539062
2025-01-23,222.8688507080078
2025-01-24,221.991943359375
2025-01-27,229.04690551757812
2025-01-28,237.4171905517578
2025-01-29,238.51329040527344
2025-01-30,236.74954223632812
2025-01-31,235.16519165039062
2025-02-03,227.20343017578125
2025-02-04,231.97650146484375
2025-02-05,231.64768981933594
2025-02-06,232.39501953125
2025-02-07,226.8247833251953
2025-02-10,227.0941162109375
2025-02-11,232.052001953125
2025-02-12,236.29161071777344
2025-02-13,240.94024658203125
2025-02-14,244.00274658203125
2025-02-18,243.87306213378906
2025-02-19,244.27207946777344
2025-02-20,245.229736328125
2025-02-21,244.95042419433594
2025-02-24,246.49664306640625
2025-02-25,246.43678283691406
2025-02-26,239.77308654785156
2025-02-27,236.72056579589844
2025-02-28,241.24948120117188
2025-03-03,237.4487762451172
2025-03-04,235.35391235351562
2025-03-05,235.1643829345703
2025-03-06,234.75538635253906
2025-03-07,238.4862518310547
2025-03-10,226.92454528808594
2025-03-11,220.30076599121094
2025-03-12,216.45018005371094
2025-03-13,209.1680145263672
2025-03-14,212.96871948242188
2025-03-17,213.4774627685547
2025-03-18,212.170654296875
2025-03-19,214.7144317626953
2025-03-20,213.5772247314453
2025-03-21,217.73703002929688
2025-03-24,220.19102478027344
2025-03-25,223.2036590576172
2025-03-26,220.9890594482422
2025-03-27,223.30340576171875
2025-03-28,217.36793518066406
2025-03-31,221.58761596679688
2025-04-01,222.64501953125
2025-04-02,223.3433074951172
2025-04-03,202.69386291503906
2025-04-04,187.92002868652344
2025-04-07,181.0169219970703
2025-04-08,171.99899291992188
2025-04-09,198.3644561767578
2025-04-10,189.95504760742188
2025-04-11,197.66615295410156
2025-04-14,202.02549743652344
2025-04-15,201.64642333984375
2025-04-16,193.79563903808594
2025-04-17,196.4990234375
2025-04-21,192.68833923339844
2025-04-22,199.25228881835938
2025-04-23,204.10043334960938
2025-04-24,207.8612060546875
2025-04-25,208.76898193359375
2025-04-28,209.62689208984375
2025-04-29,210.69427490234375
2025-04-30,211.9811248779297
2025-05-01,212.79913330078125
2025-05-02,204.8485870361328
2025-05-05,198.40435791015625
2025-05-06,198.0252685546875
2025-05-07,195.7707977294922
2025-05-08,197.00778198242188
2025-05-09,198.0452423095703
2025-05-12,210.55104064941406
2025-05-13,212.68861389160156
2025-05-14,212.08929443359375
2025-05-15,211.21029663085938
2025-05-16,211.0205078125
2025-05-19,208.54331970214844
2025-05-20,206.62550354003906
2025-05-21,201.86090087890625
2025-05-22,201.13172912597656
2025-05-23,195.04864501953125
2025-05-27,199.98304748535156
2025-05-28,200.1927947998047
2025-05-29,199.72332763671875
2025-05-30,200.622314453125
2025-06-02,201.47134399414062
2025-06-03,203.03956604003906
2025-06-04,202.590087890625
2025-06-05,200.40257263183594
2025-06-06,203.68882751464844
2025-06-09,201.2216339111328
2025-06-10,202.44024658203125
2025-06-11,198.55465698242188
2025-06-12,198.97418212890625
2025-06-13,196.227294921875
2025-06-16,198.195068359375
2025-06-17,195.418212890625
2025-06-18,196.35714721679688
2025-06-20,200.7721405029297
2025-06-23,201.27157592773438
2025-06-24,200.07293701171875
2025-06-25,201.33151245117188
2025-06-26,200.7721405029297
2025-06-27,200.85205078125
2025-06-30,204.93740844726562
2025-07-01,207.58441162109375
2025-07-02,212.1991729736328
2025-07-03,213.30792236328125
2025-07-07,209.7119903564453
2025-07-08,209.7719268798828
2025-07-09,210.90065002441406
2025-07-10,212.16920471191406
2025-07-11,210.92062377929688
2025-07-14,208.3834991455078
2025-07-15,208.87295532226562
2025-07-16,209.92176818847656
2025-07-17,209.78192138671875
2025-07-18,210.9405975341797
2025-07-21,212.23912048339844
2025-07-22,214.15695190429688
2025-07-23,213.9072265625
2025-07-24,213.51766967773438
2025-07-25,213.63754272460938
2025-07-28,213.80735778808594
2025-07-29,211.03050231933594
2025-07-30,208.81301879882812
2025-07-31,207.33470153808594
2025-08-01,202.1505889892578
2025-08-04,203.11949157714844
2025-08-05,202.68995666503906
2025-08-06,213.0082550048828
2025-08-07,219.7805633544922
2025-08-08,229.0900115966797
2025-08-11,227.17999267578125
2025-08-12,229.64999389648438
2025-08-13,233.3300018310547
2025-08-14,232.77999877929688
2025-08-15,231.58999633789062
2025-08-18,230.88999938964844
2025-08-19,230.55999755859375
2025-08-20,226.00999450683594
2025-08-21,224.89999389648438
2025-08-22,227.75999450683594
2025-08-25,227.16000366210938
2025-08-26,229.30999755859375
2025-08-27,230.49000549316406
2025-08-28,232.55999755859375
2025-08-29,232.13999938964844
2025-09-02,229.72000122070312
2025-09-03,238.47000122070312
2025-09-04,239.77999877929688
2025-09-05,239.69000244140625
2025-09-08,237.8800048828125
2025-09-09,234.35000610351562
2025-09-10,226.7899932861328
2025-09-11,230.02999877929688
2025-09-12,234.07000732421875
2025-09-15,236.6999969482422
2025-09-16,238.14999389648438
2025-09-17,238.99000549316406
2025-09-18,237.8800048828125
2025-09-19,245.5
2025-09-22,256.0799865722656
2025-09-23,254.42999267578125
2025-09-24,252.30999755859375
2025-09-25,256.8699951171875
2025-09-26,255.4600067138672
2025-09-29,254.42999267578125
2025-09-30,254.6300048828125
2025-10-01,255.4499969482422
2025-10-02,257.1300048828125
2025-10-03,258.0199890136719
2025-10-06,256.69000244140625
2025-10-07,256.4800109863281
2025-10-08,258.05999755859375
2025-10-09,254.0399932861328
2025-10-10,245.27000427246094
2025-10-13,247.66000366210938
2025-10-14,247.77000427246094
2025-10-15,249.33999633789062
2025-10-16,247.4499969482422
2025-10-17,252.2899932861328
2025-10-20,262.239990234375
2025-10-21,262.7699890136719
2025-10-22,258.45001220703125
2025-10-23,259.5799865722656
2025-10-24,262.82000732421875
2025-10-27,268.80999755859375
2025-10-28,269.0
2025-10-29,270.2550048828125
