date,ABT
2020-01-02,78.20802307128906
2020-01-03,77.25460052490234
2020-01-06,77.65937042236328
2020-01-07,77.22764587402344
2020-01-08,77.54244232177734
2020-01-09,77.74931335449219
2020-01-10,76.77790069580078
2020-01-13,76.56204223632812
2020-01-14,77.44723510742188
2020-01-15,78.92862701416016
2020-01-16,79.74156951904297
2020-01-17,80.39192199707031
2020-01-21,81.05133056640625
2020-01-22,82.97531127929688
2020-01-23,81.95462036132812
2020-01-24,81.65653228759766
2020-01-27,80.92486572265625
2020-01-28,80.87973022460938
2020-01-29,80.51839447021484
2020-01-30,80.53645324707031
2020-01-31,78.71184539794922
2020-02-03,78.63956451416016
2020-02-04,79.69641876220703
2020-02-05,80.89778137207031
2020-02-06,80.81648254394531
2020-02-07,79.37123107910156
2020-02-10,79.7596435546875
2020-02-11,80.54549407958984
2020-02-12,80.2022476196289
2020-02-13,80.10289001464844
2020-02-14,80.98811340332031
2020-02-18,80.28355407714844
2020-02-19,80.71711730957031
2020-02-20,79.90415954589844
2020-02-21,78.99183654785156
2020-02-24,76.44458770751953
2020-02-25,73.28314208984375
2020-02-26,73.49090576171875
2020-02-27,71.53076171875
2020-02-28,69.57968139648438
2020-03-02,73.71668243408203
2020-03-03,70.44683074951172
2020-03-04,74.1502685546875
2020-03-05,72.73211669921875
2020-03-06,73.83409881591797
2020-03-09,69.57064056396484
2020-03-10,73.05728149414062
2020-03-11,70.53713989257812
2020-03-12,67.51114654541016
2020-03-13,73.75282287597656
2020-03-16,66.53562927246094
2020-03-17,71.8017349243164
2020-03-18,71.593994140625
2020-03-19,67.29438018798828
2020-03-20,61.42304229736328
2020-03-23,56.74405288696289
2020-03-24,62.949607849121094
2020-03-25,63.90706253051758
2020-03-26,68.47764587402344
2020-03-27,67.34857940673828
2020-03-30,71.66625213623047
2020-03-31,71.27783966064453
2020-04-01,69.16417694091797
2020-04-02,71.7565689086914
2020-04-03,71.76559448242188
2020-04-06,74.7283706665039
2020-04-07,74.0057373046875
2020-04-08,76.733642578125
2020-04-09,77.7182388305664
2020-04-13,77.54659271240234
2020-04-14,80.85746002197266
2020-04-15,82.4902114868164
2020-04-16,87.08003997802734
2020-04-17,87.08912658691406
2020-04-20,88.89421844482422
2020-04-21,85.31126403808594
2020-04-22,86.60836029052734
2020-04-23,85.21145629882812
2020-04-24,85.32032775878906
2020-04-27,86.12759399414062
2020-04-28,82.96188354492188
2020-04-29,83.70572662353516
2020-04-30,83.5333480834961
2020-05-01,81.50150299072266
2020-05-04,81.48335266113281
2020-05-05,84.38602447509766
2020-05-06,82.61720275878906
2020-05-07,85.25680541992188
2020-05-08,84.9937515258789
2020-05-11,87.14356231689453
2020-05-12,85.08446502685547
2020-05-13,83.59686279296875
2020-05-14,83.25216674804688
2020-05-15,81.53777313232422
2020-05-18,81.88245391845703
2020-05-19,80.02294921875
2020-05-20,81.71917724609375
2020-05-21,81.99131774902344
2020-05-22,82.97098541259766
2020-05-26,81.16586303710938
2020-05-27,82.32691955566406
2020-05-28,83.54241180419922
2020-05-29,86.10041046142578
2020-06-01,84.36786651611328
2020-06-02,84.01412200927734
2020-06-03,82.90746307373047
2020-06-04,80.0501480102539
2020-06-05,81.51055908203125
2020-06-08,83.95967864990234
2020-06-09,81.88245391845703
2020-06-10,83.59686279296875
2020-06-11,79.62383270263672
2020-06-12,80.74860382080078
2020-06-15,81.2293701171875
2020-06-16,81.40171813964844
2020-06-17,82.45392608642578
2020-06-18,81.89152526855469
2020-06-19,82.2543716430664
2020-06-22,81.94596099853516
2020-06-23,82.81674194335938
2020-06-24,79.18842315673828
2020-06-25,81.2928695678711
2020-06-26,80.46742248535156
2020-06-29,80.73954010009766
2020-06-30,82.93467712402344
2020-07-01,83.12516021728516
2020-07-02,83.66035461425781
2020-07-06,84.33160400390625
2020-07-07,83.86897277832031
2020-07-08,83.97782897949219
2020-07-09,84.966552734375
2020-07-10,84.39507293701172
2020-07-13,84.44044494628906
2020-07-14,86.34359741210938
2020-07-15,88.08287811279297
2020-07-16,87.7823486328125
2020-07-17,90.37760162353516
2020-07-20,90.22277069091797
2020-07-21,89.41234588623047
2020-07-22,91.23355102539062
2020-07-23,91.80723571777344
2020-07-24,90.1043930053711
2020-07-27,91.05142974853516
2020-07-28,90.93304443359375
2020-07-29,93.35526275634766
2020-07-30,92.45376586914062
2020-07-31,91.64334106445312
2020-08-03,91.67975616455078
2020-08-04,90.99678039550781
2020-08-05,93.00923156738281
2020-08-06,92.65408325195312
2020-08-07,92.18058013916016
2020-08-10,91.09696960449219
2020-08-11,90.20457458496094
2020-08-12,91.65242004394531
2020-08-13,92.06220245361328
2020-08-14,91.05142974853516
2020-08-17,91.70706176757812
2020-08-18,91.93473052978516
2020-08-19,91.49763488769531
2020-08-20,92.54483795166016
2020-08-21,93.24600219726562
2020-08-24,92.3262939453125
2020-08-25,93.30973815917969
2020-08-26,93.96537017822266
2020-08-27,101.34127807617188
2020-08-28,100.88597869873047
2020-08-31,99.68397521972656
2020-09-01,97.02499389648438
2020-09-02,99.65665435791016
2020-09-03,96.09616088867188
2020-09-04,94.84866333007812
2020-09-08,93.64665222167969
2020-09-09,96.35115051269531
2020-09-10,94.70295715332031
2020-09-11,95.34037780761719
2020-09-14,96.24188232421875
2020-09-15,97.05231475830078
2020-09-16,96.25098419189453
2020-09-17,97.12519073486328
2020-09-18,97.30729675292969
2020-09-21,96.4786376953125
2020-09-22,95.43144989013672
2020-09-23,93.54649353027344
2020-09-24,91.8982925415039
2020-09-25,94.20211791992188
2020-09-28,95.10363006591797
2020-09-29,95.78657531738281
2020-09-30,99.10118865966797
2020-10-01,98.92816162109375
2020-10-02,96.9794692993164
2020-10-05,98.85531616210938
2020-10-06,96.7518310546875
2020-10-07,98.10862731933594
2020-10-08,98.83709716796875
2020-10-09,99.84789276123047
2020-10-12,101.12273406982422
2020-10-13,98.68231964111328
2020-10-14,98.44477081298828
2020-10-15,98.0518798828125
2020-10-16,100.19895935058594
2020-10-19,98.70970916748047
2020-10-20,99.00208282470703
2020-10-21,96.78192901611328
2020-10-22,100.0253677368164
2020-10-23,98.48130798339844
2020-10-26,99.58679962158203
2020-10-27,99.20307922363281
2020-10-28,97.22962188720703
2020-10-29,95.93226623535156
2020-10-30,96.03276824951172
2020-11-02,98.19806671142578
2020-11-03,100.09845733642578
2020-11-04,101.89830780029297
2020-11-05,103.7256088256836
2020-11-06,104.53874969482422
2020-11-09,99.94314575195312
2020-11-10,101.24047088623047
2020-11-11,102.92160034179688
2020-11-12,102.28205871582031
2020-11-13,102.87591552734375
2020-11-16,103.85350799560547
2020-11-17,103.29617309570312
2020-11-18,100.2903060913086
2020-11-19,101.41409301757812
2020-11-20,101.3135986328125
2020-11-23,99.83348846435547
2020-11-24,98.31684875488281
2020-11-25,97.22046661376953
2020-11-27,98.32598114013672
2020-11-30,98.87416076660156
2020-12-01,99.120849609375
2020-12-02,98.81021118164062
2020-12-03,98.2437515258789
2020-12-04,98.581787109375
2020-12-07,97.9239730834961
2020-12-08,97.5768051147461
2020-12-09,97.13826751708984
2020-12-10,97.32097625732422
2020-12-11,97.77779388427734
2020-12-14,97.56766510009766
2020-12-15,98.1706771850586
2020-12-16,98.0701675415039
2020-12-17,99.38579559326172
2020-12-18,99.55939483642578
2020-12-21,98.75538635253906
2020-12-22,98.92900848388672
2020-12-23,98.1706771850586
2020-12-24,98.99293518066406
2020-12-28,98.48130798339844
2020-12-29,98.97468566894531
2020-12-30,99.07515716552734
2020-12-31,100.03449249267578
2021-01-04,99.68731689453125
2021-01-05,100.92070770263672
2021-01-06,100.71060180664062
2021-01-07,101.68817138671875
2021-01-08,101.97142028808594
2021-01-11,101.26790618896484
2021-01-12,99.44062805175781
2021-01-13,102.46478271484375
2021-01-14,100.94200897216797
2021-01-15,102.09784698486328
2021-01-19,103.26283264160156
2021-01-20,103.55638122558594
2021-01-21,103.6114273071289
2021-01-22,103.51051330566406
2021-01-25,105.2350845336914
2021-01-26,105.24427032470703
2021-01-27,104.84063720703125
2021-01-28,110.43629455566406
2021-01-29,113.37171173095703
2021-02-01,112.40853881835938
2021-02-02,110.29869842529297
2021-02-03,110.28034210205078
2021-02-04,109.84004211425781
2021-02-05,113.77534484863281
2021-02-08,114.20647430419922
2021-02-09,114.80274200439453
2021-02-10,114.9311752319336
2021-02-11,116.3530044555664
2021-02-12,117.62808990478516
2021-02-16,117.43544006347656
2021-02-17,116.71994018554688
2021-02-18,115.04125213623047
2021-02-19,112.86720275878906
2021-02-22,112.4177017211914
2021-02-23,110.8124008178711
2021-02-24,112.26174926757812
2021-02-25,111.52790832519531
2021-02-26,109.87673950195312
2021-03-01,112.10582733154297
2021-03-02,112.39936828613281
2021-03-03,109.32634735107422
2021-03-04,106.41844177246094
2021-03-05,107.55589294433594
2021-03-08,106.0698471069336
2021-03-09,107.05137634277344
2021-03-10,106.29917907714844
2021-03-11,107.80358123779297
2021-03-12,107.060546875
2021-03-15,108.33563232421875
2021-03-16,108.44570922851562
2021-03-17,107.89532470703125
2021-03-18,108.34480285644531
2021-03-19,110.30784606933594
2021-03-22,111.42700958251953
2021-03-23,110.52803039550781
2021-03-24,108.26224517822266
2021-03-25,109.20709991455078
2021-03-26,111.9773941040039
2021-03-29,112.12416076660156
2021-03-30,109.84922790527344
2021-03-31,109.9317626953125
2021-04-01,109.1061782836914
2021-04-05,109.95011138916016
2021-04-06,110.05101776123047
2021-04-07,110.17945098876953
2021-04-08,109.87673950195312
2021-04-09,110.90413665771484
2021-04-12,111.03253936767578
2021-04-13,112.83967590332031
2021-04-14,111.8637466430664
2021-04-15,114.11023712158203
2021-04-16,114.4876937866211
2021-04-19,114.65343475341797
2021-04-20,110.48271179199219
2021-04-21,112.87651824951172
2021-04-22,113.70513153076172
2021-04-23,113.53018951416016
2021-04-26,112.85811614990234
2021-04-27,112.0478744506836
2021-04-28,111.81771087646484
2021-04-29,111.4126205444336
2021-04-30,110.55635833740234
2021-05-03,110.04998016357422
2021-05-04,108.21783447265625
2021-05-05,109.11089324951172
2021-05-06,109.36868286132812
2021-05-07,109.51598358154297
2021-05-10,109.50676727294922
2021-05-11,109.00041961669922
2021-05-12,107.12220001220703
2021-05-13,108.13496398925781
2021-05-14,108.92675018310547
2021-05-17,107.48126220703125
2021-05-18,107.70223236083984
2021-05-19,107.14981842041016
2021-05-20,108.45719909667969
2021-05-21,107.84033203125
2021-05-24,107.9876480102539
2021-05-25,109.00961303710938
2021-05-26,107.490478515625
2021-05-27,106.5145492553711
2021-05-28,107.39839935302734
2021-06-01,97.39971923828125
2021-06-02,98.42168426513672
2021-06-03,100.53926849365234
2021-06-04,100.62214660644531
2021-06-07,101.27581787109375
2021-06-08,99.34235382080078
2021-06-09,100.40116882324219
2021-06-10,101.41390991210938
2021-06-11,101.19295501708984
2021-06-14,101.71776580810547
2021-06-15,101.65331268310547
2021-06-16,101.33104705810547
2021-06-17,102.77654266357422
2021-06-18,101.57964324951172
2021-06-21,102.60162353515625
2021-06-22,102.15967559814453
2021-06-23,102.04920196533203
2021-06-24,102.84099578857422
2021-06-25,103.78009796142578
2021-06-28,106.52373504638672
2021-06-29,107.91399383544922
2021-06-30,106.7354965209961
2021-07-01,107.86795043945312
2021-07-02,108.67816925048828
2021-07-06,109.39629364013672
2021-07-07,110.36302947998047
2021-07-08,109.8014144897461
2021-07-09,110.24333190917969
2021-07-12,109.38706970214844
2021-07-13,109.23979949951172
2021-07-14,108.28784942626953
2021-07-15,107.81652069091797
2021-07-16,108.60208892822266
2021-07-19,109.78506469726562
2021-07-20,109.72958374023438
2021-07-21,109.9606704711914
2021-07-22,109.28598022460938
2021-07-23,111.64269256591797
2021-07-26,110.45970916748047
2021-07-27,110.72770690917969
2021-07-28,111.38390350341797
2021-07-29,111.91070556640625
2021-07-30,111.80902862548828
2021-08-02,111.75357818603516
2021-08-03,112.86262512207031
2021-08-04,112.35431671142578
2021-08-05,112.94580078125
2021-08-06,112.90882873535156
2021-08-09,113.82378387451172
2021-08-10,113.3986587524414
2021-08-11,112.25265502929688
2021-08-12,113.50032043457031
2021-08-13,113.73137664794922
2021-08-16,115.21007537841797
2021-08-17,116.16199493408203
2021-08-18,114.53540802001953
2021-08-19,116.1897201538086
2021-08-20,116.74424743652344
2021-08-23,116.3006362915039
2021-08-24,115.98639678955078
2021-08-25,115.28401947021484
2021-08-26,115.95868682861328
2021-08-27,115.14537811279297
2021-08-30,116.3930435180664
2021-08-31,116.79044342041016
2021-09-01,117.74237060546875
2021-09-02,118.749755859375
2021-09-03,119.16563415527344
2021-09-07,118.65731048583984
2021-09-08,119.27654266357422
2021-09-09,118.27840423583984
2021-09-10,119.03623962402344
2021-09-13,117.02149200439453
2021-09-14,117.41888427734375
2021-09-15,117.82554626464844
2021-09-16,117.77932739257812
2021-09-17,117.17859649658203
2021-09-20,115.4041519165039
2021-09-21,115.6444320678711
2021-09-22,115.20083618164062
2021-09-23,115.80157470703125
2021-09-24,114.94207000732422
2021-09-27,111.43937683105469
2021-09-28,109.73883819580078
2021-09-29,110.4042739868164
2021-09-30,109.17506408691406
2021-10-01,108.3248291015625
2021-10-04,106.77217864990234
2021-10-05,107.09564971923828
2021-10-06,107.65940856933594
2021-10-07,108.97177124023438
2021-10-08,109.41539001464844
2021-10-11,108.01982879638672
2021-10-12,108.42647552490234
2021-10-13,108.13074493408203
2021-10-14,109.07707214355469
2021-10-15,109.00283813476562
2021-10-18,108.38123321533203
2021-10-19,110.71919250488281
2021-10-20,114.40242004394531
2021-10-21,116.01675415039062
2021-10-22,117.56608581542969
2021-10-25,117.43620300292969
2021-10-26,118.87425994873047
2021-10-27,118.48457336425781
2021-10-28,118.48457336425781
2021-10-29,119.57933044433594
2021-11-01,119.625732421875
2021-11-02,118.48457336425781
2021-11-03,119.40304565429688
2021-11-04,119.764892578125
2021-11-05,115.38584899902344
2021-11-08,117.64031982421875
2021-11-09,117.29704284667969
2021-11-10,118.58663940429688
2021-11-11,118.05780792236328
2021-11-12,119.1711196899414
2021-11-15,120.089599609375
2021-11-16,121.43486785888672
2021-11-17,119.32884979248047
2021-11-18,118.41963958740234
2021-11-19,117.67742919921875
2021-11-22,116.21156311035156
2021-11-23,115.4879150390625
2021-11-24,116.03527069091797
2021-11-26,116.7867660522461
2021-11-29,118.7814712524414
2021-11-30,116.6847152709961
2021-12-01,117.58465576171875
2021-12-02,119.1061782836914
2021-12-03,120.8596420288086
2021-12-06,122.90071868896484
2021-12-07,122.8543472290039
2021-12-08,122.8079605102539
2021-12-09,122.95638275146484
2021-12-10,124.6634750366211
2021-12-13,126.13862609863281
2021-12-14,123.33678436279297
2021-12-15,125.76750946044922
2021-12-16,126.25919342041016
2021-12-17,127.2055435180664
2021-12-20,125.22944641113281
2021-12-21,125.49848175048828
2021-12-22,128.94973754882812
2021-12-23,129.10745239257812
2021-12-27,131.2413330078125
2021-12-28,130.32284545898438
2021-12-29,130.99082946777344
2021-12-30,130.8145294189453
2021-12-31,130.5733184814453
2022-01-03,128.99615478515625
2022-01-04,125.96235656738281
2022-01-05,125.39640045166016
2022-01-06,125.37786102294922
2022-01-07,125.76750946044922
2022-01-10,125.48919677734375
2022-01-11,125.89741516113281
2022-01-12,124.06043243408203
2022-01-13,120.70869445800781
2022-01-14,119.32145690917969
2022-01-18,117.84110260009766
2022-01-19,117.35698699951172
2022-01-20,116.10939025878906
2022-01-21,117.15215301513672
2022-01-24,115.28077697753906
2022-01-25,114.76870727539062
2022-01-26,111.78939056396484
2022-01-27,112.1338882446289
2022-01-28,116.70525360107422
2022-01-31,118.66973876953125
2022-02-01,118.42767333984375
2022-02-02,121.07180786132812
2022-02-03,121.1369857788086
2022-02-04,120.76457977294922
2022-02-07,119.21905517578125
2022-02-08,119.77767181396484
2022-02-09,121.49079132080078
2022-02-10,118.94906616210938
2022-02-11,116.83558654785156
2022-02-14,114.31249237060547
2022-02-15,115.42974853515625
2022-02-16,115.15042877197266
2022-02-17,112.26422882080078
2022-02-18,108.735595703125
2022-02-22,109.40593719482422
2022-02-23,109.16386413574219
2022-02-24,110.53250885009766
2022-02-25,113.96803283691406
2022-02-28,112.30145263671875
2022-03-01,110.02042388916016
2022-03-02,112.05937957763672
2022-03-03,112.62732696533203
2022-03-04,113.03697967529297
2022-03-07,110.66285705566406
2022-03-08,108.10247802734375
2022-03-09,110.22525787353516
2022-03-10,108.93112182617188
2022-03-11,106.15663146972656
2022-03-14,107.55318450927734
2022-03-15,109.37799072265625
2022-03-16,111.24007415771484
2022-03-17,112.8414535522461
2022-03-18,114.0052490234375
2022-03-21,113.36284637451172
2022-03-22,113.48387908935547
2022-03-23,108.85663604736328
2022-03-24,109.6945571899414
2022-03-25,110.74662780761719
2022-03-28,111.71489715576172
2022-03-29,111.901123046875
2022-03-30,112.07801055908203
2022-03-31,110.19732666015625
2022-04-01,110.40214538574219
2022-04-04,110.68144989013672
2022-04-05,111.24007415771484
2022-04-06,111.66837310791016
2022-04-07,114.86181640625
2022-04-08,114.75008392333984
2022-04-11,111.76145935058594
2022-04-12,110.22525787353516
2022-04-13,111.6834487915039
2022-04-14,110.01024627685547
2022-04-18,108.70162200927734
2022-04-19,112.15083312988281
2022-04-20,114.63725280761719
2022-04-21,115.31961822509766
2022-04-22,111.83301544189453
2022-04-25,112.17887878417969
2022-04-26,109.33724975585938
2022-04-27,109.10354614257812
2022-04-28,110.30938720703125
2022-04-29,106.09368133544922
2022-05-02,105.46739959716797
2022-05-03,105.09349060058594
2022-05-04,108.15010833740234
2022-05-05,105.63565826416016
2022-05-06,104.94393157958984
2022-05-09,100.38237762451172
2022-05-10,99.78414154052734
2022-05-11,98.93351745605469
2022-05-12,100.92454528808594
2022-05-13,102.70987701416016
2022-05-16,102.55097961425781
2022-05-17,107.0658187866211
2022-05-18,105.3832778930664
2022-05-19,105.10285186767578
2022-05-20,105.85064697265625
2022-05-23,107.52384185791016
2022-05-24,106.3460464477539
2022-05-25,105.80390167236328
2022-05-26,107.37428283691406
2022-05-27,109.07552337646484
2022-05-31,109.79527282714844
2022-06-01,107.5705795288086
2022-06-02,109.84200286865234
2022-06-03,108.96334838867188
2022-06-06,108.8231430053711
2022-06-07,109.25312805175781
2022-06-08,107.20601654052734
2022-06-09,105.35521697998047
2022-06-10,102.47621154785156
2022-06-13,98.99896240234375
2022-06-14,96.2227554321289
2022-06-15,97.9614028930664
2022-06-16,95.40953826904297
2022-06-17,95.83950805664062
2022-06-21,97.59684753417969
2022-06-22,98.55962371826172
2022-06-23,99.27938079833984
2022-06-24,102.30795288085938
2022-06-27,101.96210479736328
2022-06-28,99.98976135253906
2022-06-29,101.98078918457031
2022-06-30,101.56015014648438
2022-07-01,103.0277099609375
2022-07-05,102.1677474975586
2022-07-06,101.59754180908203
2022-07-07,102.34535217285156
2022-07-08,102.1303482055664
2022-07-11,101.78449249267578
2022-07-12,101.23298645019531
2022-07-13,99.27938079833984
2022-07-14,99.25120544433594
2022-07-15,102.17119598388672
2022-07-18,100.48116302490234
2022-07-19,103.2133560180664
2022-07-20,101.61724090576172
2022-07-21,103.92694091796875
2022-07-22,102.52796173095703
2022-07-25,101.8707504272461
2022-07-26,102.42469024658203
2022-07-27,103.26969146728516
2022-07-28,103.61710357666016
2022-07-29,102.18995666503906
2022-08-01,102.82840728759766
2022-08-02,102.00218963623047
2022-08-03,102.91291809082031
2022-08-04,103.01618957519531
2022-08-05,102.57491302490234
2022-08-08,102.3401870727539
2022-08-09,101.3167953491211
2022-08-10,103.5325927734375
2022-08-11,103.73915100097656
2022-08-12,104.66867065429688
2022-08-15,105.0630111694336
2022-08-16,105.18505859375
2022-08-17,103.79548645019531
2022-08-18,103.24154663085938
2022-08-19,103.33541870117188
2022-08-22,100.88490295410156
2022-08-23,99.53287506103516
2022-08-24,98.9977035522461
2022-08-25,99.42020416259766
2022-08-26,95.67398834228516
2022-08-29,95.61764526367188
2022-08-30,95.9556655883789
2022-08-31,96.378173828125
2022-09-01,98.43437194824219
2022-09-02,96.23733520507812
2022-09-06,96.43449401855469
2022-09-07,98.30290985107422
2022-09-08,100.45298767089844
2022-09-09,101.85196685791016
2022-09-12,102.61247253417969
2022-09-13,99.37325286865234
2022-09-14,99.31694030761719
2022-09-15,98.64091491699219
2022-09-16,97.64568328857422
2022-09-19,97.73018646240234
2022-09-20,96.0589370727539
2022-09-21,94.5003662109375
2022-09-22,94.89470672607422
2022-09-23,94.52852630615234
2022-09-26,93.73985290527344
2022-09-27,92.3221206665039
2022-09-28,92.68827819824219
2022-09-29,92.2845687866211
2022-09-30,90.84805297851562
2022-10-03,93.43941497802734
2022-10-04,96.78189086914062
2022-10-05,97.0635757446289
2022-10-06,96.19039154052734
2022-10-07,95.57070922851562
2022-10-10,94.95103454589844
2022-10-11,95.53316497802734
2022-10-12,93.9651870727539
2022-10-13,96.66313171386719
2022-10-14,95.1915283203125
2022-10-17,97.65361785888672
2022-10-18,99.03089141845703
2022-10-19,92.55020141601562
2022-10-20,89.81453704833984
2022-10-21,89.67304229736328
2022-10-24,92.72000885009766
2022-10-25,92.39926147460938
2022-10-26,92.8426284790039
2022-10-27,91.43706512451172
2022-10-28,93.85198974609375
2022-10-31,93.33316040039062
2022-11-01,93.68220520019531
2022-11-02,92.48416137695312
2022-11-03,90.98426055908203
2022-11-04,92.51246643066406
2022-11-07,93.8614273071289
2022-11-08,93.9935073852539
2022-11-09,93.82369232177734
2022-11-10,98.3233871459961
2022-11-11,98.19131469726562
2022-11-14,96.22918701171875
2022-11-15,97.29515075683594
2022-11-16,97.738525390625
2022-11-17,96.74800109863281
2022-11-18,97.98379516601562
2022-11-21,97.99322509765625
2022-11-22,98.9271240234375
2022-11-23,100.0119400024414
2022-11-25,100.89867401123047
2022-11-28,99.41764831542969
2022-11-29,99.04974365234375
2022-11-30,101.4835433959961
2022-12-01,101.81371307373047
2022-12-02,101.9646224975586
2022-12-05,99.43650817871094
2022-12-06,97.9743423461914
2022-12-07,98.87049865722656
2022-12-08,100.86094665527344
2022-12-09,101.41751861572266
2022-12-12,103.2853012084961
2022-12-13,105.20970153808594
2022-12-14,104.95499420166016
2022-12-15,102.3702621459961
2022-12-16,100.85151672363281
2022-12-19,100.5496597290039
2022-12-20,100.45530700683594
2022-12-21,102.01178741455078
2022-12-22,101.90803527832031
2022-12-23,102.04954528808594
2022-12-27,102.41743469238281
2022-12-28,101.7193832397461
2022-12-29,104.05883026123047
2022-12-30,103.56831359863281
2023-01-03,103.37020874023438
2023-01-04,104.90782165527344
2023-01-05,104.52106475830078
2023-01-06,105.96436309814453
2023-01-09,105.79457092285156
2023-01-10,107.39820861816406
2023-01-11,106.73789978027344
2023-01-12,105.52497100830078
2023-01-13,107.56231689453125
2023-01-17,107.44859313964844
2023-01-18,105.6671142578125
2023-01-19,105.9419174194336
2023-01-20,106.9084701538086
2023-01-23,108.03612518310547
2023-01-24,106.63365936279297
2023-01-25,105.18383026123047
2023-01-26,105.25016784667969
2023-01-27,104.18885040283203
2023-01-30,104.05618286132812
2023-01-31,104.7574234008789
2023-02-01,105.96087646484375
2023-02-02,106.36833953857422
2023-02-03,105.93242645263672
2023-02-06,104.94692993164062
2023-02-07,106.12195587158203
2023-02-08,104.42573547363281
2023-02-09,102.40735626220703
2023-02-10,102.49263000488281
2023-02-13,102.8337631225586
2023-02-14,101.63980102539062
2023-02-15,101.65873718261719
2023-02-16,100.5216293334961
2023-02-17,101.14703369140625
2023-02-21,98.21896362304688
2023-02-22,97.30925750732422
2023-02-23,97.17659759521484
2023-02-24,95.19610595703125
2023-02-27,94.54225158691406
2023-02-28,96.39009094238281
2023-03-01,95.54672241210938
2023-03-02,97.25239562988281
2023-03-03,98.97702026367188
2023-03-06,97.3661117553711
2023-03-07,94.74125671386719
2023-03-08,94.1916275024414
2023-03-09,92.72286224365234
2023-03-10,91.87948608398438
2023-03-13,93.0450439453125
2023-03-14,93.38619232177734
2023-03-15,92.67548370361328
2023-03-16,93.8410415649414
2023-03-17,91.92687225341797
2023-03-20,92.7418212890625
2023-03-21,93.1777114868164
2023-03-22,91.78474426269531
2023-03-23,91.95530700683594
2023-03-24,92.91238403320312
2023-03-27,93.30088806152344
2023-03-28,92.0216293334961
2023-03-29,93.45252227783203
2023-03-30,93.8884048461914
2023-03-31,95.95419311523438
2023-04-03,96.26689147949219
2023-04-04,97.41349029541016
2023-04-05,98.7496109008789
2023-04-06,99.43187713623047
2023-04-10,98.26634979248047
2023-04-11,97.87781524658203
2023-04-12,97.18605041503906
2023-04-13,98.67171478271484
2023-04-14,99.00503540039062
2023-04-17,99.538330078125
2023-04-18,99.18598175048828
2023-04-19,106.9380111694336
2023-04-20,105.0904769897461
2023-04-21,106.33804321289062
2023-04-24,105.13809967041016
2023-04-25,104.72857666015625
2023-04-26,103.56672668457031
2023-04-27,104.2809829711914
2023-04-28,105.20474243164062
2023-05-01,105.81425476074219
2023-05-02,106.1856689453125
2023-05-03,106.43326568603516
2023-05-04,105.5761489868164
2023-05-05,105.95709991455078
2023-05-08,105.61426544189453
2023-05-09,104.99522399902344
2023-05-10,105.41426849365234
2023-05-11,104.80477142333984
2023-05-12,105.22380065917969
2023-05-15,104.6047592163086
2023-05-16,104.17622375488281
2023-05-17,103.63340759277344
2023-05-18,103.3000717163086
2023-05-19,103.73815155029297
2023-05-22,103.09056091308594
2023-05-23,100.70018768310547
2023-05-24,99.08121490478516
2023-05-25,97.27177429199219
2023-05-26,97.96697998046875
2023-05-30,96.86226654052734
2023-05-31,97.13846588134766
2023-06-01,97.91935729980469
2023-06-02,99.23358917236328
2023-06-05,98.81456756591797
2023-06-06,97.72891235351562
2023-06-07,96.81465911865234
2023-06-08,95.97660064697266
2023-06-09,96.84323120117188
2023-06-12,96.56705474853516
2023-06-13,97.00511932373047
2023-06-14,98.32886505126953
2023-06-15,100.01451110839844
2023-06-16,101.13825988769531
2023-06-20,101.61443328857422
2023-06-21,101.18588256835938
2023-06-22,103.09056091308594
2023-06-23,102.90010070800781
2023-06-26,103.33818054199219
2023-06-27,102.65248107910156
2023-06-28,102.48107147216797
2023-06-29,102.5286865234375
2023-06-30,103.82386779785156
2023-07-03,102.10964965820312
2023-07-05,102.25248718261719
2023-07-06,102.09061431884766
2023-07-07,101.28112030029297
2023-07-10,101.91918182373047
2023-07-11,102.37629699707031
2023-07-12,101.7573013305664
2023-07-13,103.0969467163086
2023-07-14,103.27877044677734
2023-07-17,102.38884735107422
2023-07-18,102.34098815917969
2023-07-19,102.65678405761719
2023-07-20,107.01069641113281
2023-07-21,109.36468505859375
2023-07-24,109.68047332763672
2023-07-25,108.06329345703125
2023-07-26,109.16374206542969
2023-07-27,107.79536437988281
2023-07-28,107.87191772460938
2023-07-31,106.53224182128906
2023-08-01,105.76671600341797
2023-08-02,103.93902587890625
2023-08-03,102.90557861328125
2023-08-04,103.01082611083984
2023-08-07,103.77635955810547
2023-08-08,101.03003692626953
2023-08-09,100.7621078491211
2023-08-10,100.22624206542969
2023-08-11,100.77167510986328
2023-08-14,101.52763366699219
2023-08-15,100.41761016845703
2023-08-16,100.0252685546875
2023-08-17,100.40804290771484
2023-08-18,99.2406234741211
2023-08-21,99.39373779296875
2023-08-22,100.61856079101562
2023-08-23,100.59943389892578
2023-08-24,99.27890014648438
2023-08-25,99.71907043457031
2023-08-28,98.36026763916016
2023-08-29,99.39373779296875
2023-08-30,99.91045379638672
2023-08-31,98.46552276611328
2023-09-01,98.41769409179688
2023-09-05,96.53257751464844
2023-09-06,97.18327331542969
2023-09-07,96.33161926269531
2023-09-08,96.3890609741211
2023-09-11,98.03491973876953
2023-09-12,97.9870834350586
2023-09-13,98.26458740234375
2023-09-14,98.22631072998047
2023-09-15,97.35552978515625
2023-09-18,96.64741516113281
2023-09-19,96.33161926269531
2023-09-20,95.95844268798828
2023-09-21,94.66661834716797
2023-09-22,93.92023468017578
2023-09-25,93.26953887939453
2023-09-26,92.08296966552734
2023-09-27,91.41314697265625
2023-09-28,93.89152526855469
2023-09-29,92.67625427246094
2023-10-02,91.60452270507812
2023-10-03,91.66194152832031
2023-10-04,91.52796936035156
2023-10-05,92.05426788330078
2023-10-06,92.70496368408203
2023-10-09,92.59013366699219
2023-10-10,93.35566711425781
2023-10-11,88.64769744873047
2023-10-12,86.7810287475586
2023-10-13,87.43531036376953
2023-10-16,88.69579315185547
2023-10-17,88.65731048583984
2023-10-18,91.94804382324219
2023-10-19,91.83257293701172
2023-10-20,93.12193298339844
2023-10-23,92.15972137451172
2023-10-24,91.22637939453125
2023-10-25,90.03325653076172
2023-10-26,90.42776489257812
2023-10-27,89.3404769897461
2023-10-30,89.48480987548828
2023-10-31,90.9762191772461
2023-11-01,91.41883087158203
2023-11-02,92.33292388916016
2023-11-03,92.21746063232422
2023-11-06,91.40921783447266
2023-11-07,91.2167739868164
2023-11-08,91.1590347290039
2023-11-09,90.0140151977539
2023-11-10,90.41813659667969
2023-11-13,92.16934967041016
2023-11-14,93.41059112548828
2023-11-15,94.29581451416016
2023-11-16,96.47039031982422
2023-11-17,95.78722381591797
2023-11-20,97.37486267089844
2023-11-21,98.05803680419922
2023-11-22,98.81816101074219
2023-11-24,98.98174285888672
2023-11-27,98.82779693603516
2023-11-28,98.20236206054688
2023-11-29,99.7130126953125
2023-11-30,100.34806823730469
2023-12-01,100.91575622558594
2023-12-04,101.21404266357422
2023-12-05,100.40579223632812
2023-12-06,100.97350311279297
2023-12-07,100.11713409423828
2023-12-08,100.55974578857422
2023-12-11,102.20511627197266
2023-12-12,102.64772033691406
2023-12-13,103.1961898803711
2023-12-14,104.49516296386719
2023-12-15,103.23467254638672
2023-12-18,103.97557067871094
2023-12-19,104.32195281982422
2023-12-20,103.34053039550781
2023-12-21,104.37969207763672
2023-12-22,104.9089126586914
2023-12-26,105.10134887695312
2023-12-27,105.64016723632812
2023-12-28,106.22712707519531
2023-12-29,105.90959167480469
2024-01-02,105.69791412353516
2024-01-03,105.38038635253906
2024-01-04,106.78520965576172
2024-01-05,106.61199951171875
2024-01-08,108.15152740478516
2024-01-09,108.46905517578125
2024-01-10,110.07594299316406
2024-01-11,109.73753356933594
2024-01-12,110.14361572265625
2024-01-16,109.98892211914062
2024-01-17,110.15328216552734
2024-01-18,110.24030303955078
2024-01-19,110.8880844116211
2024-01-22,110.4046630859375
2024-01-23,110.22095489501953
2024-01-24,107.09803771972656
2024-01-25,108.72234344482422
2024-01-26,108.29692077636719
2024-01-29,109.68919372558594
2024-01-30,109.71820068359375
2024-01-31,109.39913940429688
2024-02-01,110.69470977783203
2024-02-02,108.39360809326172
2024-02-05,107.94886779785156
2024-02-06,110.22095489501953
2024-02-07,109.5538330078125
2024-02-08,108.70301055908203
2024-02-09,108.10355377197266
2024-02-12,108.7996826171875
2024-02-13,107.64913940429688
2024-02-14,108.34526062011719
2024-02-15,109.87289428710938
2024-02-16,110.23062896728516
2024-02-20,112.77344512939453
2024-02-21,113.96267700195312
2024-02-22,115.07453918457031
2024-02-23,115.49996185302734
2024-02-26,114.7554931640625
2024-02-27,115.44196319580078
2024-02-28,116.0704116821289
2024-02-29,114.70714569091797
2024-03-01,114.68781280517578
2024-03-04,116.06073760986328
2024-03-05,114.55244445800781
2024-03-06,115.3839340209961
2024-03-07,116.91156005859375
2024-03-08,116.95023345947266
2024-03-11,116.20577239990234
2024-03-12,116.75686645507812
2024-03-13,116.1767578125
2024-03-14,114.91018676757812
2024-03-15,111.66156768798828
2024-03-18,108.71268463134766
2024-03-19,109.40880584716797
2024-03-20,107.80384063720703
2024-03-21,107.8134994506836
2024-03-22,106.90467071533203
2024-03-25,106.36322784423828
2024-03-26,107.80384063720703
2024-03-27,109.71820068359375
2024-03-28,109.89224243164062
2024-04-01,108.37427520751953
2024-04-02,108.30658721923828
2024-04-03,107.59112548828125
2024-04-04,106.45989990234375
2024-04-05,107.5137710571289
2024-04-08,106.85631561279297
2024-04-09,108.71268463134766
2024-04-10,107.48477935791016
2024-04-11,107.75550079345703
2024-04-12,106.01624298095703
2024-04-15,105.802490234375
2024-04-16,106.11341094970703
2024-04-17,102.89726257324219
2024-04-18,102.28512573242188
2024-04-19,104.23814392089844
2024-04-22,104.03410339355469
2024-04-23,104.53935241699219
2024-04-24,103.85919952392578
2024-04-25,103.83004760742188
2024-04-26,104.48104858398438
2024-04-29,104.22842407226562
2024-04-30,102.96528625488281
2024-05-01,103.27621459960938
2024-05-02,102.91670227050781
2024-05-03,102.89726257324219
2024-05-06,102.64463806152344
2024-05-07,103.15961456298828
2024-05-08,101.96448516845703
2024-05-09,101.70213317871094
2024-05-10,101.7701416015625
2024-05-13,101.79930114746094
2024-05-14,101.06086730957031
2024-05-15,101.6244125366211
2024-05-16,101.89646911621094
2024-05-17,101.13858795166016
2024-05-20,100.28353881835938
2024-05-21,100.0406265258789
2024-05-22,101.84789276123047
2024-05-23,101.27462768554688
2024-05-24,101.00254821777344
2024-05-28,99.05926513671875
2024-05-29,97.87386322021484
2024-05-30,98.855224609375
2024-05-31,99.29246520996094
2024-06-03,99.95317840576172
2024-06-04,100.49730682373047
2024-06-05,100.30297088623047
2024-06-06,101.3134765625
2024-06-07,104.52962493896484
2024-06-10,104.44218444824219
2024-06-11,102.809814453125
2024-06-12,101.42036437988281
2024-06-13,100.51673126220703
2024-06-14,100.74020385742188
2024-06-17,100.51673126220703
2024-06-18,101.04141998291016
2024-06-20,103.54827117919922
2024-06-21,102.72237396240234
2024-06-24,102.31428527832031
2024-06-25,102.4989013671875
2024-06-26,101.90618133544922
2024-06-27,101.68270874023438
2024-06-28,100.96369934082031
2024-07-01,100.2738265991211
2024-07-02,100.2738265991211
2024-07-03,99.42849731445312
2024-07-05,101.07057189941406
2024-07-08,99.22445678710938
2024-07-09,98.758056640625
2024-07-10,100.1280746459961
2024-07-11,101.22603607177734
2024-07-12,101.26490783691406
2024-07-15,100.57137298583984
2024-07-16,100.3369369506836
2024-07-17,102.25146484375
2024-07-18,97.74842071533203
2024-07-19,99.66294860839844
2024-07-22,101.31373596191406
2024-07-23,101.50910186767578
2024-07-24,104.77161407470703
2024-07-25,103.50177764892578
2024-07-26,102.7984848022461
2024-07-29,102.33938598632812
2024-07-30,102.8766098022461
2024-07-31,103.48223114013672
2024-08-01,107.59457397460938
2024-08-02,108.72765350341797
2024-08-05,106.10981750488281
2024-08-06,106.95964050292969
2024-08-07,107.38943481445312
2024-08-08,107.213623046875
2024-08-09,106.18797302246094
2024-08-12,105.29910278320312
2024-08-13,105.72887420654297
2024-08-14,107.3405990600586
2024-08-15,108.36624145507812
2024-08-16,108.42484283447266
2024-08-19,109.30396270751953
2024-08-20,108.20018005371094
2024-08-21,108.80579376220703
2024-08-22,109.49932098388672
2024-08-23,110.07563018798828
2024-08-26,110.08541107177734
2024-08-27,110.47612762451172
2024-08-28,110.28076934814453
2024-08-29,110.1440200805664
2024-08-30,110.64217376708984
2024-09-03,111.99994659423828
2024-09-04,111.7459716796875
2024-09-05,110.47612762451172
2024-09-06,111.218505859375
2024-09-09,113.72887420654297
2024-09-10,114.39309692382812
2024-09-11,113.89493560791016
2024-09-12,114.11959838867188
2024-09-13,113.69956970214844
2024-09-16,114.90103149414062
2024-09-17,115.3894271850586
2024-09-18,112.21483612060547
2024-09-19,111.50177001953125
2024-09-20,111.06219482421875
2024-09-23,112.14645385742188
2024-09-24,110.71055603027344
2024-09-25,109.99748992919922
2024-09-26,110.11471557617188
2024-09-27,109.82167053222656
2024-09-30,111.36502075195312
2024-10-01,110.92545318603516
2024-10-02,111.00360107421875
2024-10-03,109.6263198852539
2024-10-04,110.02679443359375
2024-10-07,110.73008728027344
2024-10-08,111.97062683105469
2024-10-09,113.26000213623047
2024-10-10,112.93767547607422
2024-10-11,113.42606353759766
2024-10-14,114.52984619140625
2024-10-15,113.8919448852539
2024-10-16,115.6290283203125
2024-10-17,115.69772338867188
2024-10-18,117.1698226928711
2024-10-21,114.81444549560547
2024-10-22,113.96063995361328
2024-10-23,114.83409118652344
2024-10-24,114.37281799316406
2024-10-25,112.0959701538086
2024-10-28,111.9487533569336
2024-10-29,111.29121398925781
2024-10-30,112.32168579101562
2024-10-31,111.26177215576172
2024-11-01,116.39451599121094
2024-11-04,115.4621810913086
2024-11-05,115.54069519042969
2024-11-06,114.62798309326172
2024-11-07,113.15589141845703
2024-11-08,114.42189025878906
2024-11-11,114.62798309326172
2024-11-12,114.27468872070312
2024-11-13,113.58769989013672
2024-11-14,112.89089965820312
2024-11-15,113.7447280883789
2024-11-18,115.17758178710938
2024-11-19,114.95185089111328
2024-11-20,113.774169921875
2024-11-21,115.07943725585938
2024-11-22,115.57014465332031
2024-11-25,115.9332504272461
2024-11-26,115.76641845703125
2024-11-27,116.73799896240234
2024-11-29,116.56135559082031
2024-12-02,114.63780975341797
2024-12-03,114.1274642944336
2024-12-04,113.81342315673828
2024-12-05,113.44047546386719
2024-12-06,113.45030975341797
2024-12-09,112.7633285522461
2024-12-10,113.35216522216797
2024-12-11,112.01744079589844
2024-12-12,111.74266052246094
2024-12-13,111.2715835571289
2024-12-16,110.52572631835938
2024-12-17,111.18326568603516
2024-12-18,109.84854888916016
2024-12-19,110.32942962646484
2024-12-20,112.10578155517578
2024-12-23,112.18428802490234
2024-12-24,112.62592315673828
2024-12-26,113.12643432617188
2024-12-27,112.85164642333984
2024-12-30,110.70237731933594
2024-12-31,111.00660705566406
2025-01-02,111.33047485351562
2025-01-03,111.71321868896484
2025-01-06,110.93791198730469
2025-01-07,111.29121398925781
2025-01-08,112.12541198730469
2025-01-10,110.22148895263672
2025-01-13,111.08513641357422
2025-01-14,110.91828155517578
2025-01-15,109.60616302490234
2025-01-16,112.37837982177734
2025-01-17,111.95416259765625
2025-01-21,115.21965789794922
2025-01-22,116.19633483886719
2025-01-23,121.56320190429688
2025-01-24,123.34886169433594
2025-01-27,127.68968963623047
2025-01-28,125.67713165283203
2025-01-29,126.14080810546875
2025-01-30,127.07803344726562
2025-01-31,126.20987701416016
2025-02-03,126.7228775024414
2025-02-04,127.36414337158203
2025-02-05,130.28433227539062
2025-02-06,126.4959716796875
2025-02-07,127.33455657958984
2025-02-10,129.54441833496094
2025-02-11,129.6726837158203
2025-02-12,128.73545837402344
2025-02-13,130.01795959472656
2025-02-14,128.8538360595703
2025-02-18,128.4296112060547
2025-02-19,130.35340881347656
2025-02-20,131.37940979003906
2025-02-21,133.10586547851562
2025-02-24,133.13548278808594
2025-02-25,133.99378967285156
2025-02-26,134.1319122314453
2025-02-27,134.04310607910156
2025-02-28,136.15432739257812
2025-03-03,138.33462524414062
2025-03-04,135.73013305664062
2025-03-05,135.85838317871094
2025-03-06,133.26373291015625
2025-03-07,135.2960205078125
2025-03-10,135.51307678222656
2025-03-11,130.8762664794922
2025-03-12,128.52825927734375
2025-03-13,128.14352416992188
2025-03-14,125.00627136230469
2025-03-17,125.92376708984375
2025-03-18,124.6017837524414
2025-03-19,125.70672607421875
2025-03-20,125.07532501220703
2025-03-21,124.64124298095703
2025-03-24,125.49954986572266
2025-03-25,123.91119384765625
2025-03-26,124.9076156616211
2025-03-27,129.58389282226562
2025-03-28,129.06101989746094
2025-03-31,130.86639404296875
2025-04-01,129.9193115234375
2025-04-02,130.1560821533203
2025-04-03,129.86013793945312
2025-04-04,122.76679992675781
2025-04-07,123.18114471435547
2025-04-08,122.28338623046875
2025-04-09,125.33184051513672
2025-04-10,122.82598876953125
2025-04-11,125.17398071289062
2025-04-14,126.23946380615234
2025-04-15,125.09967803955078
2025-04-16,128.5487823486328
2025-04-17,129.81741333007812
2025-04-21,128.7371063232422
2025-04-22,130.56076049804688
2025-04-23,128.68753051757812
2025-04-24,128.2316436767578
2025-04-25,127.70632934570312
2025-04-28,128.3802947998047
2025-04-29,129.34169006347656
2025-04-30,129.58946228027344
2025-05-01,129.7183074951172
2025-05-02,131.64111328125
2025-05-05,131.4230499267578
2025-05-06,131.87896728515625
2025-05-07,132.7610626220703
2025-05-08,132.8106231689453
2025-05-09,132.057373046875
2025-05-12,130.81846618652344
2025-05-13,127.90455627441406
2025-05-14,127.41889953613281
2025-05-15,132.16639709472656
2025-05-16,133.603515625
2025-05-19,134.34686279296875
2025-05-20,133.99996948242188
2025-05-21,131.8690643310547
2025-05-22,130.3328094482422
2025-05-23,130.1345977783203
2025-05-27,131.76004028320312
2025-05-28,130.84820556640625
2025-05-29,131.67083740234375
2025-05-30,132.39434814453125
2025-06-02,132.3844451904297
2025-06-03,132.523193359375
2025-06-04,131.7798614501953
2025-06-05,132.75115966796875
2025-06-06,132.39434814453125
2025-06-09,132.2159423828125
2025-06-10,132.93946838378906
2025-06-11,134.07925415039062
2025-06-12,135.23886108398438
2025-06-13,134.41622924804688
2025-06-16,132.82052612304688
2025-06-17,131.1058807373047
2025-06-18,131.2347412109375
2025-06-20,131.80958557128906
2025-06-23,132.07717895507812
2025-06-24,136.85440063476562
2025-06-25,136.18043518066406
2025-06-26,132.48355102539062
2025-06-27,133.187255859375
2025-06-30,134.8027801513672
2025-07-01,135.05056762695312
2025-07-02,132.91964721679688
2025-07-03,133.24671936035156
2025-07-07,132.51327514648438
2025-07-08,132.17630004882812
2025-07-09,132.0375518798828
2025-07-10,132.41416931152344
2025-07-11,130.84820556640625
2025-07-14,130.8581085205078
2025-07-15,130.9078826904297
2025-07-16,131.1567840576172
2025-07-17,119.97649383544922
2025-07-18,123.12250518798828
2025-07-21,123.86917877197266
2025-07-22,125.17338562011719
2025-07-23,125.27294158935547
2025-07-24,125.08377838134766
2025-07-25,125.97979736328125
2025-07-28,125.79063415527344
2025-07-29,127.44328308105469
2025-07-30,127.98090362548828
2025-07-31,125.63134765625
2025-08-01,126.72647857666016
2025-08-04,129.3547821044922
2025-08-05,130.11143493652344
2025-08-06,130.35035705566406
2025-08-07,131.47535705566406
2025-08-08,133.68553161621094
2025-08-11,130.77845764160156
2025-08-12,130.43997192382812
2025-08-13,128.82713317871094
2025-08-14,128.70767211914062
2025-08-15,131.16673278808594
2025-08-18,129.6932830810547
2025-08-19,130.6689453125
2025-08-20,131.8536834716797
2025-08-21,131.41561889648438
2025-08-22,132.0030059814453
2025-08-25,131.28619384765625
2025-08-26,131.00743103027344
2025-08-27,130.87802124023438
2025-08-28,130.7884063720703
2025-08-29,132.0727081298828
2025-09-02,130.87802124023438
2025-09-03,131.59481811523438
2025-09-04,132.22203063964844
2025-09-05,132.35147094726562
2025-09-08,131.61473083496094
2025-09-09,131.3658447265625
2025-09-10,128.7873077392578
2025-09-11,132.062744140625
2025-09-12,133.13796997070312
2025-09-15,130.74859619140625
2025-09-16,132.17225646972656
2025-09-17,133.57601928710938
2025-09-18,133.97425842285156
2025-09-19,135.43772888183594
2025-09-22,136.01516723632812
2025-09-23,135.2884063720703
2025-09-24,133.29725646972656
2025-09-25,132.71981811523438
2025-09-26,132.95877075195312
2025-09-29,132.5207061767578
2025-09-30,133.3470458984375
2025-10-01,132.87911987304688
2025-10-02,132.4012451171875
2025-10-03,133.99415588378906
2025-10-06,133.14793395996094
2025-10-07,132.43112182617188
2025-10-08,133.6755828857422
2025-10-09,132.71981811523438
2025-10-10,131.9831085205078
2025-10-13,130.79837036132812
2025-10-14,132.6800079345703
2025-10-15,129.4499969482422
2025-10-16,127.62999725341797
2025-10-17,128.5399932861328
2025-10-20,129.50999450683594
2025-10-21,127.54000091552734
2025-10-22,127.94999694824219
2025-10-23,126.33999633789062
2025-10-24,126.8499984741211
2025-10-27,127.18000030517578
2025-10-28,126.61000061035156
2025-10-29,125.0
