date,AMGN
2020-01-02,201.03111267089844
2020-01-03,199.66629028320312
2020-01-06,201.1985626220703
2020-01-07,199.30628967285156
2020-01-08,199.45700073242188
2020-01-09,200.05149841308594
2020-01-10,199.49049377441406
2020-01-13,198.36851501464844
2020-01-14,200.94737243652344
2020-01-15,202.3707275390625
2020-01-16,201.36599731445312
2020-01-17,202.19491577148438
2020-01-21,198.93788146972656
2020-01-22,198.2261962890625
2020-01-23,196.79444885253906
2020-01-24,188.88211059570312
2020-01-27,186.6717071533203
2020-01-28,188.25421142578125
2020-01-29,190.1883087158203
2020-01-30,189.3510284423828
2020-01-31,180.89450073242188
2020-02-03,181.58946228027344
2020-02-04,185.7172088623047
2020-02-05,194.1988983154297
2020-02-06,193.7886199951172
2020-02-07,192.01356506347656
2020-02-10,190.4143524169922
2020-02-11,191.7037811279297
2020-02-12,190.0626983642578
2020-02-13,188.0726776123047
2020-02-14,188.44371032714844
2020-02-18,186.93435668945312
2020-02-19,188.00527954101562
2020-02-20,187.31382751464844
2020-02-21,187.86192321777344
2020-02-24,183.72164916992188
2020-02-25,177.39752197265625
2020-02-26,180.90530395507812
2020-02-27,171.59609985351562
2020-02-28,168.4171600341797
2020-03-02,178.93215942382812
2020-03-03,172.37188720703125
2020-03-04,181.38595581054688
2020-03-05,178.86471557617188
2020-03-06,177.62518310546875
2020-03-09,167.2703857421875
2020-03-10,174.3787384033203
2020-03-11,167.5064697265625
2020-03-12,153.66917419433594
2020-03-13,170.4155731201172
2020-03-16,159.0995330810547
2020-03-17,175.2219696044922
2020-03-18,172.759765625
2020-03-19,167.5992431640625
2020-03-20,158.7369384765625
2020-03-23,156.78065490722656
2020-03-24,170.6179962158203
2020-03-25,162.86033630371094
2020-03-26,167.37158203125
2020-03-27,167.1860809326172
2020-03-30,175.7953643798828
2020-03-31,170.94683837890625
2020-04-01,166.79818725585938
2020-04-02,176.13265991210938
2020-04-03,173.2067108154297
2020-04-06,178.4093780517578
2020-04-07,176.04830932617188
2020-04-08,184.8262939453125
2020-04-09,183.9999542236328
2020-04-13,184.0505828857422
2020-04-14,191.2432403564453
2020-04-15,187.02711486816406
2020-04-16,194.70046997070312
2020-04-17,198.13238525390625
2020-04-20,199.5068359375
2020-04-21,194.57394409179688
2020-04-22,193.3428955078125
2020-04-23,196.04115295410156
2020-04-24,199.2370147705078
2020-04-27,204.4227752685547
2020-04-28,200.40907287597656
2020-04-29,198.73947143554688
2020-04-30,201.7161102294922
2020-05-01,194.7678985595703
2020-05-04,194.70889282226562
2020-05-05,199.30445861816406
2020-05-06,199.49838256835938
2020-05-07,196.7494659423828
2020-05-08,198.0059051513672
2020-05-11,204.6842041015625
2020-05-12,200.02117919921875
2020-05-13,199.70077514648438
2020-05-14,200.67044067382812
2020-05-15,203.91339111328125
2020-05-18,197.9623565673828
2020-05-19,193.072509765625
2020-05-20,193.44607543945312
2020-05-21,190.82289123535156
2020-05-22,192.22357177734375
2020-05-26,188.8024139404297
2020-05-27,190.8483428955078
2020-05-28,190.27105712890625
2020-05-29,194.99961853027344
2020-06-01,192.63107299804688
2020-06-02,189.92298889160156
2020-06-03,187.61390686035156
2020-06-04,187.5120391845703
2020-06-05,191.5784149169922
2020-06-08,191.6463165283203
2020-06-09,190.92469787597656
2020-06-10,192.80935668945312
2020-06-11,185.83114624023438
2020-06-12,184.98220825195312
2020-06-15,186.57818603515625
2020-06-16,192.5971221923828
2020-06-17,191.8330841064453
2020-06-18,195.52598571777344
2020-06-19,202.64002990722656
2020-06-22,198.81129455566406
2020-06-23,200.1356658935547
2020-06-24,197.3850860595703
2020-06-25,199.59234619140625
2020-06-26,197.66525268554688
2020-06-29,196.57862854003906
2020-06-30,200.2290496826172
2020-07-01,216.57945251464844
2020-07-02,219.22813415527344
2020-07-06,217.53875732421875
2020-07-07,214.90707397460938
2020-07-08,213.58274841308594
2020-07-09,213.6421661376953
2020-07-10,211.41795349121094
2020-07-13,212.266845703125
2020-07-14,214.85610961914062
2020-07-15,215.04293823242188
2020-07-16,216.6473846435547
2020-07-17,219.4148712158203
2020-07-20,221.5287322998047
2020-07-21,218.94798278808594
2020-07-22,218.158447265625
2020-07-23,214.134521484375
2020-07-24,210.5181121826172
2020-07-27,215.3314971923828
2020-07-28,216.70681762695312
2020-07-29,211.25668334960938
2020-07-30,208.9560546875
2020-07-31,207.70814514160156
2020-08-03,209.9917449951172
2020-08-04,206.79127502441406
2020-08-05,204.99156188964844
2020-08-06,205.0594482421875
2020-08-07,204.3293914794922
2020-08-10,202.19009399414062
2020-08-11,199.20184326171875
2020-08-12,205.20376586914062
2020-08-13,204.13412475585938
2020-08-14,204.86056518554688
2020-08-17,207.68080139160156
2020-08-18,206.39028930664062
2020-08-19,205.5271759033203
2020-08-20,204.02297973632812
2020-08-21,203.09152221679688
2020-08-24,201.32241821289062
2020-08-25,212.1333465576172
2020-08-26,213.8083953857422
2020-08-27,216.0560302734375
2020-08-28,216.32098388671875
2020-08-31,216.4918975830078
2020-09-01,214.38955688476562
2020-09-02,220.59402465820312
2020-09-03,211.868408203125
2020-09-04,212.28717041015625
2020-09-08,206.1168212890625
2020-09-09,209.8685760498047
2020-09-10,205.6553497314453
2020-09-11,207.85171508789062
2020-09-14,210.87704467773438
2020-09-15,212.24440002441406
2020-09-16,211.74021911621094
2020-09-17,212.013671875
2020-09-18,211.70602416992188
2020-09-21,207.8345947265625
2020-09-22,211.51800537109375
2020-09-23,207.3218231201172
2020-09-24,205.38185119628906
2020-09-25,208.37303161621094
2020-09-28,211.11634826660156
2020-09-29,212.20175170898438
2020-09-30,217.2097625732422
2020-10-01,218.26095581054688
2020-10-02,209.73187255859375
2020-10-05,218.79083251953125
2020-10-06,215.9534912109375
2020-10-07,220.20950317382812
2020-10-08,205.18528747558594
2020-10-09,202.28811645507812
2020-10-12,204.68960571289062
2020-10-13,204.54434204101562
2020-10-14,203.10003662109375
2020-10-15,200.8438262939453
2020-10-16,201.45059204101562
2020-10-19,197.16900634765625
2020-10-20,197.5022735595703
2020-10-21,195.68194580078125
2020-10-22,194.83584594726562
2020-10-23,194.1350860595703
2020-10-26,192.19508361816406
2020-10-27,190.97296142578125
2020-10-28,184.92225646972656
2020-10-29,186.15293884277344
2020-10-30,185.40087890625
2020-11-02,188.19549560546875
2020-11-03,188.06727600097656
2020-11-04,196.84425354003906
2020-11-05,198.24583435058594
2020-11-06,197.98941040039062
2020-11-09,200.83531188964844
2020-11-10,206.47576904296875
2020-11-11,205.6980743408203
2020-11-12,202.6641387939453
2020-11-13,204.23013305664062
2020-11-16,203.6278533935547
2020-11-17,199.9968719482422
2020-11-18,195.97006225585938
2020-11-19,193.3114013671875
2020-11-20,192.02073669433594
2020-11-23,191.20330810546875
2020-11-24,189.68899536132812
2020-11-25,189.5599365234375
2020-11-27,193.43185424804688
2020-11-30,191.0484619140625
2020-12-01,193.66415405273438
2020-12-02,194.9375457763672
2020-12-03,195.2386932373047
2020-12-04,197.21766662597656
2020-12-07,194.8429412841797
2020-12-08,196.9853515625
2020-12-09,197.76840209960938
2020-12-10,196.3142547607422
2020-12-11,195.6603240966797
2020-12-14,197.43276977539062
2020-12-15,198.3534393310547
2020-12-16,196.55516052246094
2020-12-17,198.9644012451172
2020-12-18,196.59820556640625
2020-12-21,195.58287048339844
2020-12-22,190.14500427246094
2020-12-23,191.8228759765625
2020-12-24,191.81422424316406
2020-12-28,192.4337158203125
2020-12-29,195.2042694091797
2020-12-30,195.46240234375
2020-12-31,197.8285675048828
2021-01-04,195.02357482910156
2021-01-05,195.97006225585938
2021-01-06,200.69381713867188
2021-01-07,201.3563232421875
2021-01-08,205.20242309570312
2021-01-11,204.4108123779297
2021-01-12,203.56764221191406
2021-01-13,204.55709838867188
2021-01-14,207.929931640625
2021-01-15,211.22537231445312
2021-01-19,213.61737060546875
2021-01-20,217.136474609375
2021-01-21,216.85255432128906
2021-01-22,218.11737060546875
2021-01-25,221.2148895263672
2021-01-26,222.50555419921875
2021-01-27,216.01791381835938
2021-01-28,213.16993713378906
2021-01-29,207.73207092285156
2021-02-01,206.87164306640625
2021-02-02,206.92330932617188
2021-02-03,203.98922729492188
2021-02-04,204.1096649169922
2021-02-05,203.3352813720703
2021-02-08,204.4108123779297
2021-02-09,203.61924743652344
2021-02-10,205.17657470703125
2021-02-11,203.73768615722656
2021-02-12,205.61866760253906
2021-02-16,201.83065795898438
2021-02-17,204.23175048828125
2021-02-18,201.56195068359375
2021-02-19,200.8337860107422
2021-02-22,200.6431427001953
2021-02-23,201.5012664794922
2021-02-24,199.36021423339844
2021-02-25,197.21922302246094
2021-02-26,194.9654541015625
2021-03-01,196.8031005859375
2021-03-02,195.63290405273438
2021-03-03,194.115966796875
2021-03-04,192.35633850097656
2021-03-05,197.4011993408203
2021-03-08,197.47056579589844
2021-03-09,198.49342346191406
2021-03-10,199.33425903320312
2021-03-11,200.3831024169922
2021-03-12,199.68093872070312
2021-03-15,204.53517150878906
2021-03-16,208.31446838378906
2021-03-17,211.73846435546875
2021-03-18,211.86843872070312
2021-03-19,213.18603515625
2021-03-22,216.43663024902344
2021-03-23,212.40589904785156
2021-03-24,212.77862548828125
2021-03-25,213.45474243164062
2021-03-26,219.1844482421875
2021-03-29,221.0047607421875
2021-03-30,216.48863220214844
2021-03-31,215.67381286621094
2021-04-01,215.98587036132812
2021-04-05,218.45631408691406
2021-04-06,215.92520141601562
2021-04-07,215.07569885253906
2021-04-08,214.0008544921875
2021-04-09,215.79513549804688
2021-04-12,215.78648376464844
2021-04-13,216.66200256347656
2021-04-14,216.37594604492188
2021-04-15,221.15211486816406
2021-04-16,221.65484619140625
2021-04-19,221.8802490234375
2021-04-20,224.62806701660156
2021-04-21,224.3159942626953
2021-04-22,221.08277893066406
2021-04-23,222.79908752441406
2021-04-26,221.49017333984375
2021-04-27,221.15211486816406
2021-04-28,205.18528747558594
2021-04-29,203.4516143798828
2021-04-30,207.72506713867188
2021-05-03,212.7006072998047
2021-05-04,214.41693115234375
2021-05-05,216.14187622070312
2021-05-06,217.8321990966797
2021-05-07,220.35467529296875
2021-05-10,218.97640991210938
2021-05-11,218.69900512695312
2021-05-12,217.42478942871094
2021-05-13,218.49961853027344
2021-05-14,219.4336395263672
2021-05-17,220.30657958984375
2021-05-18,218.97972106933594
2021-05-19,217.03317260742188
2021-05-20,219.91375732421875
2021-05-21,219.1107177734375
2021-05-24,216.26498413085938
2021-05-25,211.24574279785156
2021-05-26,208.23419189453125
2021-05-27,205.40586853027344
2021-05-28,207.70167541503906
2021-06-01,203.89576721191406
2021-06-02,205.27496337890625
2021-06-03,205.78125
2021-06-04,206.75021362304688
2021-06-07,207.04698181152344
2021-06-08,206.72401428222656
2021-06-09,209.08087158203125
2021-06-10,213.55020141601562
2021-06-11,211.91787719726562
2021-06-14,210.53863525390625
2021-06-15,209.3689422607422
2021-06-16,209.1332550048828
2021-06-17,210.16329956054688
2021-06-18,208.34762573242188
2021-06-21,209.70938110351562
2021-06-22,209.4213104248047
2021-06-23,208.37380981445312
2021-06-24,210.32916259765625
2021-06-25,211.8393096923828
2021-06-28,211.9789581298828
2021-06-29,211.6472930908203
2021-06-30,212.77330017089844
2021-07-01,215.52297973632812
2021-07-02,217.09425354003906
2021-07-06,212.68605041503906
2021-07-07,212.3106689453125
2021-07-08,213.2359619140625
2021-07-09,214.03904724121094
2021-07-12,213.3144989013672
2021-07-13,213.716064453125
2021-07-14,213.60256958007812
2021-07-15,215.2873077392578
2021-07-16,216.4482879638672
2021-07-19,215.37461853027344
2021-07-20,215.51426696777344
2021-07-21,213.7335205078125
2021-07-22,213.6374969482422
2021-07-23,216.23880004882812
2021-07-26,213.93429565429688
2021-07-27,213.5851287841797
2021-07-28,213.20977783203125
2021-07-29,211.6472930908203
2021-07-30,210.84414672851562
2021-08-02,209.31655883789062
2021-08-03,213.06137084960938
2021-08-04,199.2954864501953
2021-08-05,204.25363159179688
2021-08-06,200.90167236328125
2021-08-09,198.9288787841797
2021-08-10,198.99000549316406
2021-08-11,199.13839721679688
2021-08-12,199.15582275390625
2021-08-13,200.4913787841797
2021-08-16,203.2622833251953
2021-08-17,203.37669372558594
2021-08-18,199.54135131835938
2021-08-19,197.38616943359375
2021-08-20,196.6296844482422
2021-08-23,198.4857635498047
2021-08-24,197.37742614746094
2021-08-25,194.9231719970703
2021-08-26,194.81761169433594
2021-08-27,195.969970703125
2021-08-30,197.15750122070312
2021-08-31,198.3890380859375
2021-09-01,196.4713592529297
2021-09-02,198.76724243164062
2021-09-03,199.1279296875
2021-09-07,194.70323181152344
2021-09-08,194.289794921875
2021-09-09,189.6364288330078
2021-09-10,188.02662658691406
2021-09-13,190.6392364501953
2021-09-14,190.0410614013672
2021-09-15,191.8795623779297
2021-09-16,191.2022247314453
2021-09-17,192.97914123535156
2021-09-20,189.22299194335938
2021-09-21,189.44290161132812
2021-09-22,187.92990112304688
2021-09-23,189.17022705078125
2021-09-24,187.90350341796875
2021-09-27,187.4636688232422
2021-09-28,186.7247772216797
2021-09-29,189.0382537841797
2021-09-30,187.05902099609375
2021-10-01,188.17616271972656
2021-10-04,185.99465942382812
2021-10-05,186.36407470703125
2021-10-06,184.71031188964844
2021-10-07,183.95382690429688
2021-10-08,183.80433654785156
2021-10-11,181.82505798339844
2021-10-12,177.59393310546875
2021-10-13,179.10693359375
2021-10-14,181.8954620361328
2021-10-15,182.82786560058594
2021-10-18,178.68470764160156
2021-10-19,181.8954620361328
2021-10-20,184.4288787841797
2021-10-21,183.83949279785156
2021-10-22,184.05938720703125
2021-10-25,182.64317321777344
2021-10-26,183.56678771972656
2021-10-27,181.7195281982422
2021-10-28,182.23854064941406
2021-10-29,182.0625762939453
2021-11-01,184.54319763183594
2021-11-02,188.4752655029297
2021-11-03,191.8795623779297
2021-11-04,189.06463623046875
2021-11-05,188.0442352294922
2021-11-08,185.9330596923828
2021-11-09,186.23214721679688
2021-11-10,187.5516357421875
2021-11-11,186.1002197265625
2021-11-12,185.95066833496094
2021-11-15,183.97254943847656
2021-11-16,182.1895751953125
2021-11-17,182.57102966308594
2021-11-18,180.97434997558594
2021-11-19,182.80166625976562
2021-11-22,179.830078125
2021-11-23,181.4267578125
2021-11-24,180.92999267578125
2021-11-26,178.37530517578125
2021-11-29,180.48646545410156
2021-11-30,176.4149627685547
2021-12-01,178.11807250976562
2021-12-02,178.44627380371094
2021-12-03,179.5728302001953
2021-12-06,185.2055206298828
2021-12-07,187.44976806640625
2021-12-08,189.41009521484375
2021-12-09,188.55857849121094
2021-12-10,187.06834411621094
2021-12-13,187.51185607910156
2021-12-14,189.59642028808594
2021-12-15,194.4840087890625
2021-12-16,197.43785095214844
2021-12-17,197.36688232421875
2021-12-20,195.1404266357422
2021-12-21,195.9653778076172
2021-12-22,196.50643920898438
2021-12-23,198.5111846923828
2021-12-27,199.7353057861328
2021-12-28,200.26751708984375
2021-12-29,201.8907928466797
2021-12-30,200.88844299316406
2021-12-31,199.557861328125
2022-01-03,201.0835723876953
2022-01-04,202.10369873046875
2022-01-05,199.7086639404297
2022-01-06,199.7353057861328
2022-01-07,201.6157989501953
2022-01-10,204.347900390625
2022-01-11,206.130859375
2022-01-12,205.58087158203125
2022-01-13,204.77369689941406
2022-01-14,208.77427673339844
2022-01-18,207.4170684814453
2022-01-19,205.17286682128906
2022-01-20,203.0439453125
2022-01-21,201.99725341796875
2022-01-24,200.54251098632812
2022-01-25,199.6199951171875
2022-01-26,197.4023895263672
2022-01-27,198.69744873046875
2022-01-28,203.25682067871094
2022-01-31,201.48275756835938
2022-02-01,202.8488311767578
2022-02-02,203.070556640625
2022-02-03,198.73294067382812
2022-02-04,197.02093505859375
2022-02-07,198.280517578125
2022-02-08,213.78602600097656
2022-02-09,210.39755249023438
2022-02-10,202.9729766845703
2022-02-11,202.42298889160156
2022-02-14,200.6426544189453
2022-02-15,200.34744262695312
2022-02-16,199.20228576660156
2022-02-17,198.32553100585938
2022-02-18,197.51141357421875
2022-02-22,198.08399963378906
2022-02-23,197.71719360351562
2022-02-24,196.16944885253906
2022-02-25,203.11190795898438
2022-02-28,202.6198272705078
2022-03-01,201.48367309570312
2022-03-02,204.50753784179688
2022-03-03,208.130859375
2022-03-04,208.37245178222656
2022-03-07,209.66969299316406
2022-03-08,206.75314331054688
2022-03-09,207.07521057128906
2022-03-10,203.04031372070312
2022-03-11,204.74014282226562
2022-03-14,205.06224060058594
2022-03-15,207.16465759277344
2022-03-16,207.2630615234375
2022-03-17,211.01165771484375
2022-03-18,211.36053466796875
2022-03-21,211.42318725585938
2022-03-22,211.557373046875
2022-03-23,209.5086212158203
2022-03-24,211.91522216796875
2022-03-25,213.63296508789062
2022-03-28,215.13597106933594
2022-03-29,216.0932159423828
2022-03-30,217.01475524902344
2022-03-31,216.34373474121094
2022-04-01,217.50677490234375
2022-04-04,219.0724639892578
2022-04-05,218.79510498046875
2022-04-06,223.5993194580078
2022-04-07,225.12918090820312
2022-04-08,225.4691619873047
2022-04-11,224.44032287597656
2022-04-12,223.69773864746094
2022-04-13,226.80218505859375
2022-04-14,227.25845336914062
2022-04-18,225.3886260986328
2022-04-19,226.6769256591797
2022-04-20,228.4751739501953
2022-04-21,228.54673767089844
2022-04-22,223.97508239746094
2022-04-25,225.60336303710938
2022-04-26,223.54563903808594
2022-04-27,222.57945251464844
2022-04-28,213.04248046875
2022-04-29,208.6229248046875
2022-05-02,206.59205627441406
2022-05-03,207.72830200195312
2022-05-04,211.22637939453125
2022-05-05,209.66073608398438
2022-05-06,211.58421325683594
2022-05-09,214.03555297851562
2022-05-10,215.35067749023438
2022-05-11,215.28805541992188
2022-05-12,218.938232421875
2022-05-13,217.75729370117188
2022-05-16,219.93072509765625
2022-05-17,221.26539611816406
2022-05-18,220.0118865966797
2022-05-19,220.74237060546875
2022-05-20,223.20437622070312
2022-05-23,224.59320068359375
2022-05-24,227.16343688964844
2022-05-25,228.17349243164062
2022-05-26,228.20956420898438
2022-05-27,230.2025909423828
2022-05-31,231.537353515625
2022-06-01,228.5432586669922
2022-06-02,223.90780639648438
2022-06-03,224.06112670898438
2022-06-06,221.3466033935547
2022-06-07,222.22137451171875
2022-06-08,221.38267517089844
2022-06-09,218.01881408691406
2022-06-10,216.4496307373047
2022-06-13,213.5276641845703
2022-06-14,212.56271362304688
2022-06-15,212.4545135498047
2022-06-16,208.06259155273438
2022-06-17,211.6788787841797
2022-06-21,215.00669860839844
2022-06-22,216.56686401367188
2022-06-23,219.2272491455078
2022-06-24,221.283447265625
2022-06-27,220.8144989013672
2022-06-28,219.60606384277344
2022-06-29,221.3375701904297
2022-06-30,219.41664123535156
2022-07-01,221.44581604003906
2022-07-05,222.50994873046875
2022-07-06,221.17523193359375
2022-07-07,223.13223266601562
2022-07-08,224.08819580078125
2022-07-11,223.45687866210938
2022-07-12,222.72640991210938
2022-07-13,222.83462524414062
2022-07-14,221.4818878173828
2022-07-15,224.27755737304688
2022-07-18,219.90365600585938
2022-07-19,223.04205322265625
2022-07-20,222.4197540283203
2022-07-21,221.65321350097656
2022-07-22,221.80653381347656
2022-07-25,224.3046417236328
2022-07-26,226.487060546875
2022-07-27,227.01011657714844
2022-07-28,225.23353576660156
2022-07-29,223.1772918701172
2022-08-01,221.52694702148438
2022-08-02,219.96676635742188
2022-08-03,222.8797149658203
2022-08-04,222.7353973388672
2022-08-05,222.07708740234375
2022-08-08,223.0149688720703
2022-08-09,223.97996520996094
2022-08-10,227.3437957763672
2022-08-11,223.97091674804688
2022-08-12,224.00701904296875
2022-08-15,226.4329376220703
2022-08-16,228.29974365234375
2022-08-17,227.72718811035156
2022-08-18,226.92742919921875
2022-08-19,227.981689453125
2022-08-22,224.38282775878906
2022-08-23,222.17442321777344
2022-08-24,222.19261169433594
2022-08-25,223.27406311035156
2022-08-26,218.7028045654297
2022-08-29,217.54864501953125
2022-08-30,217.31234741210938
2022-08-31,218.38473510742188
2022-09-01,223.11048889160156
2022-09-02,220.26593017578125
2022-09-06,220.12962341308594
2022-09-07,222.46522521972656
2022-09-08,223.0650634765625
2022-09-09,225.1007537841797
2022-09-12,215.94915771484375
2022-09-13,206.1704559326172
2022-09-14,207.31552124023438
2022-09-15,206.89747619628906
2022-09-16,210.0601043701172
2022-09-19,209.71475219726562
2022-09-20,206.94293212890625
2022-09-21,203.9893341064453
2022-09-22,206.9792938232422
2022-09-23,206.27044677734375
2022-09-26,206.1795196533203
2022-09-27,205.37979125976562
2022-09-28,209.91470336914062
2022-09-29,207.57908630371094
2022-09-30,204.84359741210938
2022-10-03,209.42398071289062
2022-10-04,211.76869201660156
2022-10-05,212.49569702148438
2022-10-06,209.87835693359375
2022-10-07,208.14254760742188
2022-10-10,210.97801208496094
2022-10-11,223.05596923828125
2022-10-12,223.96478271484375
2022-10-13,228.70872497558594
2022-10-14,228.41790771484375
2022-10-17,229.86289978027344
2022-10-18,229.1267547607422
2022-10-19,225.55516052246094
2022-10-20,224.8826446533203
2022-10-21,228.96316528320312
2022-10-24,237.4877471923828
2022-10-25,236.2789764404297
2022-10-26,242.3406982421875
2022-10-27,242.8587188720703
2022-10-28,248.83863830566406
2022-10-31,245.69418334960938
2022-11-01,247.2482147216797
2022-11-02,244.47640991210938
2022-11-03,241.63185119628906
2022-11-04,244.50367736816406
2022-11-07,251.75595092773438
2022-11-08,265.72412109375
2022-11-09,263.2340393066406
2022-11-10,264.47003173828125
2022-11-11,259.0262451171875
2022-11-14,259.28076171875
2022-11-15,257.7358093261719
2022-11-16,259.66656494140625
2022-11-17,262.896728515625
2022-11-18,262.8875732421875
2022-11-21,263.68365478515625
2022-11-22,262.6679382324219
2022-11-23,259.3279724121094
2022-11-25,259.6391296386719
2022-11-28,258.6142272949219
2022-11-29,258.0377197265625
2022-11-30,262.0731506347656
2022-12-01,261.6522216796875
2022-12-02,261.2587585449219
2022-12-05,260.7097473144531
2022-12-06,259.22735595703125
2022-12-07,261.4875183105469
2022-12-08,261.31365966796875
2022-12-09,254.98141479492188
2022-12-12,253.27029418945312
2022-12-13,249.1342315673828
2022-12-14,248.1002197265625
2022-12-15,243.53408813476562
2022-12-16,244.6961669921875
2022-12-19,243.13143920898438
2022-12-20,242.26210021972656
2022-12-21,243.64385986328125
2022-12-22,242.72882080078125
2022-12-23,241.50265502929688
2022-12-27,241.01766967773438
2022-12-28,239.21499633789062
2022-12-29,240.80722045898438
2022-12-30,240.3313446044922
2023-01-03,239.4254608154297
2023-01-04,241.93272399902344
2023-01-05,244.19293212890625
2023-01-06,251.82452392578125
2023-01-09,247.17601013183594
2023-01-10,250.6166229248047
2023-01-11,249.72903442382812
2023-01-12,247.9080810546875
2023-01-13,248.64926147460938
2023-01-17,246.5355224609375
2023-01-18,241.93272399902344
2023-01-19,239.77316284179688
2023-01-20,240.88037109375
2023-01-23,238.80320739746094
2023-01-24,237.64108276367188
2023-01-25,234.74951171875
2023-01-26,233.23049926757812
2023-01-27,232.10496520996094
2023-01-30,230.21994018554688
2023-01-31,230.9611358642578
2023-02-01,225.4799346923828
2023-02-02,225.58973693847656
2023-02-03,224.34524536132812
2023-02-06,223.1374053955078
2023-02-07,223.27462768554688
2023-02-08,219.79739379882812
2023-02-09,219.6144256591797
2023-02-10,221.90203857421875
2023-02-13,222.96351623535156
2023-02-14,222.50193786621094
2023-02-15,221.61575317382812
2023-02-16,216.21543884277344
2023-02-17,222.04037475585938
2023-02-21,219.92640686035156
2023-02-22,218.00628662109375
2023-02-23,219.3540496826172
2023-02-24,215.69847106933594
2023-02-27,216.42774963378906
2023-02-28,213.8522186279297
2023-03-01,218.03399658203125
2023-03-02,216.69544982910156
2023-03-03,216.7600860595703
2023-03-06,217.0370330810547
2023-03-07,211.13821411132812
2023-03-08,210.87051391601562
2023-03-09,208.43344116210938
2023-03-10,210.3535614013672
2023-03-13,215.25535583496094
2023-03-14,212.85523986816406
2023-03-15,216.8431396484375
2023-03-16,216.53855895996094
2023-03-17,212.12596130371094
2023-03-20,216.6769561767578
2023-03-21,215.04306030273438
2023-03-22,212.1628875732422
2023-03-23,215.18153381347656
2023-03-24,219.73255920410156
2023-03-27,218.56015014648438
2023-03-28,220.14796447753906
2023-03-29,222.50193786621094
2023-03-30,222.93580627441406
2023-03-31,223.1665802001953
2023-04-03,225.64981079101562
2023-04-04,228.50228881835938
2023-04-05,233.8933563232422
2023-04-06,233.8472137451172
2023-04-10,231.6132354736328
2023-04-11,232.10247802734375
2023-04-12,230.32086181640625
2023-04-13,232.11172485351562
2023-04-14,230.7824249267578
2023-04-17,229.0007781982422
2023-04-18,227.1729736328125
2023-04-19,227.28375244140625
2023-04-20,224.74514770507812
2023-04-21,225.11441040039062
2023-04-24,225.65904235839844
2023-04-25,226.04676818847656
2023-04-26,220.44337463378906
2023-04-27,221.864990234375
2023-04-28,221.3111114501953
2023-05-01,220.5356903076172
2023-05-02,217.8308868408203
2023-05-03,211.68287658691406
2023-05-04,214.0645294189453
2023-05-05,218.34786987304688
2023-05-08,216.58468627929688
2023-05-09,216.40927124023438
2023-05-10,216.11387634277344
2023-05-11,214.43377685546875
2023-05-12,215.04306030273438
2023-05-15,215.5784912109375
2023-05-16,210.36279296875
2023-05-17,209.6825408935547
2023-05-18,208.9464111328125
2023-05-19,208.1916046142578
2023-05-22,208.7227783203125
2023-05-23,209.14207458496094
2023-05-24,206.23475646972656
2023-05-25,202.63784790039062
2023-05-26,202.1439208984375
2023-05-30,203.63490295410156
2023-05-31,205.61041259765625
2023-06-01,199.66526794433594
2023-06-02,203.20628356933594
2023-06-05,206.75657653808594
2023-06-06,206.14157104492188
2023-06-07,206.1695098876953
2023-06-08,205.71292114257812
2023-06-09,203.84921264648438
2023-06-12,202.54466247558594
2023-06-13,206.85910034179688
2023-06-14,207.12930297851562
2023-06-15,212.8694305419922
2023-06-16,214.00628662109375
2023-06-20,213.0092010498047
2023-06-21,211.56483459472656
2023-06-22,214.00628662109375
2023-06-23,211.6300811767578
2023-06-26,209.41229248046875
2023-06-27,207.4368133544922
2023-06-28,206.22540283203125
2023-06-29,206.08566284179688
2023-06-30,206.8870391845703
2023-07-03,209.6732177734375
2023-07-05,210.48391723632812
2023-07-06,207.7816162109375
2023-07-07,203.74673461914062
2023-07-10,209.41229248046875
2023-07-11,208.60159301757812
2023-07-12,210.2975616455078
2023-07-13,212.14260864257812
2023-07-14,211.92828369140625
2023-07-17,212.3103485107422
2023-07-18,216.71792602539062
2023-07-19,216.23338317871094
2023-07-20,217.33291625976562
2023-07-21,218.8145751953125
2023-07-24,219.3736572265625
2023-07-25,219.2711639404297
2023-07-26,219.17800903320312
2023-07-27,219.96072387695312
2023-07-28,220.2589111328125
2023-07-31,218.19024658203125
2023-08-01,216.29859924316406
2023-08-02,214.7051544189453
2023-08-03,214.97537231445312
2023-08-04,226.69793701171875
2023-08-07,235.6995086669922
2023-08-08,243.02374267578125
2023-08-09,241.64463806152344
2023-08-10,244.19790649414062
2023-08-11,244.6172332763672
2023-08-14,243.1821746826172
2023-08-15,247.878662109375
2023-08-16,246.95611572265625
2023-08-17,247.8579864501953
2023-08-18,245.95098876953125
2023-08-21,244.89891052246094
2023-08-22,242.00555419921875
2023-08-23,241.7613067626953
2023-08-24,241.06614685058594
2023-08-25,240.84071350097656
2023-08-28,241.00039672851562
2023-08-29,243.90313720703125
2023-08-30,242.2498016357422
2023-08-31,240.80313110351562
2023-09-01,241.1507110595703
2023-09-05,238.6143341064453
2023-09-06,233.91741943359375
2023-09-07,238.9713134765625
2023-09-08,243.7058563232422
2023-09-11,245.85704040527344
2023-09-12,244.53250122070312
2023-09-13,241.63919067382812
2023-09-14,246.40187072753906
2023-09-15,244.91766357421875
2023-09-18,247.20034790039062
2023-09-19,248.2900390625
2023-09-20,255.00669860839844
2023-09-21,253.0809326171875
2023-09-22,251.47457885742188
2023-09-25,250.68553161621094
2023-09-26,252.73338317871094
2023-09-27,252.67701721191406
2023-09-28,254.40548706054688
2023-09-29,252.4703369140625
2023-10-02,250.1688690185547
2023-10-03,245.19009399414062
2023-10-04,249.35157775878906
2023-10-05,249.0133819580078
2023-10-06,251.25856018066406
2023-10-09,255.08184814453125
2023-10-10,254.8094024658203
2023-10-11,266.410888671875
2023-10-12,267.7636413574219
2023-10-13,266.8805847167969
2023-10-16,269.4920959472656
2023-10-17,267.18121337890625
2023-10-18,266.39208984375
2023-10-19,263.5927429199219
2023-10-20,261.91119384765625
2023-10-23,256.5097351074219
2023-10-24,259.38427734375
2023-10-25,255.66429138183594
2023-10-26,253.36276245117188
2023-10-27,245.71615600585938
2023-10-30,247.23797607421875
2023-10-31,240.20191955566406
2023-11-01,245.03041076660156
2023-11-02,250.43186950683594
2023-11-03,253.50367736816406
2023-11-06,256.2936706542969
2023-11-07,254.6779022216797
2023-11-08,256.6976013183594
2023-11-09,248.05519104003906
2023-11-10,251.10816955566406
2023-11-13,250.52584838867188
2023-11-14,253.65396118164062
2023-11-15,256.4815368652344
2023-11-16,254.6826934814453
2023-11-17,251.26483154296875
2023-11-20,251.22694396972656
2023-11-21,248.8316192626953
2023-11-22,250.5073699951172
2023-11-24,251.3311004638672
2023-11-27,250.2044219970703
2023-11-28,251.38787841796875
2023-11-29,252.41041564941406
2023-11-30,255.2886199951172
2023-12-01,257.9490661621094
2023-12-04,258.0343017578125
2023-12-05,256.453125
2023-12-06,255.01405334472656
2023-12-07,256.8697204589844
2023-12-08,254.79627990722656
2023-12-11,257.65557861328125
2023-12-12,259.4071044921875
2023-12-13,266.6309814453125
2023-12-14,261.613037109375
2023-12-15,260.78936767578125
2023-12-18,260.81781005859375
2023-12-19,263.6202087402344
2023-12-20,260.5337219238281
2023-12-21,264.4628601074219
2023-12-22,269.0357971191406
2023-12-26,268.7896423339844
2023-12-27,271.2796630859375
2023-12-28,273.10693359375
2023-12-29,272.6903381347656
2024-01-02,281.5616455078125
2024-01-03,284.68597412109375
2024-01-04,287.03399658203125
2024-01-05,286.873046875
2024-01-08,294.3336181640625
2024-01-09,290.9063415527344
2024-01-10,288.3594970703125
2024-01-11,286.96771240234375
2024-01-12,290.19622802734375
2024-01-16,287.3275146484375
2024-01-17,287.8955383300781
2024-01-18,288.2837219238281
2024-01-19,291.42706298828125
2024-01-22,293.6519775390625
2024-01-23,293.4152526855469
2024-01-24,289.2400207519531
2024-01-25,293.7466735839844
2024-01-26,295.17626953125
2024-01-29,296.76690673828125
2024-01-30,297.8745422363281
2024-01-31,297.53375244140625
2024-02-01,307.2855224609375
2024-02-02,305.9884338378906
2024-02-05,304.8333435058594
2024-02-06,299.2474365234375
2024-02-07,280.1225280761719
2024-02-08,279.15679931640625
2024-02-09,275.6253662109375
2024-02-12,278.7591552734375
2024-02-13,275.0194091796875
2024-02-14,274.6312561035156
2024-02-15,275.823974609375
2024-02-16,270.7000427246094
2024-02-20,270.5187683105469
2024-02-21,270.47100830078125
2024-02-22,272.1122131347656
2024-02-23,275.92889404296875
2024-02-26,273.2476806640625
2024-02-27,265.7287902832031
2024-02-28,264.7459716796875
2024-02-29,261.2823181152344
2024-03-01,267.4844665527344
2024-03-04,266.5875549316406
2024-03-05,263.9730529785156
2024-03-06,263.91583251953125
2024-03-07,260.3567810058594
2024-03-08,261.2059631347656
2024-03-11,262.7422180175781
2024-03-12,263.8681640625
2024-03-13,263.34332275390625
2024-03-14,259.0972595214844
2024-03-15,256.5495910644531
2024-03-18,258.4866027832031
2024-03-19,259.2785339355469
2024-03-20,260.5380859375
2024-03-21,264.2593688964844
2024-03-22,263.5151062011719
2024-03-25,267.9519958496094
2024-03-26,268.85845947265625
2024-03-27,273.18084716796875
2024-03-28,271.2916564941406
2024-04-01,270.0703125
2024-04-02,263.5531921386719
2024-04-03,261.84527587890625
2024-04-04,255.8053741455078
2024-04-05,257.580078125
2024-04-08,256.8644714355469
2024-04-09,257.9712829589844
2024-04-10,254.2405242919922
2024-04-11,257.6278381347656
2024-04-12,255.03244018554688
2024-04-15,253.34356689453125
2024-04-16,253.46762084960938
2024-04-17,251.96954345703125
2024-04-18,250.71005249023438
2024-04-19,256.6068115234375
2024-04-22,259.4502868652344
2024-04-23,261.0055847167969
2024-04-24,260.4999084472656
2024-04-25,257.0362243652344
2024-04-26,257.6087646484375
2024-04-29,263.7154846191406
2024-04-30,261.3872985839844
2024-05-01,264.66009521484375
2024-05-02,265.6333923339844
2024-05-03,297.0257873535156
2024-05-06,285.7569580078125
2024-05-07,286.53936767578125
2024-05-08,293.2281799316406
2024-05-09,298.5238037109375
2024-05-10,295.93798828125
2024-05-13,294.31591796875
2024-05-14,297.1402893066406
2024-05-15,304.420654296875
2024-05-16,302.4314880371094
2024-05-17,300.2693176269531
2024-05-20,302.258544921875
2024-05-21,302.5564270019531
2024-05-22,297.32879638671875
2024-05-23,294.5324401855469
2024-05-24,293.8981628417969
2024-05-28,288.46881103515625
2024-05-29,284.7979736328125
2024-05-30,289.2471923828125
2024-05-31,293.9078369140625
2024-06-03,295.41656494140625
2024-06-04,295.36846923828125
2024-06-05,295.3780822753906
2024-06-06,293.7540588378906
2024-06-07,293.1102600097656
2024-06-10,292.8219299316406
2024-06-11,288.95892333984375
2024-06-12,289.32403564453125
2024-06-13,286.8448181152344
2024-06-14,286.9600830078125
2024-06-17,291.4381408691406
2024-06-18,294.0423583984375
2024-06-20,297.7900695800781
2024-06-21,296.1276550292969
2024-06-24,305.7275695800781
2024-06-25,306.8422546386719
2024-06-26,300.6056823730469
2024-06-27,301.44171142578125
2024-06-28,300.2501220703125
2024-07-01,298.8663635253906
2024-07-02,298.63568115234375
2024-07-03,297.29998779296875
2024-07-05,298.74139404296875
2024-07-08,299.29876708984375
2024-07-09,303.5750427246094
2024-07-10,309.1101379394531
2024-07-11,312.3965759277344
2024-07-12,317.9124450683594
2024-07-15,317.2590026855469
2024-07-16,320.1322937011719
2024-07-17,322.5635070800781
2024-07-18,318.0469970703125
2024-07-19,318.3545227050781
2024-07-22,322.8517761230469
2024-07-23,320.2283630371094
2024-07-24,322.5057678222656
2024-07-25,321.2469482421875
2024-07-26,321.7754821777344
2024-07-29,319.5268859863281
2024-07-30,320.26678466796875
2024-07-31,319.4884033203125
2024-08-01,322.428955078125
2024-08-02,320.9490661621094
2024-08-05,312.521484375
2024-08-06,316.1058654785156
2024-08-07,300.29815673828125
2024-08-08,312.01220703125
2024-08-09,309.8981018066406
2024-08-12,307.5053405761719
2024-08-13,310.8206481933594
2024-08-14,310.12872314453125
2024-08-15,312.68487548828125
2024-08-16,311.0398864746094
2024-08-19,317.35858154296875
2024-08-20,317.9197998046875
2024-08-21,318.50042724609375
2024-08-22,314.0299072265625
2024-08-23,318.1617126464844
2024-08-26,316.20709228515625
2024-08-27,316.35223388671875
2024-08-28,318.8293762207031
2024-08-29,320.3002624511719
2024-08-30,323.02899169921875
2024-09-03,319.8164367675781
2024-09-04,319.9422302246094
2024-09-05,313.8653869628906
2024-09-06,310.1883544921875
2024-09-09,315.37493896484375
2024-09-10,318.2875061035156
2024-09-11,319.3035583496094
2024-09-12,319.3809814453125
2024-09-13,321.69366455078125
2024-09-16,324.4127197265625
2024-09-17,322.03228759765625
2024-09-18,322.1484680175781
2024-09-19,325.0804138183594
2024-09-20,326.4641418457031
2024-09-23,324.7513732910156
2024-09-24,320.2131652832031
2024-09-25,302.7374572753906
2024-09-26,308.7756042480469
2024-09-27,312.2301025390625
2024-09-30,311.7849426269531
2024-10-01,309.95611572265625
2024-10-02,309.3852233886719
2024-10-03,307.2080078125
2024-10-04,309.31744384765625
2024-10-07,307.1789855957031
2024-10-08,307.4015197753906
2024-10-09,311.978515625
2024-10-10,310.6238098144531
2024-10-11,317.7262878417969
2024-10-14,314.116943359375
2024-10-15,314.57177734375
2024-10-16,311.2237243652344
2024-10-17,310.93341064453125
2024-10-18,311.2527770996094
2024-10-21,306.4919128417969
2024-10-22,309.31744384765625
2024-10-23,304.7114562988281
2024-10-24,305.4759216308594
2024-10-25,306.7241516113281
2024-10-28,306.9080505371094
2024-10-29,305.77587890625
2024-10-30,305.3307800292969
2024-10-31,309.80126953125
2024-11-01,308.8916931152344
2024-11-04,306.65643310546875
2024-11-05,308.95947265625
2024-11-06,311.3785705566406
2024-11-07,311.4946594238281
2024-11-08,314.755615234375
2024-11-11,311.39788818359375
2024-11-12,289.17108154296875
2024-11-13,291.6869812011719
2024-11-14,286.3552551269531
2024-11-15,274.433837890625
2024-11-18,271.89788818359375
2024-11-19,273.05859375
2024-11-20,280.7835998535156
2024-11-21,282.7636413574219
2024-11-22,287.2796630859375
2024-11-25,286.7626953125
2024-11-26,273.1170959472656
2024-11-27,273.1756286621094
2024-11-29,275.90667724609375
2024-12-02,271.25408935546875
2024-12-03,271.46868896484375
2024-12-04,271.4101867675781
2024-12-05,267.576904296875
2024-12-06,265.8699645996094
2024-12-09,270.7956848144531
2024-12-10,268.96197509765625
2024-12-11,266.6795654296875
2024-12-12,267.31353759765625
2024-12-13,263.9582214355469
2024-12-16,259.9396667480469
2024-12-17,259.4032287597656
2024-12-18,252.40969848632812
2024-12-19,254.76039123535156
2024-12-20,256.8964538574219
2024-12-23,257.501220703125
2024-12-24,257.9791259765625
2024-12-26,256.70135498046875
2024-12-27,256.1844177246094
2024-12-30,252.91688537597656
2024-12-31,254.22393798828125
2025-01-02,252.89739990234375
2025-01-03,254.78964233398438
2025-01-06,252.22439575195312
2025-01-07,255.60897827148438
2025-01-08,257.7060546875
2025-01-10,255.77481079101562
2025-01-13,263.538818359375
2025-01-14,260.52490234375
2025-01-15,262.3196105957031
2025-01-16,262.7975158691406
2025-01-17,265.41156005859375
2025-01-21,268.0451354980469
2025-01-22,266.70880126953125
2025-01-23,271.0395202636719
2025-01-24,268.6401062011719
2025-01-27,275.9847106933594
2025-01-28,273.3999328613281
2025-01-29,274.7459716796875
2025-01-30,277.0283508300781
2025-01-31,278.3939514160156
2025-02-03,281.75897216796875
2025-02-04,281.9053039550781
2025-02-05,300.2327575683594
2025-02-06,290.4496765136719
2025-02-07,286.31402587890625
2025-02-10,287.53326416015625
2025-02-11,289.35723876953125
2025-02-12,287.7966003417969
2025-02-13,289.6595764160156
2025-02-14,286.2869873046875
2025-02-18,287.8995361328125
2025-02-19,289.34490966796875
2025-02-20,292.94366455078125
2025-02-21,297.9386901855469
2025-02-24,304.5363464355469
2025-02-25,310.3474426269531
2025-02-26,301.25225830078125
2025-02-27,300.70166015625
2025-02-28,302.9041442871094
2025-03-03,305.57861328125
2025-03-04,306.96502685546875
2025-03-05,311.271728515625
2025-03-06,312.50079345703125
2025-03-07,319.4229431152344
2025-03-10,321.8811340332031
2025-03-11,313.5528869628906
2025-03-12,307.26983642578125
2025-03-13,307.4075012207031
2025-03-14,308.4595642089844
2025-03-17,311.8616943359375
2025-03-18,313.3169250488281
2025-03-19,310.4654235839844
2025-03-20,309.767333984375
2025-03-21,310.7506103515625
2025-03-24,309.1183776855469
2025-03-25,301.7242126464844
2025-03-26,300.5934753417969
2025-03-27,300.6524658203125
2025-03-28,301.812744140625
2025-03-31,306.3357238769531
2025-04-01,301.78326416015625
2025-04-02,300.5836486816406
2025-04-03,304.6641845703125
2025-04-04,289.46295166015625
2025-04-07,284.84161376953125
2025-04-08,275.5694274902344
2025-04-09,286.2181701660156
2025-04-10,276.7001647949219
2025-04-11,281.1936950683594
2025-04-14,289.0008239746094
2025-04-15,290.3576965332031
2025-04-16,277.90960693359375
2025-04-17,272.6491394042969
2025-04-21,269.09954833984375
2025-04-22,273.74053955078125
2025-04-23,273.2489318847656
2025-04-24,275.15643310546875
2025-04-25,276.13970947265625
2025-04-28,278.35205078125
2025-04-29,283.7304992675781
2025-04-30,286.051025390625
2025-05-01,279.0304870605469
2025-05-02,276.5133361816406
2025-05-05,275.3727722167969
2025-05-06,265.9137878417969
2025-05-07,271.223388671875
2025-05-08,267.4967956542969
2025-05-09,261.4104309082031
2025-05-12,270.1614990234375
2025-05-13,265.9236145019531
2025-05-14,257.8903503417969
2025-05-15,267.1428527832031
2025-05-16,270.2178955078125
2025-05-19,273.6302185058594
2025-05-20,272.7969970703125
2025-05-21,269.1565246582031
2025-05-22,269.7120056152344
2025-05-23,269.47393798828125
2025-05-27,277.2012634277344
2025-05-28,276.1596984863281
2025-05-29,281.25836181640625
2025-05-30,285.8609924316406
2025-06-02,286.148681640625
2025-06-03,287.2398376464844
2025-06-04,284.700439453125
2025-06-05,284.7897033691406
2025-06-06,287.9936828613281
2025-06-09,287.6465148925781
2025-06-10,291.0687561035156
2025-06-11,289.4617919921875
2025-06-12,294.897705078125
2025-06-13,292.8443603515625
2025-06-16,293.1816101074219
2025-06-17,287.7159423828125
2025-06-18,287.2993469238281
2025-06-20,287.0017395019531
2025-06-23,270.2476806640625
2025-06-24,275.25701904296875
2025-06-25,278.0940246582031
2025-06-26,276.8639831542969
2025-06-27,274.8999328613281
2025-06-30,276.9631652832031
2025-07-01,288.1821594238281
2025-07-02,294.46124267578125
2025-07-03,295.84002685546875
2025-07-07,290.5926208496094
2025-07-08,294.6100158691406
2025-07-09,294.1338806152344
2025-07-10,297.9529113769531
2025-07-11,292.8939514160156
2025-07-14,294.6397705078125
2025-07-15,290.1561584472656
2025-07-16,296.61376953125
2025-07-17,295.8499755859375
2025-07-18,292.3880615234375
2025-07-21,293.4891052246094
2025-07-22,303.2301025390625
2025-07-23,306.731689453125
2025-07-24,306.06707763671875
2025-07-25,304.1129150390625
2025-07-28,298.8655090332031
2025-07-29,301.11724853515625
2025-07-30,298.9448547363281
2025-07-31,292.7253112792969
2025-08-01,294.4909973144531
2025-08-04,299.5102844238281
2025-08-05,297.66522216796875
2025-08-06,282.3792724609375
2025-08-07,282.4090270996094
2025-08-08,285.9106140136719
2025-08-11,282.7958679199219
2025-08-12,282.686767578125
2025-08-13,287.0017395019531
2025-08-14,287.95404052734375
2025-08-15,294.08428955078125
2025-08-18,290.2652587890625
2025-08-19,293.17169189453125
2025-08-20,294.064453125
2025-08-21,293.3800048828125
2025-08-22,293.7200012207031
2025-08-25,288.4700012207031
2025-08-26,289.5799865722656
2025-08-27,287.9700012207031
2025-08-28,285.6099853515625
2025-08-29,287.7099914550781
2025-09-02,286.9200134277344
2025-09-03,283.8500061035156
2025-09-04,280.1000061035156
2025-09-05,283.6400146484375
2025-09-08,280.19000244140625
2025-09-09,279.9700012207031
2025-09-10,278.510009765625
2025-09-11,282.7300109863281
2025-09-12,276.3900146484375
2025-09-15,274.3999938964844
2025-09-16,273.0799865722656
2025-09-17,274.7099914550781
2025-09-18,275.8299865722656
2025-09-19,285.4100036621094
2025-09-22,286.0
2025-09-23,286.80999755859375
2025-09-24,279.2200012207031
2025-09-25,271.17999267578125
2025-09-26,272.9800109863281
2025-09-29,273.9700012207031
2025-09-30,282.20001220703125
2025-10-01,298.5
2025-10-02,297.3999938964844
2025-10-03,297.8900146484375
2025-10-06,294.1199951171875
2025-10-07,295.5400085449219
2025-10-08,294.6199951171875
2025-10-09,295.42999267578125
2025-10-10,290.1300048828125
2025-10-13,292.3999938964844
2025-10-14,293.8500061035156
2025-10-15,297.32000732421875
2025-10-16,295.80999755859375
2025-10-17,298.80999755859375
2025-10-20,303.3299865722656
2025-10-21,301.1400146484375
2025-10-22,295.9800109863281
2025-10-23,292.8900146484375
2025-10-24,291.760009765625
2025-10-27,291.1600036621094
2025-10-28,292.0899963378906
2025-10-29,293.2300109863281
