date,COP
2020-01-02,53.051509857177734
2020-01-03,53.24600601196289
2020-01-06,53.878150939941406
2020-01-07,53.878150939941406
2020-01-08,52.63008117675781
2020-01-09,53.545867919921875
2020-01-10,53.01907730102539
2020-01-13,52.78404998779297
2020-01-14,52.79216384887695
2020-01-15,52.67870330810547
2020-01-16,52.735435485839844
2020-01-17,52.735435485839844
2020-01-21,51.89257049560547
2020-01-22,51.065921783447266
2020-01-23,51.17127990722656
2020-01-24,50.749839782714844
2020-01-27,49.46935272216797
2020-01-28,49.582801818847656
2020-01-29,49.02359390258789
2020-01-30,49.347774505615234
2020-01-31,48.1645393371582
2020-02-03,47.96192932128906
2020-02-04,45.781837463378906
2020-02-05,47.63774871826172
2020-02-06,47.337894439697266
2020-02-07,46.997501373291016
2020-02-10,46.90024185180664
2020-02-11,47.581016540527344
2020-02-12,48.431976318359375
2020-02-13,48.00757598876953
2020-02-14,47.84432601928711
2020-02-18,47.58315658569336
2020-02-19,48.366695404052734
2020-02-20,48.056541442871094
2020-02-21,47.697425842285156
2020-02-24,46.0161018371582
2020-02-25,43.93484878540039
2020-02-26,41.763797760009766
2020-02-27,38.466461181640625
2020-02-28,39.51931381225586
2020-03-02,40.1804313659668
2020-03-03,39.27445602416992
2020-03-04,40.34366226196289
2020-03-05,38.93166732788086
2020-03-06,36.997344970703125
2020-03-09,27.807174682617188
2020-03-10,28.468278884887695
2020-03-11,26.574745178222656
2020-03-12,23.01620864868164
2020-03-13,25.611656188964844
2020-03-16,21.28590965270996
2020-03-17,21.424663543701172
2020-03-18,18.502748489379883
2020-03-19,20.885984420776367
2020-03-20,21.90620994567871
2020-03-23,20.037160873413086
2020-03-24,25.089298248291016
2020-03-25,25.252534866333008
2020-03-26,26.191143035888672
2020-03-27,23.87319564819336
2020-03-30,23.905845642089844
2020-03-31,25.138273239135742
2020-04-01,24.175182342529297
2020-04-02,27.635774612426758
2020-04-03,26.860408782958984
2020-04-06,26.770626068115234
2020-04-07,27.154226303100586
2020-04-08,29.1212215423584
2020-04-09,28.34585189819336
2020-04-13,27.994890213012695
2020-04-14,27.815340042114258
2020-04-15,26.28092384338379
2020-04-16,25.35863494873047
2020-04-17,28.778413772583008
2020-04-20,28.215261459350586
2020-04-21,27.088932037353516
2020-04-22,28.549894332885742
2020-04-23,29.529308319091797
2020-04-24,29.455852508544922
2020-04-27,30.320995330810547
2020-04-28,31.406517028808594
2020-04-29,34.450862884521484
2020-04-30,34.361083984375
2020-05-01,31.945192337036133
2020-05-04,32.94093704223633
2020-05-05,33.39798355102539
2020-05-06,33.047035217285156
2020-05-07,34.62225341796875
2020-05-08,35.51253890991211
2020-05-11,34.84482192993164
2020-05-12,34.27603530883789
2020-05-13,32.88290023803711
2020-05-14,32.915870666503906
2020-05-15,33.69075393676758
2020-05-18,35.941200256347656
2020-05-19,35.174560546875
2020-05-20,36.394596099853516
2020-05-21,36.040138244628906
2020-05-22,35.677406311035156
2020-05-26,35.9989013671875
2020-05-27,36.8232421875
2020-05-28,35.454837799072266
2020-05-29,34.77063751220703
2020-06-01,35.76808547973633
2020-06-02,36.435813903808594
2020-06-03,37.19418716430664
2020-06-04,36.856231689453125
2020-06-05,40.054649353027344
2020-06-08,41.4725227355957
2020-06-09,40.0876350402832
2020-06-10,37.845420837402344
2020-06-11,34.7211799621582
2020-06-12,36.04835891723633
2020-06-15,35.73511505126953
2020-06-16,37.18595504760742
2020-06-17,36.28743362426758
2020-06-18,36.64189147949219
2020-06-19,36.02363204956055
2020-06-22,35.908233642578125
2020-06-23,36.11431121826172
2020-06-24,33.7896728515625
2020-06-25,34.67171859741211
2020-06-26,33.26210021972656
2020-06-29,34.04522705078125
2020-06-30,34.638736724853516
2020-07-01,33.58358383178711
2020-07-02,34.440887451171875
2020-07-06,34.317256927490234
2020-07-07,33.50115203857422
2020-07-08,33.83089065551758
2020-07-09,31.613407135009766
2020-07-10,32.71803283691406
2020-07-13,32.693302154541016
2020-07-14,34.053470611572266
2020-07-15,34.308998107910156
2020-07-16,34.28427505493164
2020-07-17,33.27666091918945
2020-07-20,32.75202178955078
2020-07-21,34.69232177734375
2020-07-22,34.051109313964844
2020-07-23,33.69302749633789
2020-07-24,33.543121337890625
2020-07-27,33.11842346191406
2020-07-28,32.44389343261719
2020-07-29,33.2599983215332
2020-07-30,31.344667434692383
2020-07-31,31.13648223876953
2020-08-03,30.57021141052246
2020-08-04,31.344667434692383
2020-08-05,31.661115646362305
2020-08-06,31.686100006103516
2020-08-07,31.894287109375
2020-08-10,33.01017761230469
2020-08-11,33.06846618652344
2020-08-12,34.69232177734375
2020-08-13,33.834590911865234
2020-08-14,33.99281311035156
2020-08-17,33.89289093017578
2020-08-18,33.58475875854492
2020-08-19,33.01850509643555
2020-08-20,32.285675048828125
2020-08-21,31.777700424194336
2020-08-24,32.36894989013672
2020-08-25,32.352298736572266
2020-08-26,31.278045654296875
2020-08-27,31.769372940063477
2020-08-28,31.96091079711914
2020-08-31,31.552858352661133
2020-09-01,30.94495964050293
2020-09-02,30.295413970947266
2020-09-03,29.970640182495117
2020-09-04,29.862382888793945
2020-09-08,28.363435745239258
2020-09-09,28.6965274810791
2020-09-10,27.414094924926758
2020-09-11,27.572317123413086
2020-09-14,27.91374397277832
2020-09-15,28.14691925048828
2020-09-16,29.21283531188965
2020-09-17,30.053909301757812
2020-09-18,29.870708465576172
2020-09-21,28.613262176513672
2020-09-22,28.563289642333984
2020-09-23,27.414094924926758
2020-09-24,27.980365753173828
2020-09-25,28.06364631652832
2020-09-28,28.071971893310547
2020-09-29,27.03103256225586
2020-09-30,27.34747886657715
2020-10-01,27.006053924560547
2020-10-02,27.53900909423828
2020-10-05,28.546632766723633
2020-10-06,27.730541229248047
2020-10-07,28.588274002075195
2020-10-08,29.587570190429688
2020-10-09,29.25447654724121
2020-10-12,29.637535095214844
2020-10-13,29.04629135131836
2020-10-14,28.754825592041016
2020-10-15,29.479320526123047
2020-10-16,28.467731475830078
2020-10-19,27.565725326538086
2020-10-20,27.464574813842773
2020-10-21,25.829172134399414
2020-10-22,26.899768829345703
2020-10-23,27.43085479736328
2020-10-26,25.559419631958008
2020-10-27,25.508840560913086
2020-10-28,24.26964569091797
2020-10-29,24.58155059814453
2020-10-30,24.126333236694336
2020-11-02,25.483543395996094
2020-11-03,24.707996368408203
2020-11-04,25.609989166259766
2020-11-05,25.39081573486328
2020-11-06,24.606840133666992
2020-11-09,28.13896369934082
2020-11-10,29.951383590698242
2020-11-11,29.74064826965332
2020-11-12,28.6700439453125
2020-11-13,29.808076858520508
2020-11-16,32.101016998291016
2020-11-17,32.7501106262207
2020-11-18,33.028289794921875
2020-11-19,33.272762298583984
2020-11-20,33.424503326416016
2020-11-23,36.00404739379883
2020-11-24,37.43712615966797
2020-11-25,36.779605865478516
2020-11-27,36.063045501708984
2020-11-30,33.348636627197266
2020-12-01,33.10416793823242
2020-12-02,33.69425964355469
2020-12-03,34.73113250732422
2020-12-04,37.31910705566406
2020-12-07,36.09677505493164
2020-12-08,35.978759765625
2020-12-09,35.9956169128418
2020-12-10,37.09150695800781
2020-12-11,36.65314483642578
2020-12-14,35.6752815246582
2020-12-15,36.079917907714844
2020-12-16,35.6752815246582
2020-12-17,35.38023376464844
2020-12-18,34.545677185058594
2020-12-21,33.9218635559082
2020-12-22,32.9018440246582
2020-12-23,33.786983489990234
2020-12-24,33.28962326049805
2020-12-28,33.12945556640625
2020-12-29,32.93556594848633
2020-12-30,33.72797393798828
2020-12-31,33.711116790771484
2021-01-04,33.35706329345703
2021-01-05,35.270652770996094
2021-01-06,36.678428649902344
2021-01-07,37.68158721923828
2021-01-08,37.68158721923828
2021-01-11,38.237972259521484
2021-01-12,39.974525451660156
2021-01-13,39.645755767822266
2021-01-14,40.35386657714844
2021-01-15,38.035648345947266
2021-01-19,38.77748107910156
2021-01-20,38.237972259521484
2021-01-21,36.40868377685547
2021-01-22,35.987186431884766
2021-01-25,35.89446258544922
2021-01-26,35.13577651977539
2021-01-27,34.267494201660156
2021-01-28,34.6552734375
2021-01-29,33.74483108520508
2021-02-01,34.318084716796875
2021-02-02,34.53725051879883
2021-02-03,36.425540924072266
2021-02-04,37.09992599487305
2021-02-05,37.445560455322266
2021-02-08,39.43501281738281
2021-02-09,39.51930618286133
2021-02-10,39.83121109008789
2021-02-11,39.50794219970703
2021-02-12,40.120460510253906
2021-02-16,41.55820083618164
2021-02-17,41.9920654296875
2021-02-18,40.571353912353516
2021-02-19,41.192378997802734
2021-02-22,43.28518295288086
2021-02-23,44.323081970214844
2021-02-24,46.50944519042969
2021-02-25,45.1142578125
2021-02-26,44.24650955200195
2021-03-01,44.75694274902344
2021-03-02,44.47620391845703
2021-03-03,45.65021514892578
2021-03-04,47.31764221191406
2021-03-05,49.63163375854492
2021-03-08,50.005950927734375
2021-03-09,49.25732421875
2021-03-10,50.5504150390625
2021-03-11,50.899227142333984
2021-03-12,50.35475540161133
2021-03-15,49.4785041809082
2021-03-16,48.13434982299805
2021-03-17,48.34703063964844
2021-03-18,45.41201400756836
2021-03-19,44.74844741821289
2021-03-22,44.44218444824219
2021-03-23,43.991294860839844
2021-03-24,45.26738739013672
2021-03-25,45.57365036010742
2021-03-26,46.82423400878906
2021-03-29,45.80335235595703
2021-03-30,45.45454025268555
2021-03-31,45.06321334838867
2021-04-01,45.956478118896484
2021-04-05,44.416656494140625
2021-04-06,44.731422424316406
2021-04-07,44.56129455566406
2021-04-08,43.591453552246094
2021-04-09,43.582942962646484
2021-04-12,43.26816177368164
2021-04-13,43.208621978759766
2021-04-14,44.825008392333984
2021-04-15,44.152923583984375
2021-04-16,43.46383285522461
2021-04-19,43.2936897277832
2021-04-20,41.38804626464844
2021-04-21,42.57056427001953
2021-04-22,42.0771369934082
2021-04-23,42.29833984375
2021-04-26,42.74921798706055
2021-04-27,43.64249038696289
2021-04-28,45.122764587402344
2021-04-29,45.1993408203125
2021-04-30,43.50638198852539
2021-05-03,44.86754608154297
2021-05-04,44.72292709350586
2021-05-05,47.164512634277344
2021-05-06,47.385711669921875
2021-05-07,48.57674026489258
2021-05-10,48.49165344238281
2021-05-11,47.4027099609375
2021-05-12,47.3771858215332
2021-05-13,46.50270462036133
2021-05-14,48.45746612548828
2021-05-17,49.98354721069336
2021-05-18,49.11762237548828
2021-05-19,47.65156555175781
2021-05-20,47.488651275634766
2021-05-21,47.7115592956543
2021-05-24,48.097373962402344
2021-05-25,47.051395416259766
2021-05-26,47.514373779296875
2021-05-27,47.608680725097656
2021-05-28,47.78873062133789
2021-06-01,49.95782470703125
2021-06-02,50.57511901855469
2021-06-03,50.98664855957031
2021-06-04,51.31242370605469
2021-06-07,51.278141021728516
2021-06-08,51.843994140625
2021-06-09,51.166683197021484
2021-06-10,51.5867919921875
2021-06-11,51.41532516479492
2021-06-14,51.70682144165039
2021-06-15,52.44414138793945
2021-06-16,52.409854888916016
2021-06-17,50.59226608276367
2021-06-18,49.3233757019043
2021-06-21,51.826847076416016
2021-06-22,52.118343353271484
2021-06-23,52.092620849609375
2021-06-24,52.63276290893555
2021-06-25,52.564170837402344
2021-06-28,51.08953094482422
2021-06-29,50.62656784057617
2021-06-30,52.21266555786133
2021-07-01,53.910221099853516
2021-07-02,53.79875564575195
2021-07-06,51.68109893798828
2021-07-07,50.59226608276367
2021-07-08,50.763729095458984
2021-07-09,51.55250549316406
2021-07-12,51.26958084106445
2021-07-13,50.97807312011719
2021-07-14,49.443416595458984
2021-07-15,48.937583923339844
2021-07-16,47.58296203613281
2021-07-19,46.039730072021484
2021-07-20,46.699893951416016
2021-07-21,48.886131286621094
2021-07-22,48.58606719970703
2021-07-23,47.80854797363281
2021-07-26,49.13032913208008
2021-07-27,48.663822174072266
2021-07-28,49.000736236572266
2021-07-29,49.31174850463867
2021-07-30,48.430564880371094
2021-08-02,47.84310531616211
2021-08-03,48.93163299560547
2021-08-04,47.454349517822266
2021-08-05,48.33552932739258
2021-08-06,48.81068420410156
2021-08-09,47.90357971191406
2021-08-10,48.793399810791016
2021-08-11,49.406761169433594
2021-08-12,49.27718734741211
2021-08-13,48.352806091308594
2021-08-16,47.35068893432617
2021-08-17,47.10015106201172
2021-08-18,46.244869232177734
2021-08-19,45.3032112121582
2021-08-20,45.588314056396484
2021-08-23,47.333396911621094
2021-08-24,47.869014739990234
2021-08-25,48.3960075378418
2021-08-26,47.62712860107422
2021-08-27,49.01801681518555
2021-08-30,48.55150604248047
2021-08-31,47.972686767578125
2021-09-01,47.21244812011719
2021-09-02,48.897064208984375
2021-09-03,48.586063385009766
2021-09-07,48.3614501953125
2021-09-08,47.756717681884766
2021-09-09,48.015899658203125
2021-09-10,48.145477294921875
2021-09-13,49.75233459472656
2021-09-14,49.190799713134766
2021-09-15,51.246891021728516
2021-09-16,51.16914367675781
2021-09-17,50.901329040527344
2021-09-20,49.303096771240234
2021-09-21,51.255531311035156
2021-09-22,53.78676986694336
2021-09-23,55.0394401550293
2021-09-24,56.1711540222168
2021-09-27,57.631160736083984
2021-09-28,58.572818756103516
2021-09-29,58.7801513671875
2021-09-30,58.54689407348633
2021-10-01,60.55979537963867
2021-10-04,61.760616302490234
2021-10-05,61.967960357666016
2021-10-06,62.037071228027344
2021-10-07,61.777896881103516
2021-10-08,64.72382354736328
2021-10-11,63.903106689453125
2021-10-12,63.419342041015625
2021-10-13,63.26380920410156
2021-10-14,63.79942321777344
2021-10-15,64.04998016357422
2021-10-18,64.36099243164062
2021-10-19,65.06936645507812
2021-10-20,65.67412567138672
2021-10-21,64.4387435913086
2021-10-22,65.41495513916016
2021-10-25,66.10604858398438
2021-10-26,66.54666137695312
2021-10-27,64.6867904663086
2021-10-28,65.31256103515625
2021-10-29,64.73892974853516
2021-11-01,64.82585144042969
2021-11-02,63.470062255859375
2021-11-03,63.218017578125
2021-11-04,63.71339797973633
2021-11-05,65.5732650756836
2021-11-08,65.99046325683594
2021-11-09,65.83399200439453
2021-11-10,63.444000244140625
2021-11-11,62.69657516479492
2021-11-12,62.88775634765625
2021-11-15,63.20064163208008
2021-11-16,63.131107330322266
2021-11-17,62.548824310302734
2021-11-18,63.20064163208008
2021-11-19,60.497745513916016
2021-11-22,62.47929000854492
2021-11-23,64.12189483642578
2021-11-24,65.0344467163086
2021-11-26,62.12297821044922
2021-11-29,62.70527267456055
2021-11-30,60.949684143066406
2021-12-01,60.141414642333984
2021-12-02,61.931766510009766
2021-12-03,61.80139923095703
2021-12-06,63.27885437011719
2021-12-07,64.8084716796875
2021-12-08,64.40867614746094
2021-12-09,63.05290222167969
2021-12-10,63.86985397338867
2021-12-13,61.723175048828125
2021-12-14,61.427696228027344
2021-12-15,61.45375442504883
2021-12-16,62.31416320800781
2021-12-17,59.628658294677734
2021-12-20,59.619991302490234
2021-12-21,61.427696228027344
2021-12-22,61.775352478027344
2021-12-23,61.87093734741211
2021-12-27,63.62649917602539
2021-12-28,63.548274993896484
2021-12-29,63.37446212768555
2021-12-30,62.818260192871094
2021-12-31,62.9054069519043
2022-01-03,64.29109191894531
2022-01-04,67.07990264892578
2022-01-05,65.92953491210938
2022-01-06,68.40460205078125
2022-01-07,70.27835083007812
2022-01-10,70.61821746826172
2022-01-11,72.84929656982422
2022-01-12,73.55522155761719
2022-01-13,72.87544250488281
2022-01-14,75.59452819824219
2022-01-18,76.26561737060547
2022-01-19,76.06514739990234
2022-01-20,74.62715911865234
2022-01-21,72.09107971191406
2022-01-24,72.3525161743164
2022-01-25,75.91700744628906
2022-01-26,75.87342834472656
2022-01-27,78.13934326171875
2022-01-28,77.75587463378906
2022-01-31,77.23297882080078
2022-02-01,79.77777099609375
2022-02-02,80.3616943359375
2022-02-03,79.19385528564453
2022-02-04,80.06537628173828
2022-02-07,80.99789428710938
2022-02-08,79.5947494506836
2022-02-09,81.00658416748047
2022-02-10,80.10025024414062
2022-02-11,81.91332244873047
2022-02-14,80.18781280517578
2022-02-15,78.5499038696289
2022-02-16,79.01412963867188
2022-02-17,79.84622192382812
2022-02-18,78.50611114501953
2022-02-22,76.92949676513672
2022-02-23,77.27986907958984
2022-02-24,76.84191131591797
2022-02-25,79.94256591796875
2022-02-28,83.08702850341797
2022-03-01,84.9263916015625
2022-03-02,85.87236022949219
2022-03-03,85.32054901123047
2022-03-04,87.82556915283203
2022-03-07,88.70147705078125
2022-03-08,86.53801727294922
2022-03-09,84.26946258544922
2022-03-10,87.34386444091797
2022-03-11,86.19644927978516
2022-03-14,84.5672836303711
2022-03-15,83.25345611572266
2022-03-16,83.05197143554688
2022-03-17,86.5643081665039
2022-03-18,87.23873901367188
2022-03-21,90.00654602050781
2022-03-22,89.1394271850586
2022-03-23,91.41673278808594
2022-03-24,91.56564331054688
2022-03-25,94.15827941894531
2022-03-28,90.65470886230469
2022-03-29,88.19347381591797
2022-03-30,88.81719970703125
2022-03-31,87.85083770751953
2022-04-01,88.36039733886719
2022-04-04,88.33403015136719
2022-04-05,86.13773345947266
2022-04-06,85.68970489501953
2022-04-07,87.8156967163086
2022-04-08,90.5302963256836
2022-04-11,86.07626342773438
2022-04-12,87.85083770751953
2022-04-13,88.05290985107422
2022-04-14,89.05441284179688
2022-04-18,90.8992691040039
2022-04-19,89.2213134765625
2022-04-20,90.19646453857422
2022-04-21,86.68242645263672
2022-04-22,84.34558868408203
2022-04-25,80.52408599853516
2022-04-26,80.22541046142578
2022-04-27,81.75399017333984
2022-04-28,85.6985092163086
2022-04-29,83.91511535644531
2022-05-02,84.26652526855469
2022-05-03,86.91083526611328
2022-05-04,91.24189758300781
2022-05-05,90.36338806152344
2022-05-06,94.6065902709961
2022-05-09,85.39100646972656
2022-05-10,86.09382629394531
2022-05-11,87.00749969482422
2022-05-12,87.49943542480469
2022-05-13,90.40730285644531
2022-05-16,93.09880065917969
2022-05-17,94.44012451171875
2022-05-18,92.19869232177734
2022-05-19,92.31339263916016
2022-05-20,92.67520904541016
2022-05-23,96.20502471923828
2022-05-24,96.61095428466797
2022-05-25,98.12877655029297
2022-05-26,99.84955596923828
2022-05-27,101.12909698486328
2022-05-31,99.15243530273438
2022-06-01,102.14393615722656
2022-06-02,101.44676971435547
2022-06-03,104.23534393310547
2022-06-06,103.58233642578125
2022-06-07,108.28580474853516
2022-06-08,107.53573608398438
2022-06-09,104.62360382080078
2022-06-10,103.09697723388672
2022-06-13,98.62294006347656
2022-06-14,98.3846664428711
2022-06-15,96.47858428955078
2022-06-16,90.3808364868164
2022-06-17,82.72114562988281
2022-06-21,87.60992431640625
2022-06-22,82.12106323242188
2022-06-23,77.55878448486328
2022-06-24,80.22380065917969
2022-06-27,82.02018737792969
2022-06-28,84.67919921875
2022-06-29,81.33543395996094
2022-06-30,79.86808013916016
2022-07-01,80.90856170654297
2022-07-05,75.2703857421875
2022-07-06,74.11429595947266
2022-07-07,76.79108428955078
2022-07-08,76.88893127441406
2022-07-11,76.07965850830078
2022-07-12,74.21212005615234
2022-07-13,73.9097671508789
2022-07-14,72.5758056640625
2022-07-15,73.71411895751953
2022-07-18,75.65279388427734
2022-07-19,78.68531036376953
2022-07-20,80.66844940185547
2022-07-21,79.08548736572266
2022-07-22,78.37405395507812
2022-07-25,81.86011505126953
2022-07-26,81.0063705444336
2022-07-27,82.9450454711914
2022-07-28,83.6476058959961
2022-07-29,86.64454650878906
2022-08-01,84.5724868774414
2022-08-02,84.22564697265625
2022-08-03,81.2109146118164
2022-08-04,79.93032836914062
2022-08-05,82.5715560913086
2022-08-08,83.26521301269531
2022-08-09,84.93708038330078
2022-08-10,85.35506439208984
2022-08-11,89.25020599365234
2022-08-12,91.37561798095703
2022-08-15,90.01781463623047
2022-08-16,89.41929626464844
2022-08-17,90.54486083984375
2022-08-18,93.68927001953125
2022-08-19,93.9215316772461
2022-08-22,94.0108413696289
2022-08-23,96.87834930419922
2022-08-24,98.72747039794922
2022-08-25,100.12104797363281
2022-08-26,100.15677642822266
2022-08-29,101.31803131103516
2022-08-30,98.7096176147461
2022-08-31,97.77165222167969
2022-09-01,96.05651092529297
2022-09-02,98.49522399902344
2022-09-06,97.03914642333984
2022-09-07,95.36868286132812
2022-09-08,96.7622299194336
2022-09-09,100.02277374267578
2022-09-12,102.1845703125
2022-09-13,100.34436798095703
2022-09-14,105.15030670166016
2022-09-15,103.22969818115234
2022-09-16,101.05899047851562
2022-09-19,100.82673645019531
2022-09-20,100.11209106445312
2022-09-21,99.23667907714844
2022-09-22,98.31655883789062
2022-09-23,89.85701751708984
2022-09-26,88.61532592773438
2022-09-27,88.22228240966797
2022-09-28,93.33293151855469
2022-09-29,93.93098449707031
2022-09-30,92.73487854003906
2022-10-03,99.64876556396484
2022-10-04,104.76848602294922
2022-10-05,105.0494155883789
2022-10-06,106.60796356201172
2022-10-07,107.38725280761719
2022-10-10,105.8377456665039
2022-10-11,104.73223876953125
2022-10-12,105.38468170166016
2022-10-13,111.22025299072266
2022-10-14,106.88887023925781
2022-10-17,107.25133514404297
2022-10-18,106.82542419433594
2022-10-19,109.74320983886719
2022-10-20,110.37752532958984
2022-10-21,112.8060073852539
2022-10-24,113.39498138427734
2022-10-25,112.3076171875
2022-10-26,114.6907730102539
2022-10-27,114.75419616699219
2022-10-28,115.23446655273438
2022-10-31,114.2558364868164
2022-11-01,115.78722381591797
2022-11-02,114.63642120361328
2022-11-03,121.26033020019531
2022-11-04,119.90111541748047
2022-11-07,122.27521514892578
2022-11-08,121.82213592529297
2022-11-09,113.50373077392578
2022-11-10,117.30953979492188
2022-11-11,121.38719177246094
2022-11-14,121.00515747070312
2022-11-15,121.96935272216797
2022-11-16,117.55774688720703
2022-11-17,119.33147430419922
2022-11-18,116.96648406982422
2022-11-21,114.14671325683594
2022-11-22,118.2308578491211
2022-11-23,115.28373718261719
2022-11-25,115.34739685058594
2022-11-28,112.6458511352539
2022-11-29,113.018798828125
2022-11-30,112.34569549560547
2022-12-01,111.93637084960938
2022-12-02,111.13592529296875
2022-12-05,108.57991790771484
2022-12-06,105.15979766845703
2022-12-07,104.49577331542969
2022-12-08,102.421875
2022-12-09,100.0750732421875
2022-12-12,101.67597198486328
2022-12-13,103.15865325927734
2022-12-14,102.66744232177734
2022-12-15,102.37638854980469
2022-12-16,100.45710754394531
2022-12-19,100.45710754394531
2022-12-20,102.46734619140625
2022-12-21,105.76923370361328
2022-12-22,102.69474029541016
2022-12-23,107.13387298583984
2022-12-27,108.43357849121094
2022-12-28,105.5412826538086
2022-12-29,106.52976989746094
2022-12-30,108.0033950805664
2023-01-03,103.53682708740234
2023-01-04,103.73816680908203
2023-01-05,106.87760925292969
2023-01-06,108.21389770507812
2023-01-09,107.4176025390625
2023-01-10,108.07662200927734
2023-01-11,108.22306823730469
2023-01-12,109.98039245605469
2023-01-13,111.1794204711914
2023-01-17,110.05361938476562
2023-01-18,108.50679016113281
2023-01-19,109.50445556640625
2023-01-20,111.48146057128906
2023-01-23,109.95294189453125
2023-01-24,108.7447738647461
2023-01-25,110.17261505126953
2023-01-26,114.09001159667969
2023-01-27,113.13813018798828
2023-01-30,110.31904602050781
2023-01-31,111.54553985595703
2023-02-01,107.72879791259766
2023-02-02,101.8709945678711
2023-02-03,98.95123291015625
2023-02-06,98.38377380371094
2023-02-07,102.52999114990234
2023-02-08,101.40420532226562
2023-02-09,100.61705017089844
2023-02-10,105.31246185302734
2023-02-13,103.25310516357422
2023-02-14,104.39309692382812
2023-02-15,102.64631652832031
2023-02-16,99.62163543701172
2023-02-17,95.72356414794922
2023-02-21,96.81758880615234
2023-02-22,95.6867904663086
2023-02-23,96.92790222167969
2023-02-24,96.76244354248047
2023-02-27,97.32325744628906
2023-02-28,95.01566314697266
2023-03-01,97.6817855834961
2023-03-02,99.59404754638672
2023-03-03,99.87905883789062
2023-03-06,100.72486114501953
2023-03-07,98.96887969970703
2023-03-08,98.582763671875
2023-03-09,97.27726745605469
2023-03-10,95.81549072265625
2023-03-13,92.56096649169922
2023-03-14,93.18614196777344
2023-03-15,87.55964660644531
2023-03-16,88.62610626220703
2023-03-17,86.77821350097656
2023-03-20,88.40545654296875
2023-03-21,91.66918182373047
2023-03-22,90.437255859375
2023-03-23,88.64447784423828
2023-03-24,87.73432922363281
2023-03-27,89.6190185546875
2023-03-28,90.59031677246094
2023-03-29,92.27391052246094
2023-03-30,91.8114013671875
2023-03-31,91.77439880371094
2023-04-03,100.29411315917969
2023-04-04,98.3330078125
2023-04-05,99.67433166503906
2023-04-06,98.29600524902344
2023-04-10,98.00923156738281
2023-04-11,98.74927520751953
2023-04-12,99.47081756591797
2023-04-13,100.8676528930664
2023-04-14,100.36812591552734
2023-04-17,97.69471740722656
2023-04-18,97.08418273925781
2023-04-19,97.37095642089844
2023-04-20,96.00188446044922
2023-04-21,94.5958023071289
2023-04-24,95.88162994384766
2023-04-25,94.43853759765625
2023-04-26,92.93995666503906
2023-04-27,93.64300537109375
2023-04-28,95.1785888671875
2023-05-01,94.8455581665039
2023-05-02,91.24711608886719
2023-05-03,88.88822937011719
2023-05-04,90.06304168701172
2023-05-05,92.84745788574219
2023-05-08,93.33772277832031
2023-05-09,93.9205093383789
2023-05-10,92.93995666503906
2023-05-11,92.40342712402344
2023-05-12,91.9779052734375
2023-05-15,93.25174713134766
2023-05-16,91.18755340576172
2023-05-17,93.64227294921875
2023-05-18,93.67017364501953
2023-05-19,95.39964294433594
2023-05-22,96.45035552978516
2023-05-23,97.06402587890625
2023-05-24,96.68280792236328
2023-05-25,94.55350494384766
2023-05-26,94.70227813720703
2023-05-30,94.09790802001953
2023-05-31,92.33123779296875
2023-06-01,92.54509735107422
2023-06-02,95.16718292236328
2023-06-05,94.90684509277344
2023-06-06,94.78595733642578
2023-06-07,97.45453643798828
2023-06-08,97.2035140991211
2023-06-09,96.59911346435547
2023-06-12,95.60420227050781
2023-06-13,96.15280151367188
2023-06-14,95.46472930908203
2023-06-15,96.84086608886719
2023-06-16,97.55682373046875
2023-06-20,94.86964416503906
2023-06-21,96.42243957519531
2023-06-22,94.31175231933594
2023-06-23,93.40982818603516
2023-06-26,94.76615905761719
2023-06-27,94.27974700927734
2023-06-28,95.88864135742188
2023-06-29,96.40312957763672
2023-06-30,96.9176025390625
2023-07-03,97.49755859375
2023-07-05,97.3011245727539
2023-07-06,93.85881805419922
2023-07-07,96.56214141845703
2023-07-10,97.60980224609375
2023-07-11,100.50021362304688
2023-07-12,102.24942779541016
2023-07-13,103.40933227539062
2023-07-14,100.1728286743164
2023-07-17,99.56480407714844
2023-07-18,101.72560119628906
2023-07-19,102.40843963623047
2023-07-20,104.4756851196289
2023-07-21,105.59817504882812
2023-07-24,107.30998229980469
2023-07-25,108.67566680908203
2023-07-26,109.28369140625
2023-07-27,108.30152893066406
2023-07-28,108.44181823730469
2023-07-31,110.11621856689453
2023-08-01,109.79815673828125
2023-08-02,108.12378692626953
2023-08-03,107.56254577636719
2023-08-04,106.36521911621094
2023-08-07,107.08549499511719
2023-08-08,108.12378692626953
2023-08-09,108.91888427734375
2023-08-10,108.3482894897461
2023-08-11,110.20040130615234
2023-08-14,110.08814239501953
2023-08-15,108.51921844482422
2023-08-16,107.70186614990234
2023-08-17,109.66539001464844
2023-08-18,110.19149017333984
2023-08-21,110.1163330078125
2023-08-22,109.12049102783203
2023-08-23,108.80105590820312
2023-08-24,107.8521728515625
2023-08-25,109.46808624267578
2023-08-28,110.40756225585938
2023-08-29,110.53910064697266
2023-08-30,111.51615905761719
2023-08-31,111.82617950439453
2023-09-01,114.7479476928711
2023-09-05,115.39620971679688
2023-09-06,115.6216812133789
2023-09-07,114.34397888183594
2023-09-08,115.29286193847656
2023-09-11,113.15084075927734
2023-09-12,115.63107299804688
2023-09-13,114.90767669677734
2023-09-14,116.96513366699219
2023-09-15,116.09142303466797
2023-09-18,116.94634246826172
2023-09-19,115.70624542236328
2023-09-20,113.83666229248047
2023-09-21,111.8637466430664
2023-09-22,111.94832611083984
2023-09-25,113.74272918701172
2023-09-26,112.86900329589844
2023-09-27,116.22089385986328
2023-09-28,115.87154388427734
2023-09-29,113.114501953125
2023-10-02,110.56517028808594
2023-10-03,111.03726959228516
2023-10-04,107.00555419921875
2023-10-05,107.09052276611328
2023-10-06,108.8939437866211
2023-10-09,115.02177429199219
2023-10-10,113.67156219482422
2023-10-11,113.34110260009766
2023-10-12,114.35139465332031
2023-10-13,117.8921127319336
2023-10-16,118.31700134277344
2023-10-17,118.45863342285156
2023-10-18,119.52556610107422
2023-10-19,119.32728576660156
2023-10-20,117.13675689697266
2023-10-23,114.56855010986328
2023-10-24,113.25611877441406
2023-10-25,113.6904525756836
2023-10-26,111.7076416015625
2023-10-27,111.2260971069336
2023-10-30,111.54712677001953
2023-10-31,112.17030334472656
2023-11-01,110.1591567993164
2023-11-02,115.21060180664062
2023-11-03,113.0672836303711
2023-11-06,111.85871887207031
2023-11-07,108.81841278076172
2023-11-08,108.06304168701172
2023-11-09,107.77979278564453
2023-11-10,109.15831756591797
2023-11-13,109.47146606445312
2023-11-14,109.64228820800781
2023-11-15,109.15831756591797
2023-11-16,106.27348327636719
2023-11-17,108.74076843261719
2023-11-20,109.49993896484375
2023-11-21,109.29117584228516
2023-11-22,108.98750305175781
2023-11-24,109.59484100341797
2023-11-27,108.94005584716797
2023-11-28,109.11087799072266
2023-11-29,108.15242767333984
2023-11-30,109.67076110839844
2023-12-01,109.34810638427734
2023-12-04,108.683837890625
2023-12-05,107.36479949951172
2023-12-06,104.87852478027344
2023-12-07,105.19168090820312
2023-12-08,106.34941101074219
2023-12-11,106.43482208251953
2023-12-12,105.3909683227539
2023-12-13,106.14063262939453
2023-12-14,109.08238983154297
2023-12-15,108.6933364868164
2023-12-18,109.03495788574219
2023-12-19,110.54379272460938
2023-12-20,110.73358917236328
2023-12-21,110.8664321899414
2023-12-22,111.65406799316406
2023-12-26,112.94464111328125
2023-12-27,112.44171142578125
2023-12-28,110.55328369140625
2023-12-29,110.14522552490234
2024-01-02,111.58763122558594
2024-01-03,113.80819702148438
2024-01-04,110.53430938720703
2024-01-05,110.58174896240234
2024-01-08,108.65538024902344
2024-01-09,107.00418853759766
2024-01-10,105.50483703613281
2024-01-11,105.33403015136719
2024-01-12,105.99829864501953
2024-01-16,103.09449005126953
2024-01-17,102.07910919189453
2024-01-18,101.4717788696289
2024-01-19,102.36380004882812
2024-01-22,102.54409790039062
2024-01-23,102.47767639160156
2024-01-24,104.0719223022461
2024-01-25,106.33043670654297
2024-01-26,106.50123596191406
2024-01-29,105.90339660644531
2024-01-30,108.22834777832031
2024-01-31,106.15961456298828
2024-02-01,105.69463348388672
2024-02-02,104.98291778564453
2024-02-05,104.35659790039062
2024-02-06,105.82747650146484
2024-02-07,106.5866470336914
2024-02-08,108.08599853515625
2024-02-09,105.48585510253906
2024-02-12,105.42892456054688
2024-02-13,104.16680908203125
2024-02-14,104.49895477294922
2024-02-15,106.08545684814453
2024-02-16,105.67449951171875
2024-02-20,104.69009399414062
2024-02-21,107.8726577758789
2024-02-22,107.25143432617188
2024-02-23,106.57286834716797
2024-02-26,107.44258117675781
2024-02-27,106.66844177246094
2024-02-28,107.07939910888672
2024-02-29,107.5572738647461
2024-03-01,109.18199920654297
2024-03-04,106.69711303710938
2024-03-05,106.29570770263672
2024-03-06,107.0316162109375
2024-03-07,107.7484130859375
2024-03-08,107.99691009521484
2024-03-11,110.14727783203125
2024-03-12,109.92745971679688
2024-03-13,112.345458984375
2024-03-14,114.47672271728516
2024-03-15,114.72520446777344
2024-03-18,114.93547058105469
2024-03-19,116.6175308227539
2024-03-20,116.51241302490234
2024-03-21,118.04157257080078
2024-03-22,117.58281707763672
2024-03-25,120.64114379882812
2024-03-26,120.4117660522461
2024-03-27,121.22413635253906
2024-03-28,121.64464569091797
2024-04-01,122.98265838623047
2024-04-02,124.88455200195312
2024-04-03,125.80207061767578
2024-04-04,125.9167251586914
2024-04-05,127.6083755493164
2024-04-08,126.55708312988281
2024-04-09,126.39462280273438
2024-04-10,126.9393539428711
2024-04-11,127.03491973876953
2024-04-12,125.3910903930664
2024-04-15,124.483154296875
2024-04-16,123.79503631591797
2024-04-17,122.64815521240234
2024-04-18,122.15118408203125
2024-04-19,123.65166473388672
2024-04-22,123.60388946533203
2024-04-23,124.09130859375
2024-04-24,123.55610656738281
2024-04-25,124.34934997558594
2024-04-26,124.47358703613281
2024-04-29,124.4544906616211
2024-04-30,120.05814361572266
2024-05-01,118.8348159790039
2024-05-02,116.83736419677734
2024-05-03,116.8182373046875
2024-05-06,118.0798110961914
2024-05-07,118.07023620605469
2024-05-08,117.61148834228516
2024-05-09,117.9268798828125
2024-05-10,117.25362396240234
2024-05-13,116.94583129882812
2024-05-14,116.41685485839844
2024-05-15,116.08982849121094
2024-05-16,115.2530746459961
2024-05-17,117.06126403808594
2024-05-20,116.2725830078125
2024-05-21,115.8109130859375
2024-05-22,113.67571258544922
2024-05-23,113.15633392333984
2024-05-24,112.7716064453125
2024-05-28,114.41629028320312
2024-05-29,110.8479995727539
2024-05-30,109.24178314208984
2024-05-31,112.03102111816406
2024-06-03,109.52071380615234
2024-06-04,107.98181915283203
2024-06-05,107.94335174560547
2024-06-06,107.91448974609375
2024-06-07,107.72213745117188
2024-06-10,108.97248077392578
2024-06-11,109.28987121582031
2024-06-12,107.90486907958984
2024-06-13,106.65453338623047
2024-06-14,105.21182250976562
2024-06-17,105.35609436035156
2024-06-18,105.2310562133789
2024-06-20,107.07772827148438
2024-06-21,107.08733367919922
2024-06-24,110.77105712890625
2024-06-25,110.5979232788086
2024-06-26,109.27063751220703
2024-06-27,109.61688995361328
2024-06-28,110.01123046875
2024-07-01,109.99200439453125
2024-07-02,109.76115417480469
2024-07-03,110.3863296508789
2024-07-05,108.2511215209961
2024-07-08,107.94335174560547
2024-07-09,106.94306945800781
2024-07-10,108.23188781738281
2024-07-11,109.63612365722656
2024-07-12,108.81858825683594
2024-07-15,110.19397735595703
2024-07-16,110.79029083251953
2024-07-17,111.64629364013672
2024-07-18,112.15605163574219
2024-07-19,109.98237609863281
2024-07-22,108.02991485595703
2024-07-23,106.59681701660156
2024-07-24,106.85650634765625
2024-07-25,106.78917694091797
2024-07-26,106.62567901611328
2024-07-29,104.95214080810547
2024-07-30,105.71195983886719
2024-07-31,106.95269012451172
2024-08-01,104.25001525878906
2024-08-02,101.7300796508789
2024-08-05,100.575927734375
2024-08-06,101.75894165039062
2024-08-07,102.84577941894531
2024-08-08,104.13459777832031
2024-08-09,104.46161651611328
2024-08-12,106.59288787841797
2024-08-13,104.95567321777344
2024-08-14,105.91476440429688
2024-08-15,107.75540924072266
2024-08-16,107.70696258544922
2024-08-19,108.24947357177734
2024-08-20,106.41851806640625
2024-08-21,106.19570922851562
2024-08-22,106.53475952148438
2024-08-23,107.92009735107422
2024-08-26,110.01262664794922
2024-08-27,108.91791534423828
2024-08-28,108.64666748046875
2024-08-29,110.79731750488281
2024-08-30,110.23543548583984
2024-09-03,106.41851806640625
2024-09-04,105.16880798339844
2024-09-05,104.0934829711914
2024-09-06,102.7081527709961
2024-09-09,102.30127716064453
2024-09-10,100.75125122070312
2024-09-11,99.36592102050781
2024-09-12,99.68562316894531
2024-09-13,100.26687622070312
2024-09-16,102.25283813476562
2024-09-17,104.90724182128906
2024-09-18,105.22693634033203
2024-09-19,107.09664916992188
2024-09-20,106.4378890991211
2024-09-23,106.26351165771484
2024-09-24,105.50788116455078
2024-09-25,102.42720794677734
2024-09-26,99.11404418945312
2024-09-27,101.44876861572266
2024-09-30,101.99127197265625
2024-10-01,105.9535140991211
2024-10-02,106.91258239746094
2024-10-03,108.9082260131836
2024-10-04,110.96200561523438
2024-10-07,111.13638305664062
2024-10-08,107.3388442993164
2024-10-09,107.50353240966797
2024-10-10,108.36572265625
2024-10-11,107.03852081298828
2024-10-14,106.05037689208984
2024-10-15,101.92345428466797
2024-10-16,101.87503051757812
2024-10-17,102.83409881591797
2024-10-18,102.36909484863281
2024-10-21,101.71033477783203
2024-10-22,101.72001647949219
2024-10-23,101.24533081054688
2024-10-24,101.10969543457031
2024-10-25,101.29375457763672
2024-10-28,100.03437042236328
2024-10-29,99.12373352050781
2024-10-30,99.76313018798828
2024-10-31,106.11819458007812
2024-11-01,104.47129821777344
2024-11-04,105.45944213867188
2024-11-05,105.79850769042969
2024-11-06,110.08042907714844
2024-11-07,108.88885498046875
2024-11-08,108.85958862304688
2024-11-11,109.30834197998047
2024-11-12,107.9328384399414
2024-11-13,109.0839614868164
2024-11-14,110.15704345703125
2024-11-15,109.57173156738281
2024-11-18,110.97650146484375
2024-11-19,110.32288360595703
2024-11-20,110.65457916259766
2024-11-21,109.1620101928711
2024-11-22,109.01567840576172
2024-11-25,103.5039291381836
2024-11-26,104.16728210449219
2024-11-27,104.76235961914062
2024-11-29,105.6891098022461
2024-12-02,103.5429458618164
2024-12-03,103.45514678955078
2024-12-04,100.977294921875
2024-12-05,101.8845443725586
2024-12-06,100.69439697265625
2024-12-09,100.6358642578125
2024-12-10,99.85543823242188
2024-12-11,99.68960571289062
2024-12-12,98.44091796875
2024-12-13,98.54822540283203
2024-12-16,97.13370513916016
2024-12-17,95.85575866699219
2024-12-18,93.50472259521484
2024-12-19,92.85111999511719
2024-12-20,92.79258728027344
2024-12-23,94.0217514038086
2024-12-24,94.73389434814453
2024-12-26,94.51927947998047
2024-12-27,94.54853820800781
2024-12-30,94.71437072753906
2024-12-31,96.74349212646484
2025-01-02,97.63123321533203
2025-01-03,98.61651611328125
2025-01-06,97.54342651367188
2025-01-07,99.18231201171875
2025-01-08,99.133544921875
2025-01-10,99.42619323730469
2025-01-13,101.6796875
2025-01-14,102.31377410888672
2025-01-15,102.89909362792969
2025-01-16,103.02591705322266
2025-01-17,103.26004791259766
2025-01-21,101.72844696044922
2025-01-22,100.5383071899414
2025-01-23,101.44554901123047
2025-01-24,99.3384017944336
2025-01-27,100.17736053466797
2025-01-28,98.89940643310547
2025-01-29,99.07500457763672
2025-01-30,98.97745513916016
2025-01-31,96.41181182861328
2025-02-03,96.07038116455078
2025-02-04,98.11898803710938
2025-02-05,97.7580337524414
2025-02-06,97.4946517944336
2025-02-07,95.95330047607422
2025-02-10,97.04590606689453
2025-02-11,99.22134399414062
2025-02-12,95.9923324584961
2025-02-13,94.5290298461914
2025-02-14,94.66671752929688
2025-02-18,95.8370132446289
2025-02-19,97.92192840576172
2025-02-20,100.31171417236328
2025-02-21,96.31891632080078
2025-02-24,97.18434143066406
2025-02-25,95.47314453125
2025-02-26,94.53886413574219
2025-02-27,95.75834655761719
2025-02-28,97.50888061523438
2025-03-03,91.09679412841797
2025-03-04,89.13973999023438
2025-03-05,87.40886688232422
2025-03-06,87.13349914550781
2025-03-07,89.12989807128906
2025-03-10,91.36233520507812
2025-03-11,93.8307876586914
2025-03-12,96.13204956054688
2025-03-13,94.59786987304688
2025-03-14,97.31219482421875
2025-03-17,97.71540832519531
2025-03-18,98.86603546142578
2025-03-19,99.65280151367188
2025-03-20,100.61656951904297
2025-03-21,100.23302459716797
2025-03-24,100.49856567382812
2025-03-25,100.85260772705078
2025-03-26,101.4918441772461
2025-03-27,101.11813354492188
2025-03-28,100.67559051513672
2025-03-31,103.2817153930664
2025-04-01,103.64559936523438
2025-04-02,104.3438491821289
2025-04-03,93.6734390258789
2025-04-04,84.86174011230469
2025-04-07,84.25199890136719
2025-04-08,81.29182434082031
2025-04-09,89.99534606933594
2025-04-10,81.91139221191406
2025-04-11,84.96007537841797
2025-04-14,85.01908874511719
2025-04-15,84.3011703491211
2025-04-16,84.93058013916016
2025-04-17,87.50721740722656
2025-04-21,86.10088348388672
2025-04-22,88.27429962158203
2025-04-23,88.44149017333984
2025-04-24,90.2805404663086
2025-04-25,90.20185852050781
2025-04-28,91.39183807373047
2025-04-29,90.35921478271484
2025-04-30,87.6448974609375
2025-05-01,89.14957427978516
2025-05-02,89.8969955444336
2025-05-05,86.1598892211914
2025-05-06,86.17955780029297
2025-05-07,86.25823211669922
2025-05-08,87.34986114501953
2025-05-09,87.12366485595703
2025-05-12,90.74275207519531
2025-05-13,92.6113052368164
2025-05-14,91.03779602050781
2025-05-15,91.42133331298828
2025-05-16,90.90010833740234
2025-05-19,89.67025756835938
2025-05-20,88.95614624023438
2025-05-21,86.43692779541016
2025-05-22,85.4252700805664
2025-05-23,84.49296569824219
2025-05-27,84.85002136230469
2025-05-28,83.8879623413086
2025-05-29,84.89961242675781
2025-05-30,84.65165710449219
2025-06-02,86.01045227050781
2025-06-03,87.19071197509766
2025-06-04,85.24674224853516
2025-06-05,84.65165710449219
2025-06-06,86.50635528564453
2025-06-09,87.31964874267578
2025-06-10,90.43395233154297
2025-06-11,92.58619689941406
2025-06-12,93.91523742675781
2025-06-13,96.16666412353516
2025-06-16,94.22270202636719
2025-06-17,94.7186050415039
2025-06-18,93.03252410888672
2025-06-20,93.91523742675781
2025-06-23,90.9596176147461
2025-06-24,88.65859985351562
2025-06-25,88.27178955078125
2025-06-26,90.14632415771484
2025-06-27,89.43222045898438
2025-06-30,89.0057373046875
2025-07-01,91.2373275756836
2025-07-02,93.66728210449219
2025-07-03,92.91349792480469
2025-07-07,91.7927474975586
2025-07-08,95.00623321533203
2025-07-09,93.75654602050781
2025-07-10,94.58967590332031
2025-07-11,94.82771301269531
2025-07-14,93.39949035644531
2025-07-15,91.7927474975586
2025-07-16,90.76126098632812
2025-07-17,92.05061340332031
2025-07-18,90.89019012451172
2025-07-21,90.25542449951172
2025-07-22,92.21923065185547
2025-07-23,94.26237487792969
2025-07-24,94.83763122558594
2025-07-25,94.17310333251953
2025-07-28,96.22616577148438
2025-07-29,97.188232421875
2025-07-30,95.87903594970703
2025-07-31,94.5599136352539
2025-08-01,92.00102996826172
2025-08-04,92.09028625488281
2025-08-05,92.43742370605469
2025-08-06,92.3481674194336
2025-08-07,91.84233856201172
2025-08-08,93.1416244506836
2025-08-11,92.76472473144531
2025-08-12,93.81604766845703
2025-08-13,95.09549713134766
2025-08-14,94.86738586425781
2025-08-15,94.55000305175781
2025-08-18,94.0
2025-08-19,93.76000213623047
2025-08-20,94.88999938964844
2025-08-21,94.77999877929688
2025-08-22,96.77999877929688
2025-08-25,98.18000030517578
2025-08-26,97.05000305175781
2025-08-27,97.9000015258789
2025-08-28,98.44999694824219
2025-08-29,98.97000122070312
2025-09-02,98.98999786376953
2025-09-03,94.6500015258789
2025-09-04,95.7699966430664
2025-09-05,92.94999694824219
2025-09-08,91.4000015258789
2025-09-09,91.86000061035156
2025-09-10,94.31999969482422
2025-09-11,94.12999725341797
2025-09-12,92.43000030517578
2025-09-15,92.33000183105469
2025-09-16,94.54000091552734
2025-09-17,93.81999969482422
2025-09-18,93.4800033569336
2025-09-19,91.91999816894531
2025-09-22,92.01000213623047
2025-09-23,93.47000122070312
2025-09-24,95.62999725341797
2025-09-25,96.80999755859375
2025-09-26,98.4800033569336
2025-09-29,95.8499984741211
2025-09-30,94.58999633789062
2025-10-01,95.45999908447266
2025-10-02,93.37999725341797
2025-10-03,94.16000366210938
2025-10-06,94.91000366210938
2025-10-07,95.2300033569336
2025-10-08,93.75
2025-10-09,91.94999694824219
2025-10-10,87.63999938964844
2025-10-13,88.77999877929688
2025-10-14,88.16999816894531
2025-10-15,87.73999786376953
2025-10-16,86.91000366210938
2025-10-17,86.4800033569336
2025-10-20,87.05999755859375
2025-10-21,86.41000366210938
2025-10-22,87.41000366210938
2025-10-23,90.08000183105469
2025-10-24,88.02999877929688
2025-10-27,88.69000244140625
2025-10-28,86.79000091552734
2025-10-29,88.29000091552734
