date,CVX
2020-01-02,93.95562744140625
2020-01-03,93.63067626953125
2020-01-06,93.31342315673828
2020-01-07,92.12184143066406
2020-01-08,91.06957244873047
2020-01-09,90.92256164550781
2020-01-10,90.09463500976562
2020-01-13,90.2648696899414
2020-01-14,89.98633575439453
2020-01-15,89.85479736328125
2020-01-16,90.44282531738281
2020-01-17,89.4292221069336
2020-01-21,87.6728286743164
2020-01-22,87.35559844970703
2020-01-23,87.51033782958984
2020-01-24,86.54317474365234
2020-01-27,85.41350555419922
2020-01-28,85.97834014892578
2020-01-29,85.39804077148438
2020-01-30,86.19499206542969
2020-01-31,82.89884948730469
2020-02-03,82.23342895507812
2020-02-04,82.6744613647461
2020-02-05,85.3283920288086
2020-02-06,84.7171401977539
2020-02-07,84.29158020019531
2020-02-10,84.94925689697266
2020-02-11,86.04796600341797
2020-02-12,86.69020080566406
2020-02-13,86.39614868164062
2020-02-14,86.1691665649414
2020-02-18,86.29439544677734
2020-02-19,86.685791015625
2020-02-20,85.95779418945312
2020-02-21,85.33158111572266
2020-02-24,81.96558380126953
2020-02-25,78.83443450927734
2020-02-26,76.74439239501953
2020-02-27,73.68370056152344
2020-02-28,73.06529998779297
2020-03-02,75.60934448242188
2020-03-03,73.8872299194336
2020-03-04,77.12796783447266
2020-03-05,76.07902526855469
2020-03-06,74.61521911621094
2020-03-09,63.147403717041016
2020-03-10,66.5212173461914
2020-03-11,64.99476623535156
2020-03-12,59.695316314697266
2020-03-13,65.30004119873047
2020-03-16,54.56023025512695
2020-03-17,55.3351936340332
2020-03-18,43.0924072265625
2020-03-19,44.92411804199219
2020-03-20,46.48969650268555
2020-03-23,42.44269561767578
2020-03-24,52.09445571899414
2020-03-25,54.22361755371094
2020-03-26,59.78923416137695
2020-03-27,53.840049743652344
2020-03-30,56.32147979736328
2020-03-31,56.720726013183594
2020-04-01,53.667850494384766
2020-04-02,59.585716247558594
2020-04-03,58.79510498046875
2020-04-06,62.92821502685547
2020-04-07,63.34309005737305
2020-04-08,67.30399322509766
2020-04-09,65.99671936035156
2020-04-13,66.46641540527344
2020-04-14,66.2315673828125
2020-04-15,64.5720443725586
2020-04-16,62.6151008605957
2020-04-17,68.23550415039062
2020-04-20,65.41749572753906
2020-04-21,63.90668869018555
2020-04-22,66.09849548339844
2020-04-23,67.94589233398438
2020-04-24,68.11027526855469
2020-04-27,70.22378540039062
2020-04-28,70.3803482055664
2020-04-29,74.06727600097656
2020-04-30,72.016357421875
2020-05-01,70.01243591308594
2020-05-04,71.57801055908203
2020-05-05,72.71304321289062
2020-05-06,70.48993682861328
2020-05-07,72.51734924316406
2020-05-08,74.7326431274414
2020-05-11,73.08878326416016
2020-05-12,71.31187438964844
2020-05-13,69.43317413330078
2020-05-14,70.48993682861328
2020-05-15,69.79325866699219
2020-05-18,73.5104751586914
2020-05-19,71.18325805664062
2020-05-20,73.86788940429688
2020-05-21,73.10540771484375
2020-05-22,71.70746612548828
2020-05-26,74.10618591308594
2020-05-27,74.58277130126953
2020-05-28,72.17607116699219
2020-05-29,72.83533477783203
2020-06-01,73.70111846923828
2020-06-02,75.2102279663086
2020-06-03,77.18798828125
2020-06-04,76.47314453125
2020-06-05,80.07121276855469
2020-06-08,82.00130462646484
2020-06-09,80.64309692382812
2020-06-10,77.5057144165039
2020-06-11,70.98465728759766
2020-06-12,73.3833999633789
2020-06-15,72.4620361328125
2020-06-16,74.6860122680664
2020-06-17,72.70825958251953
2020-06-18,73.02597045898438
2020-06-19,71.9854507446289
2020-06-22,72.74798583984375
2020-06-23,72.62883758544922
2020-06-24,69.61054992675781
2020-06-25,70.85758209228516
2020-06-26,68.67333221435547
2020-06-29,69.6343994140625
2020-06-30,70.87348175048828
2020-07-01,69.59467315673828
2020-07-02,70.14273071289062
2020-07-06,70.3492431640625
2020-07-07,68.55416870117188
2020-07-08,68.58595275878906
2020-07-09,65.71858978271484
2020-07-10,67.69637298583984
2020-07-13,67.83139038085938
2020-07-14,70.17449951171875
2020-07-15,70.60340118408203
2020-07-16,70.18244934082031
2020-07-17,69.25314331054688
2020-07-20,67.72811889648438
2020-07-21,72.58911895751953
2020-07-22,72.31111907958984
2020-07-23,72.28728485107422
2020-07-24,71.58831787109375
2020-07-27,72.31111907958984
2020-07-28,70.7781753540039
2020-07-29,71.54066467285156
2020-07-30,68.52239990234375
2020-07-31,66.67174530029297
2020-08-03,67.36275482177734
2020-08-04,68.69715118408203
2020-08-05,69.26109313964844
2020-08-06,69.47553253173828
2020-08-07,68.94337463378906
2020-08-10,71.27061462402344
2020-08-11,71.18325805664062
2020-08-12,72.05696105957031
2020-08-13,71.34208679199219
2020-08-14,71.7630615234375
2020-08-17,72.0966567993164
2020-08-18,70.60606384277344
2020-08-19,69.60694885253906
2020-08-20,68.33389282226562
2020-08-21,68.55146789550781
2020-08-24,70.25961303710938
2020-08-25,69.39746856689453
2020-08-26,68.30974578857422
2020-08-27,68.41449737548828
2020-08-28,68.99461364746094
2020-08-31,67.62486267089844
2020-09-01,66.94000244140625
2020-09-02,67.02863311767578
2020-09-03,66.29541015625
2020-09-04,66.01341247558594
2020-09-08,63.628448486328125
2020-09-09,64.4825210571289
2020-09-10,62.96775817871094
2020-09-11,62.59712219238281
2020-09-14,62.274810791015625
2020-09-15,61.51744079589844
2020-09-16,63.29808807373047
2020-09-17,63.4834098815918
2020-09-18,63.01609420776367
2020-09-21,61.47715759277344
2020-09-22,60.85673522949219
2020-09-23,57.972232818603516
2020-09-24,57.851383209228516
2020-09-25,57.875545501708984
2020-09-28,59.56758117675781
2020-09-29,57.93194580078125
2020-09-30,58.01251220703125
2020-10-01,56.73946762084961
2020-10-02,57.359886169433594
2020-10-05,58.57652282714844
2020-10-06,58.25425338745117
2020-10-07,59.446712493896484
2020-10-08,60.60695266723633
2020-10-09,59.62397384643555
2020-10-12,60.03489303588867
2020-10-13,59.14054870605469
2020-10-14,58.777957916259766
2020-10-15,59.22917175292969
2020-10-16,58.7296142578125
2020-10-19,57.43238067626953
2020-10-20,57.75468826293945
2020-10-21,57.102046966552734
2020-10-22,59.14054870605469
2020-10-23,58.471778869628906
2020-10-26,57.1584358215332
2020-10-27,56.00625228881836
2020-10-28,53.88717269897461
2020-10-29,55.43418502807617
2020-10-30,55.99818801879883
2020-11-02,58.133365631103516
2020-11-03,57.80303192138672
2020-11-04,57.82719039916992
2020-11-05,58.12532043457031
2020-11-06,57.327640533447266
2020-11-09,63.97491455078125
2020-11-10,66.93193817138672
2020-11-11,66.44044494628906
2020-11-12,64.9981918334961
2020-11-13,66.89970397949219
2020-11-16,71.67768096923828
2020-11-17,71.1626205444336
2020-11-18,68.90607452392578
2020-11-19,70.0915756225586
2020-11-20,70.14061737060547
2020-11-23,74.42476654052734
2020-11-24,78.177490234375
2020-11-25,75.33228302001953
2020-11-27,74.6536865234375
2020-11-30,71.2770767211914
2020-12-01,71.49781799316406
2020-12-02,73.47637939453125
2020-12-03,73.41913604736328
2020-12-04,76.26432800292969
2020-12-07,74.20402526855469
2020-12-08,74.84174346923828
2020-12-09,73.94239807128906
2020-12-10,76.32157135009766
2020-12-11,75.58573150634766
2020-12-14,73.12481689453125
2020-12-15,73.06757354736328
2020-12-16,72.51162719726562
2020-12-17,72.28269958496094
2020-12-18,71.28524017333984
2020-12-21,70.38590240478516
2020-12-22,68.97148895263672
2020-12-23,70.0588607788086
2020-12-24,69.76453399658203
2020-12-28,69.41297149658203
2020-12-29,69.17586517333984
2020-12-30,69.76453399658203
2020-12-31,69.04505920410156
2021-01-04,69.25764465332031
2021-01-05,71.12989807128906
2021-01-06,73.41913604736328
2021-01-07,73.76251983642578
2021-01-08,74.46565246582031
2021-01-11,74.89080047607422
2021-01-12,76.31340026855469
2021-01-13,76.23980712890625
2021-01-14,78.07119750976562
2021-01-15,75.2914047241211
2021-01-19,77.26996612548828
2021-01-20,77.98125457763672
2021-01-21,75.22600555419922
2021-01-22,74.99707794189453
2021-01-25,74.3185043334961
2021-01-26,73.05939483642578
2021-01-27,72.11097717285156
2021-01-28,72.78142547607422
2021-01-29,69.65825653076172
2021-02-01,70.64753723144531
2021-02-02,71.17896270751953
2021-02-03,72.73236846923828
2021-02-04,72.76507568359375
2021-02-05,72.97765350341797
2021-02-08,74.79268646240234
2021-02-09,74.36753845214844
2021-02-10,75.6429672241211
2021-02-11,75.23418426513672
2021-02-12,75.66748809814453
2021-02-16,77.21798706054688
2021-02-17,79.53131866455078
2021-02-18,78.76850891113281
2021-02-19,79.43180847167969
2021-02-22,81.57928466796875
2021-02-23,82.607421875
2021-02-24,85.65865325927734
2021-02-25,84.86267852783203
2021-02-26,82.91419982910156
2021-03-01,84.61393737792969
2021-03-02,84.93732452392578
2021-03-03,85.89083099365234
2021-03-04,86.64533996582031
2021-03-05,90.3764877319336
2021-03-08,90.99834442138672
2021-03-09,90.79104614257812
2021-03-10,92.34153747558594
2021-03-11,92.19227600097656
2021-03-12,92.49908447265625
2021-03-15,91.41290283203125
2021-03-16,89.24885559082031
2021-03-17,89.57221984863281
2021-03-18,86.33026885986328
2021-03-19,85.71671295166016
2021-03-22,85.02023315429688
2021-03-23,84.54762268066406
2021-03-24,86.8111801147461
2021-03-25,87.1179428100586
2021-03-26,89.1161880493164
2021-03-29,88.65185546875
2021-03-30,87.83100891113281
2021-03-31,86.88578796386719
2021-04-01,87.68177795410156
2021-04-05,86.65364837646484
2021-04-06,85.88253784179688
2021-04-07,86.3883056640625
2021-04-08,85.41822052001953
2021-04-09,85.33529663085938
2021-04-12,84.39005279541016
2021-04-13,84.77147674560547
2021-04-14,86.45462799072266
2021-04-15,85.74987030029297
2021-04-16,85.36845397949219
2021-04-19,85.6172103881836
2021-04-20,84.0169677734375
2021-04-21,85.17778015136719
2021-04-22,83.70191192626953
2021-04-23,84.19937896728516
2021-04-26,84.17449188232422
2021-04-27,85.15288543701172
2021-04-28,87.24232482910156
2021-04-29,88.63529205322266
2021-04-30,85.45967102050781
2021-05-03,87.49935150146484
2021-05-04,87.98025512695312
2021-05-05,90.34333038330078
2021-05-06,90.39305877685547
2021-05-07,91.22220611572266
2021-05-10,90.8490982055664
2021-05-11,88.46944427490234
2021-05-12,89.02498626708984
2021-05-13,88.452880859375
2021-05-14,90.76618194580078
2021-05-17,91.87721252441406
2021-05-18,89.11595153808594
2021-05-19,86.61487579345703
2021-05-20,86.9170150756836
2021-05-21,87.38701629638672
2021-05-24,88.62919616699219
2021-05-25,87.17721557617188
2021-05-26,87.38701629638672
2021-05-27,86.45541381835938
2021-05-28,87.11005401611328
2021-06-01,89.51043701171875
2021-06-02,90.71061706542969
2021-06-03,90.29935455322266
2021-06-04,91.0211410522461
2021-06-07,90.43363952636719
2021-06-08,91.25614929199219
2021-06-09,90.45883178710938
2021-06-10,90.98757934570312
2021-06-11,90.56795501708984
2021-06-14,90.61830139160156
2021-06-15,92.57386016845703
2021-06-16,92.04508972167969
2021-06-17,89.86293029785156
2021-06-18,86.47218322753906
2021-06-21,89.00685119628906
2021-06-22,89.30060577392578
2021-06-23,89.19149017333984
2021-06-24,89.92169189453125
2021-06-25,90.05596923828125
2021-06-28,87.27792358398438
2021-06-29,87.08487701416016
2021-06-30,87.9073715209961
2021-07-01,89.1411361694336
2021-07-02,89.02363586425781
2021-07-06,87.27792358398438
2021-07-07,86.38825988769531
2021-07-08,86.11129760742188
2021-07-09,87.34506225585938
2021-07-12,87.52130126953125
2021-07-13,87.22755432128906
2021-07-14,85.58255004882812
2021-07-15,85.02021789550781
2021-07-16,82.77092742919922
2021-07-19,80.53839111328125
2021-07-20,81.01679992675781
2021-07-21,83.7780532836914
2021-07-22,82.93878173828125
2021-07-23,82.97234344482422
2021-07-26,84.72648620605469
2021-07-27,84.44111633300781
2021-07-28,84.91950988769531
2021-07-29,86.08612060546875
2021-07-30,85.44824981689453
2021-08-02,85.29717254638672
2021-08-03,86.11129760742188
2021-08-04,84.18093872070312
2021-08-05,84.96147155761719
2021-08-06,85.56575775146484
2021-08-09,84.13896179199219
2021-08-10,85.67488098144531
2021-08-11,86.32112121582031
2021-08-12,86.14486694335938
2021-08-13,85.57414245605469
2021-08-16,84.70128631591797
2021-08-17,84.54181671142578
2021-08-18,82.25367736816406
2021-08-19,80.2037353515625
2021-08-20,80.21223449707031
2021-08-23,82.27920532226562
2021-08-24,83.22338104248047
2021-08-25,83.79328918457031
2021-08-26,82.69600677490234
2021-08-27,83.90386199951172
2021-08-30,83.69121551513672
2021-08-31,82.31322479248047
2021-09-01,81.41159057617188
2021-09-02,83.11280059814453
2021-09-03,82.92567443847656
2021-09-07,82.55990600585938
2021-09-08,81.98998260498047
2021-09-09,81.65825653076172
2021-09-10,81.71781158447266
2021-09-13,83.3339614868164
2021-09-14,81.8283920288086
2021-09-15,83.56362915039062
2021-09-16,82.78105926513672
2021-09-17,82.3047103881836
2021-09-20,80.62051391601562
2021-09-21,80.68006134033203
2021-09-22,83.05326080322266
2021-09-23,85.1117172241211
2021-09-24,85.571044921875
2021-09-27,87.58698272705078
2021-09-28,87.91873168945312
2021-09-29,87.89320373535156
2021-09-30,86.29407501220703
2021-10-01,88.74381256103516
2021-10-04,89.07554626464844
2021-10-05,90.04524230957031
2021-10-06,89.2541732788086
2021-10-07,89.89214324951172
2021-10-08,91.9080810546875
2021-10-11,91.1255111694336
2021-10-12,91.14251708984375
2021-10-13,91.6869125366211
2021-10-14,92.55451965332031
2021-10-15,93.23502349853516
2021-10-18,93.1924819946289
2021-10-19,95.01278686523438
2021-10-20,96.25466918945312
2021-10-21,95.04680633544922
2021-10-22,95.9484634399414
2021-10-25,96.84159088134766
2021-10-26,97.05426025390625
2021-10-27,95.32750701904297
2021-10-28,96.22065734863281
2021-10-29,97.38600158691406
2021-11-01,97.42001342773438
2021-11-02,96.8245849609375
2021-11-03,96.12709045410156
2021-11-04,96.5523910522461
2021-11-05,97.59862518310547
2021-11-08,97.94738006591797
2021-11-09,98.67040252685547
2021-11-10,97.09678649902344
2021-11-11,97.10529327392578
2021-11-12,97.16483306884766
2021-11-15,99.36790466308594
2021-11-16,99.75917053222656
2021-11-17,99.31175231933594
2021-11-18,98.47711944580078
2021-11-19,96.29161071777344
2021-11-22,98.01248168945312
2021-11-23,100.0689468383789
2021-11-24,100.83472442626953
2021-11-26,98.52877044677734
2021-11-29,98.82130432128906
2021-11-30,97.11763000488281
2021-12-01,96.45508575439453
2021-12-02,99.07083892822266
2021-12-03,98.44271850585938
2021-12-06,99.9828872680664
2021-12-07,101.46284484863281
2021-12-08,101.91886138916016
2021-12-09,101.65214538574219
2021-12-10,101.82423400878906
2021-12-13,99.70755004882812
2021-12-14,100.00010681152344
2021-12-15,99.43220520019531
2021-12-16,100.3614730834961
2021-12-17,97.74574279785156
2021-12-20,97.78878021240234
2021-12-21,99.35478210449219
2021-12-22,99.92266845703125
2021-12-23,100.1635971069336
2021-12-27,102.21141815185547
2021-12-28,102.01354217529297
2021-12-29,101.4886474609375
2021-12-30,101.0412368774414
2021-12-31,100.97239685058594
2022-01-03,102.61582946777344
2022-01-04,104.48297882080078
2022-01-05,105.1627426147461
2022-01-06,106.05757904052734
2022-01-07,107.58055114746094
2022-01-10,107.64939880371094
2022-01-11,110.11024475097656
2022-01-12,109.5595703125
2022-01-13,109.10354614257812
2022-01-14,110.96208190917969
2022-01-18,111.32347106933594
2022-01-19,110.9190673828125
2022-01-20,110.52325439453125
2022-01-21,109.19820404052734
2022-01-24,109.43051147460938
2022-01-25,114.08546447753906
2022-01-26,114.17151641845703
2022-01-27,116.47749328613281
2022-01-28,112.3818130493164
2022-01-31,113.0013198852539
2022-02-01,115.97844696044922
2022-02-02,116.51190185546875
2022-02-03,115.47077178955078
2022-02-04,116.91631317138672
2022-02-07,119.21369171142578
2022-02-08,117.39816284179688
2022-02-09,118.55976104736328
2022-02-10,117.05397033691406
2022-02-11,119.43736267089844
2022-02-14,117.5960693359375
2022-02-15,116.73527526855469
2022-02-16,116.77005767822266
2022-02-17,116.17011260986328
2022-02-18,116.0049057006836
2022-02-22,115.1180648803711
2022-02-23,117.85689544677734
2022-02-24,117.24827575683594
2022-02-25,122.05644989013672
2022-02-28,125.20393371582031
2022-03-01,130.17730712890625
2022-03-02,134.02040100097656
2022-03-03,135.82887268066406
2022-03-04,137.94168090820312
2022-03-07,140.8892059326172
2022-03-08,148.2710418701172
2022-03-09,144.5670928955078
2022-03-10,148.523193359375
2022-03-11,148.5926971435547
2022-03-14,144.95831298828125
2022-03-15,137.62001037597656
2022-03-16,137.1244354248047
2022-03-17,139.49806213378906
2022-03-18,140.61965942382812
2022-03-21,143.14979553222656
2022-03-22,142.6715850830078
2022-03-23,144.2105712890625
2022-03-24,144.59315490722656
2022-03-25,147.21026611328125
2022-03-28,144.6366424560547
2022-03-29,142.87159729003906
2022-03-30,143.8802032470703
2022-03-31,141.5760955810547
2022-04-01,142.78466796875
2022-04-04,142.91506958007812
2022-04-05,142.03689575195312
2022-04-06,143.29763793945312
2022-04-07,145.28875732421875
2022-04-08,147.74932861328125
2022-04-11,143.94972229003906
2022-04-12,146.9493865966797
2022-04-13,149.26222229003906
2022-04-14,149.19264221191406
2022-04-18,151.1924591064453
2022-04-19,149.40133666992188
2022-04-20,150.00997924804688
2022-04-21,143.09767150878906
2022-04-22,139.9414825439453
2022-04-25,136.93309020996094
2022-04-26,136.098388671875
2022-04-27,135.84628295898438
2022-04-28,140.67184448242188
2022-04-29,136.22012329101562
2022-05-02,138.8981170654297
2022-05-03,141.28048706054688
2022-05-04,145.7147674560547
2022-05-05,144.55833435058594
2022-05-06,148.41015625
2022-05-09,138.46339416503906
2022-05-10,139.79367065429688
2022-05-11,141.86302185058594
2022-05-12,143.21070861816406
2022-05-13,145.95823669433594
2022-05-16,150.4272918701172
2022-05-17,151.31419372558594
2022-05-18,147.32554626464844
2022-05-19,146.27359008789062
2022-05-20,147.1151580810547
2022-05-23,150.5339813232422
2022-05-24,151.34046936035156
2022-05-25,153.76873779296875
2022-05-26,154.80316162109375
2022-05-27,156.28463745117188
2022-05-31,153.11126708984375
2022-06-01,154.5664825439453
2022-06-02,154.2859344482422
2022-06-03,155.6885223388672
2022-06-06,155.0135498046875
2022-06-07,157.96775817871094
2022-06-08,158.7830352783203
2022-06-09,155.61839294433594
2022-06-10,153.75994873046875
2022-06-13,146.6855926513672
2022-06-14,146.8784637451172
2022-06-15,143.99436950683594
2022-06-16,136.29759216308594
2022-06-17,130.0735321044922
2022-06-21,135.51739501953125
2022-06-22,129.62648010253906
2022-06-23,124.8576431274414
2022-06-24,126.90894317626953
2022-06-27,129.3634796142578
2022-06-28,131.4410858154297
2022-06-29,128.8462677001953
2022-06-30,126.917724609375
2022-07-01,128.43426513671875
2022-07-05,125.05929565429688
2022-07-06,123.41120910644531
2022-07-07,125.81317138671875
2022-07-08,125.15570068359375
2022-07-11,124.05113983154297
2022-07-12,121.78068542480469
2022-07-13,120.9654312133789
2022-07-14,119.16836547851562
2022-07-15,120.66737365722656
2022-07-18,122.35926055908203
2022-07-19,126.76868438720703
2022-07-20,128.4430389404297
2022-07-21,127.46121215820312
2022-07-22,126.40049743652344
2022-07-25,130.1612091064453
2022-07-26,129.1443328857422
2022-07-27,130.84500122070312
2022-07-28,131.8355712890625
2022-07-29,143.57357788085938
2022-08-01,140.70700073242188
2022-08-02,139.50601196289062
2022-08-03,136.19241333007812
2022-08-04,132.49302673339844
2022-08-05,134.68460083007812
2022-08-08,134.4829864501953
2022-08-09,136.23623657226562
2022-08-10,136.5956573486328
2022-08-11,139.9268341064453
2022-08-12,140.12844848632812
2022-08-15,137.46351623535156
2022-08-16,137.11289978027344
2022-08-17,138.2437286376953
2022-08-18,140.66751098632812
2022-08-19,139.490966796875
2022-08-22,138.79212951660156
2022-08-23,143.29470825195312
2022-08-24,144.3562469482422
2022-08-25,145.6211395263672
2022-08-26,144.55084228515625
2022-08-29,145.63002014160156
2022-08-30,142.08279418945312
2022-08-31,139.81825256347656
2022-09-01,137.58909606933594
2022-09-02,139.63250732421875
2022-09-06,138.9867401123047
2022-09-07,137.208740234375
2022-09-08,137.9517822265625
2022-09-09,141.50787353515625
2022-09-12,143.74583435058594
2022-09-13,141.01246643066406
2022-09-14,144.42698669433594
2022-09-15,142.08279418945312
2022-09-16,138.39405822753906
2022-09-19,138.79212951660156
2022-09-20,138.2436981201172
2022-09-21,137.1202392578125
2022-09-22,137.0141143798828
2022-09-23,128.06207275390625
2022-09-26,124.69180297851562
2022-09-27,124.744873046875
2022-09-28,128.95550537109375
2022-09-29,128.06207275390625
2022-09-30,127.08902740478516
2022-10-03,134.21881103515625
2022-10-04,139.43789672851562
2022-10-05,140.2340087890625
2022-10-06,142.7904815673828
2022-10-07,141.56088256835938
2022-10-10,139.0044403076172
2022-10-11,139.03099060058594
2022-10-12,139.44674682617188
2022-10-13,146.20501708984375
2022-10-14,141.65818786621094
2022-10-17,142.6931915283203
2022-10-18,143.94046020507812
2022-10-19,148.61109924316406
2022-10-20,149.46031188964844
2022-10-21,153.2021026611328
2022-10-24,153.14906311035156
2022-10-25,154.74127197265625
2022-10-26,156.65200805664062
2022-10-27,157.36851501464844
2022-10-28,159.20849609375
2022-10-31,160.02227783203125
2022-11-01,161.18994140625
2022-11-02,157.89926147460938
2022-11-03,160.22576904296875
2022-11-04,162.25144958496094
2022-11-07,164.188720703125
2022-11-08,163.9499053955078
2022-11-09,157.39508056640625
2022-11-10,160.3761444091797
2022-11-11,164.9405975341797
2022-11-14,165.02023315429688
2022-11-15,166.34710693359375
2022-11-16,163.64027404785156
2022-11-17,164.10382080078125
2022-11-18,163.1232452392578
2022-11-21,161.56324768066406
2022-11-22,165.70838928222656
2022-11-23,164.23756408691406
2022-11-25,163.75616455078125
2022-11-28,158.9958953857422
2022-11-29,161.37600708007812
2022-11-30,163.4084930419922
2022-12-01,162.67755126953125
2022-12-02,161.37600708007812
2022-12-05,157.39129638671875
2022-12-06,153.3352813720703
2022-12-07,153.78993225097656
2022-12-08,154.69920349121094
2022-12-09,149.7606964111328
2022-12-12,151.32066345214844
2022-12-13,154.6902618408203
2022-12-14,153.6205596923828
2022-12-15,152.4706268310547
2022-12-16,150.40249633789062
2022-12-19,151.43655395507812
2022-12-20,153.92364501953125
2022-12-21,155.73324584960938
2022-12-22,153.39768981933594
2022-12-23,158.14013671875
2022-12-27,160.1280059814453
2022-12-28,157.76573181152344
2022-12-29,158.96023559570312
2022-12-30,160.0032196044922
2023-01-03,155.100341796875
2023-01-04,153.45118713378906
2023-01-05,156.2146453857422
2023-01-06,157.39129638671875
2023-01-09,156.16114807128906
2023-01-10,156.92776489257812
2023-01-11,156.1790008544922
2023-01-12,157.85487365722656
2023-01-13,158.2827606201172
2023-01-17,160.89463806152344
2023-01-18,157.9885711669922
2023-01-19,159.56642150878906
2023-01-20,161.2601318359375
2023-01-23,161.04620361328125
2023-01-24,161.1977081298828
2023-01-25,159.63775634765625
2023-01-26,167.40208435058594
2023-01-27,159.96755981445312
2023-01-30,155.2875213623047
2023-01-31,155.12709045410156
2023-02-01,152.75588989257812
2023-02-02,150.66099548339844
2023-02-03,151.05323791503906
2023-02-06,151.2226104736328
2023-02-07,155.18948364257812
2023-02-08,151.5435028076172
2023-02-09,150.15289306640625
2023-02-10,153.29965209960938
2023-02-13,152.44386291503906
2023-02-14,153.61166381835938
2023-02-15,151.9928741455078
2023-02-16,149.79855346679688
2023-02-17,146.45314025878906
2023-02-21,144.78941345214844
2023-02-22,144.20484924316406
2023-02-23,145.62571716308594
2023-02-24,146.05743408203125
2023-02-27,146.42617797851562
2023-02-28,144.58255004882812
2023-03-01,145.7336883544922
2023-03-02,146.1923065185547
2023-03-03,148.35067749023438
2023-03-06,149.43885803222656
2023-03-07,147.51434326171875
2023-03-08,146.5790557861328
2023-03-09,144.34872436523438
2023-03-10,143.59329223632812
2023-03-13,142.72996520996094
2023-03-14,144.5735626220703
2023-03-15,138.31434631347656
2023-03-16,138.75497436523438
2023-03-17,137.00132751464844
2023-03-20,139.01577758789062
2023-03-21,143.2695770263672
2023-03-22,140.3557891845703
2023-03-23,138.9618377685547
2023-03-24,140.3467559814453
2023-03-27,141.77670288085938
2023-03-28,143.4314422607422
2023-03-29,144.66346740722656
2023-03-30,146.03945922851562
2023-03-31,146.73190307617188
2023-04-03,152.83824157714844
2023-04-04,152.01986694335938
2023-04-05,152.77529907226562
2023-04-06,150.7698516845703
2023-04-10,151.34536743164062
2023-04-11,152.18174743652344
2023-04-12,152.7213592529297
2023-04-13,154.76275634765625
2023-04-14,155.07752990722656
2023-04-17,153.7105712890625
2023-04-18,153.35086059570312
2023-04-19,153.49473571777344
2023-04-20,152.748291015625
2023-04-21,152.09182739257812
2023-04-24,154.2141876220703
2023-04-25,151.9748992919922
2023-04-26,149.26797485351562
2023-04-27,150.14031982421875
2023-04-28,151.60618591308594
2023-05-01,150.40110778808594
2023-05-02,143.92604064941406
2023-05-03,141.0392608642578
2023-05-04,140.49069213867188
2023-05-05,144.0789337158203
2023-05-08,143.5123748779297
2023-05-09,143.0986785888672
2023-05-10,141.27305603027344
2023-05-11,140.49069213867188
2023-05-12,140.85040283203125
2023-05-15,141.37197875976562
2023-05-16,138.05352783203125
2023-05-17,140.0320281982422
2023-05-18,139.85946655273438
2023-05-19,140.96739196777344
2023-05-22,138.4337158203125
2023-05-23,142.4385528564453
2023-05-24,142.8199462890625
2023-05-25,140.3589324951172
2023-05-26,139.92303466796875
2023-05-30,139.05125427246094
2023-05-31,136.7809600830078
2023-06-01,138.179443359375
2023-06-02,141.90274047851562
2023-06-05,141.22164916992188
2023-06-06,141.47592163085938
2023-06-07,145.1447296142578
2023-06-08,144.60894775390625
2023-06-09,144.26388549804688
2023-06-12,142.8744354248047
2023-06-13,143.94601440429688
2023-06-14,142.65646362304688
2023-06-15,143.73715209960938
2023-06-16,142.8108673095703
2023-06-20,139.5597686767578
2023-06-21,140.64956665039062
2023-06-22,138.6153564453125
2023-06-23,137.4438934326172
2023-06-26,139.85946655273438
2023-06-27,139.42356872558594
2023-06-28,140.6858673095703
2023-06-29,141.8845977783203
2023-06-30,142.89259338378906
2023-07-03,142.76547241210938
2023-07-05,141.94813537597656
2023-07-06,138.83328247070312
2023-07-07,140.0501708984375
2023-07-10,140.9855499267578
2023-07-11,143.5918426513672
2023-07-12,144.97218322753906
2023-07-13,143.03790283203125
2023-07-14,139.46897888183594
2023-07-17,139.34188842773438
2023-07-18,139.62338256835938
2023-07-19,140.47702026367188
2023-07-20,142.02987670898438
2023-07-21,144.10946655273438
2023-07-24,146.951904296875
2023-07-25,147.62388610839844
2023-07-26,146.51600646972656
2023-07-27,144.9903564453125
2023-07-28,144.27296447753906
2023-07-31,148.62283325195312
2023-08-01,147.38778686523438
2023-08-02,145.05392456054688
2023-08-03,144.9994354248047
2023-08-04,144.6725311279297
2023-08-07,145.19924926757812
2023-08-08,144.9812774658203
2023-08-09,145.1719970703125
2023-08-10,146.0528564453125
2023-08-11,149.0677947998047
2023-08-14,148.95887756347656
2023-08-15,144.60894775390625
2023-08-16,144.05499267578125
2023-08-17,146.46630859375
2023-08-18,147.52066040039062
2023-08-21,147.02557373046875
2023-08-22,145.81533813476562
2023-08-23,146.0078887939453
2023-08-24,144.80679321289062
2023-08-25,145.888671875
2023-08-28,146.88804626464844
2023-08-29,146.65884399414062
2023-08-30,146.86053466796875
2023-08-31,147.70404052734375
2023-09-01,150.63795471191406
2023-09-05,152.6183624267578
2023-09-06,152.7742156982422
2023-09-07,152.78338623046875
2023-09-08,153.30599975585938
2023-09-11,150.14285278320312
2023-09-12,152.93923950195312
2023-09-13,152.37997436523438
2023-09-14,153.32431030273438
2023-09-15,152.655029296875
2023-09-18,153.3151397705078
2023-09-19,153.29681396484375
2023-09-20,152.8292236328125
2023-09-21,151.45394897460938
2023-09-22,152.4532928466797
2023-09-25,154.68125915527344
2023-09-26,153.84693908691406
2023-09-27,156.81748962402344
2023-09-28,156.40489196777344
2023-09-29,154.59872436523438
2023-10-02,152.6916961669922
2023-10-03,153.0492401123047
2023-10-04,149.4827117919922
2023-10-05,150.2711944580078
2023-10-06,148.74008178710938
2023-10-09,152.85671997070312
2023-10-10,152.6916961669922
2023-10-11,147.70404052734375
2023-10-12,147.82322692871094
2023-10-13,150.41790771484375
2023-10-16,151.646484375
2023-10-17,153.65438842773438
2023-10-18,154.873779296875
2023-10-19,155.038818359375
2023-10-20,152.95758056640625
2023-10-23,147.31895446777344
2023-10-24,143.62405395507812
2023-10-25,142.90892028808594
2023-10-26,141.88204956054688
2023-10-27,132.34683227539062
2023-10-30,133.94216918945312
2023-10-31,133.6121063232422
2023-11-01,132.0076141357422
2023-11-02,136.39013671875
2023-11-03,135.3357696533203
2023-11-06,134.77650451660156
2023-11-07,132.40188598632812
2023-11-08,130.5590057373047
2023-11-09,130.1372528076172
2023-11-10,131.06324768066406
2023-11-13,132.02593994140625
2023-11-14,132.9886474609375
2023-11-15,133.4562530517578
2023-11-16,131.34393310546875
2023-11-17,133.83609008789062
2023-11-20,133.761962890625
2023-11-21,133.44696044921875
2023-11-22,133.7156219482422
2023-11-24,134.2437286376953
2023-11-27,133.7434539794922
2023-11-28,134.80886840820312
2023-11-29,133.3265380859375
2023-11-30,133.03933715820312
2023-12-01,134.16033935546875
2023-12-04,134.21592712402344
2023-12-05,132.353759765625
2023-12-06,132.04803466796875
2023-12-07,131.94610595703125
2023-12-08,133.69708251953125
2023-12-11,133.7341766357422
2023-12-12,132.02023315429688
2023-12-13,133.97506713867188
2023-12-14,138.90379333496094
2023-12-15,138.36647033691406
2023-12-18,138.67218017578125
2023-12-19,140.48805236816406
2023-12-20,139.20028686523438
2023-12-21,139.62646484375
2023-12-22,139.9414520263672
2023-12-26,141.201416015625
2023-12-27,140.73818969726562
2023-12-28,138.75558471679688
2023-12-29,138.1904296875
2024-01-02,138.4868927001953
2024-01-03,141.12730407714844
2024-01-04,139.58010864257812
2024-01-05,139.33924865722656
2024-01-08,138.50543212890625
2024-01-09,134.98489379882812
2024-01-10,133.87313842773438
2024-01-11,134.59579467773438
2024-01-12,136.439453125
2024-01-16,133.12271118164062
2024-01-17,132.59461975097656
2024-01-18,131.39022827148438
2024-01-19,131.7793426513672
2024-01-22,132.01097106933594
2024-01-23,131.640380859375
2024-01-24,134.2622528076172
2024-01-25,137.6438446044922
2024-01-26,138.17189025878906
2024-01-29,138.1163330078125
2024-01-30,139.079833984375
2024-01-31,136.58767700195312
2024-02-01,137.01382446289062
2024-02-02,141.0439453125
2024-02-05,141.12730407714844
2024-02-06,141.1458282470703
2024-02-07,140.9420166015625
2024-02-08,142.7301025390625
2024-02-09,139.9321746826172
2024-02-12,140.89569091796875
2024-02-13,139.5245361328125
2024-02-14,139.90438842773438
2024-02-15,144.66213989257812
2024-02-16,144.82135009765625
2024-02-20,144.2313232421875
2024-02-21,145.57998657226562
2024-02-22,145.5706024169922
2024-02-23,144.84945678710938
2024-02-26,144.65277099609375
2024-02-27,142.50804138183594
2024-02-28,142.67662048339844
2024-02-29,142.36756896972656
2024-03-01,143.1168212890625
2024-03-04,139.43612670898438
2024-03-05,140.10104370117188
2024-03-06,138.92098999023438
2024-03-07,139.89501953125
2024-03-08,140.3726806640625
2024-03-11,142.35818481445312
2024-03-12,142.25515747070312
2024-03-13,144.1282958984375
2024-03-14,145.823486328125
2024-03-15,145.68299865722656
2024-03-18,145.55186462402344
2024-03-19,146.68511962890625
2024-03-20,144.74642944335938
2024-03-21,145.03677368164062
2024-03-22,144.84945678710938
2024-03-25,146.54464721679688
2024-03-26,145.42076110839844
2024-03-27,146.43226623535156
2024-03-28,147.7340850830078
2024-04-01,148.9890899658203
2024-04-02,149.64468383789062
2024-04-03,150.26283264160156
2024-04-04,150.49697875976562
2024-04-05,151.34922790527344
2024-04-08,151.04017639160156
2024-04-09,151.72386169433594
2024-04-10,152.3513641357422
2024-04-11,151.62083435058594
2024-04-12,148.87669372558594
2024-04-15,147.59359741210938
2024-04-16,146.36669921875
2024-04-17,146.47909545898438
2024-04-18,147.57485961914062
2024-04-19,149.85072326660156
2024-04-22,151.64892578125
2024-04-23,152.5199432373047
2024-04-24,153.19427490234375
2024-04-25,154.79579162597656
2024-04-26,155.36709594726562
2024-04-29,155.7791748046875
2024-04-30,151.04017639160156
2024-05-01,149.5041961669922
2024-05-02,150.53439331054688
2024-05-03,150.08486938476562
2024-05-06,152.00482177734375
2024-05-07,152.3513641357422
2024-05-08,152.22958374023438
2024-05-09,154.95501708984375
2024-05-10,155.3015594482422
2024-05-13,154.0933837890625
2024-05-14,153.2317352294922
2024-05-15,152.70726013183594
2024-05-16,152.3950653076172
2024-05-17,153.88978576660156
2024-05-20,152.44235229492188
2024-05-21,151.3355255126953
2024-05-22,149.06504821777344
2024-05-23,148.4690704345703
2024-05-24,149.2353515625
2024-05-28,150.45571899414062
2024-05-29,148.4312286376953
2024-05-30,149.71780395507812
2024-05-31,153.5397491455078
2024-06-03,148.96099853515625
2024-06-04,147.70278930664062
2024-06-05,146.61485290527344
2024-06-06,147.51356506347656
2024-06-07,147.65550231933594
2024-06-10,148.27987670898438
2024-06-11,148.04336547851562
2024-06-12,145.89585876464844
2024-06-13,144.59036254882812
2024-06-14,144.33493041992188
2024-06-17,144.92147827148438
2024-06-18,145.05392456054688
2024-06-20,148.1852569580078
2024-06-21,146.898681640625
2024-06-24,150.71115112304688
2024-06-25,149.9070281982422
2024-06-26,147.53248596191406
2024-06-27,147.88255310058594
2024-06-28,147.9771270751953
2024-07-01,148.0717315673828
2024-07-02,148.28932189941406
2024-07-03,148.25148010253906
2024-07-05,145.98101806640625
2024-07-08,145.9999542236328
2024-07-09,144.72280883789062
2024-07-10,146.7567596435547
2024-07-11,146.87974548339844
2024-07-12,147.1919403076172
2024-07-15,149.5096893310547
2024-07-16,149.25425720214844
2024-07-17,152.52748107910156
2024-07-18,153.2275848388672
2024-07-19,150.55978393554688
2024-07-22,148.51637268066406
2024-07-23,145.77288818359375
2024-07-24,146.70001220703125
2024-07-25,149.03668212890625
2024-07-26,149.32049560546875
2024-07-29,148.1474151611328
2024-07-30,150.95712280273438
2024-07-31,151.80853271484375
2024-08-01,144.3822479248047
2024-08-02,140.5319366455078
2024-08-05,136.85189819335938
2024-08-06,135.4990692138672
2024-08-07,134.72332763671875
2024-08-08,136.69107055664062
2024-08-09,137.16407775878906
2024-08-12,137.19247436523438
2024-08-13,136.36940002441406
2024-08-14,136.86134338378906
2024-08-15,138.87640380859375
2024-08-16,139.32101440429688
2024-08-19,140.45938110351562
2024-08-20,138.41221618652344
2024-08-21,139.014892578125
2024-08-22,139.40708923339844
2024-08-23,141.215087890625
2024-08-26,142.0569305419922
2024-08-27,140.57415771484375
2024-08-28,139.66539001464844
2024-08-29,141.02378845214844
2024-08-30,141.53077697753906
2024-09-03,138.383544921875
2024-09-04,135.90591430664062
2024-09-05,134.8153533935547
2024-09-06,132.54818725585938
2024-09-09,134.21270751953125
2024-09-10,132.23251342773438
2024-09-11,131.89772033691406
2024-09-12,133.17001342773438
2024-09-13,134.50926208496094
2024-09-16,135.925048828125
2024-09-17,137.18775939941406
2024-09-18,137.7139129638672
2024-09-19,138.69921875
2024-09-20,139.35926818847656
2024-09-23,141.13856506347656
2024-09-24,141.05247497558594
2024-09-25,137.7234649658203
2024-09-26,135.82937622070312
2024-09-27,139.1775360107422
2024-09-30,140.8802947998047
2024-10-01,143.20486450195312
2024-10-02,144.40060424804688
2024-10-03,144.68760681152344
2024-10-04,144.19973754882812
2024-10-07,144.56324768066406
2024-10-08,142.29608154296875
2024-10-09,143.15704345703125
2024-10-10,144.08494567871094
2024-10-11,144.8502197265625
2024-10-14,145.19461059570312
2024-10-15,141.32032775878906
2024-10-16,142.2769317626953
2024-10-17,144.6397705078125
2024-10-18,144.2093048095703
2024-10-21,144.3336639404297
2024-10-22,144.37191772460938
2024-10-23,143.9510040283203
2024-10-24,143.92230224609375
2024-10-25,144.26669311523438
2024-10-28,144.00840759277344
2024-10-29,142.0760498046875
2024-10-30,141.62643432617188
2024-10-31,142.36305236816406
2024-11-01,146.42864990234375
2024-11-04,147.2895965576172
2024-11-05,146.75389099121094
2024-11-06,150.87689208984375
2024-11-07,149.96810913085938
2024-11-08,150.1211700439453
2024-11-11,149.70982360839844
2024-11-12,148.55230712890625
2024-11-13,151.83351135253906
2024-11-14,154.7798614501953
2024-11-15,154.41635131835938
2024-11-18,155.3537139892578
2024-11-19,154.2327423095703
2024-11-20,155.90457153320312
2024-11-21,156.19447326660156
2024-11-22,156.89991760253906
2024-11-25,154.9671630859375
2024-11-26,157.064208984375
2024-11-27,156.6583251953125
2024-11-29,156.48439025878906
2024-12-02,156.7549591064453
2024-12-03,156.4747314453125
2024-12-04,152.99578857421875
2024-12-05,153.97183227539062
2024-12-06,150.0193634033203
2024-12-09,151.79750061035156
2024-12-10,151.7201690673828
2024-12-11,150.9567413330078
2024-12-12,149.50718688964844
2024-12-13,148.69541931152344
2024-12-16,144.3371124267578
2024-12-17,143.12913513183594
2024-12-18,139.23468017578125
2024-12-19,136.4031982421875
2024-12-20,138.04603576660156
2024-12-23,138.16200256347656
2024-12-24,139.0027313232422
2024-12-26,139.13804626464844
2024-12-27,139.15736389160156
2024-12-30,138.25863647460938
2024-12-31,139.96910095214844
2025-01-02,141.77622985839844
2025-01-03,142.8778839111328
2025-01-06,142.30770874023438
2025-01-07,144.55935668945312
2025-01-08,145.24549865722656
2025-01-10,147.989990234375
2025-01-13,150.12567138671875
2025-01-14,151.62353515625
2025-01-15,153.00546264648438
2025-01-16,154.0201416015625
2025-01-17,156.03985595703125
2025-01-21,152.91848754882812
2025-01-22,151.15000915527344
2025-01-23,150.76345825195312
2025-01-24,150.4155731201172
2025-01-27,151.94244384765625
2025-01-28,150.9567413330078
2025-01-29,150.45423889160156
2025-01-30,151.06304931640625
2025-01-31,144.17282104492188
2025-02-03,144.31777954101562
2025-02-04,148.06729125976562
2025-02-05,147.84503173828125
2025-02-06,146.79168701171875
2025-02-07,147.48745727539062
2025-02-10,150.53152465820312
2025-02-11,152.1453857421875
2025-02-12,149.6907958984375
2025-02-13,150.63784790039062
2025-02-14,151.78103637695312
2025-02-18,152.58224487304688
2025-02-19,153.6277313232422
2025-02-20,155.15199279785156
2025-02-21,153.32484436035156
2025-02-24,154.27261352539062
2025-02-25,152.83628845214844
2025-02-26,151.5856170654297
2025-02-27,153.08056640625
2025-02-28,154.9858856201172
2025-03-03,149.58258056640625
2025-03-04,148.51756286621094
2025-03-05,147.35482788085938
2025-03-06,149.44580078125
2025-03-07,152.75811767578125
2025-03-10,153.95994567871094
2025-03-11,150.54991149902344
2025-03-12,149.17221069335938
2025-03-13,150.09066772460938
2025-03-14,153.42254638671875
2025-03-17,155.08360290527344
2025-03-18,157.12571716308594
2025-03-19,160.29148864746094
2025-03-20,160.9949951171875
2025-03-21,160.97544860839844
2025-03-24,161.23927307128906
2025-03-25,162.13818359375
2025-03-26,164.12167358398438
2025-03-27,162.8319091796875
2025-03-28,162.2847442626953
2025-03-31,163.45726013183594
2025-04-01,164.64930725097656
2025-04-02,162.65603637695312
2025-04-03,152.5431671142578
2025-04-04,139.99734497070312
2025-04-07,136.9390411376953
2025-04-08,133.79281616210938
2025-04-09,142.684326171875
2025-04-10,131.8874969482422
2025-04-11,132.52261352539062
2025-04-14,132.2197265625
2025-04-15,131.45758056640625
2025-04-16,132.2587890625
2025-04-17,134.71128845214844
2025-04-21,130.6661376953125
2025-04-22,134.1543426513672
2025-04-23,133.5485382080078
2025-04-24,135.88380432128906
2025-04-25,135.55157470703125
2025-04-28,136.8902130126953
2025-04-29,136.10853576660156
2025-04-30,132.9427490234375
2025-05-01,133.13816833496094
2025-05-02,135.3268585205078
2025-05-05,132.39559936523438
2025-05-06,132.49330139160156
2025-05-07,132.67893981933594
2025-05-08,133.90029907226562
2025-05-09,135.3170928955078
2025-05-12,138.3753662109375
2025-05-13,139.08865356445312
2025-05-14,138.42422485351562
2025-05-15,139.00070190429688
2025-05-16,138.84439086914062
2025-05-19,136.96530151367188
2025-05-20,135.75872802734375
2025-05-21,134.0675506591797
2025-05-22,133.80052185058594
2025-05-23,135.03675842285156
2025-05-27,136.31256103515625
2025-05-28,134.52249145507812
2025-05-29,136.3916778564453
2025-05-30,135.1949920654297
2025-06-02,136.32244873046875
2025-06-03,138.0136260986328
2025-06-04,135.8576202392578
2025-06-05,135.39279174804688
2025-06-06,138.66636657714844
2025-06-09,139.21029663085938
2025-06-10,141.77178955078125
2025-06-11,143.18603515625
2025-06-12,143.3739471435547
2025-06-13,144.30360412597656
2025-06-16,144.4222869873047
2025-06-17,147.21124267578125
2025-06-18,146.55850219726562
2025-06-20,147.90353393554688
2025-06-23,145.24314880371094
2025-06-24,141.96958923339844
2025-06-25,141.65310668945312
2025-06-26,142.84979248046875
2025-06-27,142.20693969726562
2025-06-30,141.61355590820312
2025-07-01,143.96734619140625
2025-07-02,146.35081481933594
2025-07-03,146.73651123046875
2025-07-07,145.77719116210938
2025-07-08,151.5529022216797
2025-07-09,151.3353271484375
2025-07-10,152.47265625
2025-07-11,153.60011291503906
2025-07-14,149.98040771484375
2025-07-15,149.03097534179688
2025-07-16,148.2694549560547
2025-07-17,149.71337890625
2025-07-18,148.38812255859375
2025-07-21,148.03208923339844
2025-07-22,148.38812255859375
2025-07-23,151.43421936035156
2025-07-24,154.11439514160156
2025-07-25,153.13528442382812
2025-07-28,154.55943298339844
2025-07-29,155.30117797851562
2025-07-30,151.86936950683594
2025-07-31,149.97052001953125
2025-08-01,149.733154296875
2025-08-04,149.3771209716797
2025-08-05,151.3551025390625
2025-08-06,151.09796142578125
2025-08-07,151.47378540039062
2025-08-08,153.30340576171875
2025-08-11,151.76058959960938
2025-08-12,152.7397003173828
2025-08-13,154.15394592285156
2025-08-14,153.45176696777344
2025-08-15,154.8264617919922
2025-08-18,153.61001586914062
2025-08-19,152.0
2025-08-20,153.22000122070312
2025-08-21,155.5500030517578
2025-08-22,158.17999267578125
2025-08-25,158.1999969482422
2025-08-26,157.36000061035156
2025-08-27,159.24000549316406
2025-08-28,159.32000732421875
2025-08-29,160.60000610351562
2025-09-02,161.8300018310547
2025-09-03,158.05999755859375
2025-09-04,157.69000244140625
2025-09-05,153.66000366210938
2025-09-08,154.0
2025-09-09,154.85000610351562
2025-09-10,157.7899932861328
2025-09-11,158.25
2025-09-12,157.11000061035156
2025-09-15,157.30999755859375
2025-09-16,159.5399932861328
2025-09-17,160.08999633789062
2025-09-18,158.83999633789062
2025-09-19,156.2100067138672
2025-09-22,156.0500030517578
2025-09-23,157.4199981689453
2025-09-24,159.17999267578125
2025-09-25,160.72000122070312
2025-09-26,160.16000366210938
2025-09-29,156.10000610351562
2025-09-30,155.2899932861328
2025-10-01,154.5800018310547
2025-10-02,153.3699951171875
2025-10-03,153.5500030517578
2025-10-06,154.02000427246094
2025-10-07,154.91000366210938
2025-10-08,153.74000549316406
2025-10-09,151.63999938964844
2025-10-10,148.89999389648438
2025-10-13,151.94000244140625
2025-10-14,152.38999938964844
2025-10-15,152.11000061035156
2025-10-16,151.7100067138672
2025-10-17,153.0800018310547
2025-10-20,154.47999572753906
2025-10-21,153.7899932861328
2025-10-22,155.57000732421875
2025-10-23,156.55999755859375
2025-10-24,155.55999755859375
2025-10-27,155.27999877929688
2025-10-28,154.1300048828125
2025-10-29,155.60000610351562
