date,ENPH
2020-01-02,29.34000015258789
2020-01-03,29.290000915527344
2020-01-06,29.65999984741211
2020-01-07,29.989999771118164
2020-01-08,31.0
2020-01-09,31.59000015258789
2020-01-10,30.670000076293945
2020-01-13,30.790000915527344
2020-01-14,30.200000762939453
2020-01-15,30.15999984741211
2020-01-16,30.829999923706055
2020-01-17,31.5
2020-01-21,31.260000228881836
2020-01-22,31.6200008392334
2020-01-23,32.06999969482422
2020-01-24,32.70000076293945
2020-01-27,29.950000762939453
2020-01-28,32.2400016784668
2020-01-29,32.560001373291016
2020-01-30,33.4900016784668
2020-01-31,31.520000457763672
2020-02-03,32.91999816894531
2020-02-04,36.900001525878906
2020-02-05,36.90999984741211
2020-02-06,38.38999938964844
2020-02-07,38.04999923706055
2020-02-10,38.61000061035156
2020-02-11,39.65999984741211
2020-02-12,41.5
2020-02-13,41.34000015258789
2020-02-14,41.09000015258789
2020-02-18,40.16999816894531
2020-02-19,57.220001220703125
2020-02-20,58.7400016784668
2020-02-21,59.09000015258789
2020-02-24,55.2599983215332
2020-02-25,50.900001525878906
2020-02-26,51.869998931884766
2020-02-27,48.7599983215332
2020-02-28,48.970001220703125
2020-03-02,51.400001525878906
2020-03-03,52.369998931884766
2020-03-04,53.470001220703125
2020-03-05,56.689998626708984
2020-03-06,53.04999923706055
2020-03-09,43.380001068115234
2020-03-10,45.59000015258789
2020-03-11,41.72999954223633
2020-03-12,33.02000045776367
2020-03-13,32.86000061035156
2020-03-16,27.450000762939453
2020-03-17,29.280000686645508
2020-03-18,23.989999771118164
2020-03-19,26.25
2020-03-20,26.0
2020-03-23,27.510000228881836
2020-03-24,34.34000015258789
2020-03-25,36.810001373291016
2020-03-26,36.130001068115234
2020-03-27,32.380001068115234
2020-03-30,32.0
2020-03-31,32.290000915527344
2020-04-01,29.770000457763672
2020-04-02,29.920000076293945
2020-04-03,28.690000534057617
2020-04-06,34.04999923706055
2020-04-07,35.040000915527344
2020-04-08,37.93000030517578
2020-04-09,38.060001373291016
2020-04-13,37.779998779296875
2020-04-14,41.400001525878906
2020-04-15,39.61000061035156
2020-04-16,38.790000915527344
2020-04-17,38.959999084472656
2020-04-20,39.0099983215332
2020-04-21,35.5099983215332
2020-04-22,38.2400016784668
2020-04-23,39.47999954223633
2020-04-24,37.72999954223633
2020-04-27,37.209999084472656
2020-04-28,43.0
2020-04-29,48.9900016784668
2020-04-30,46.83000183105469
2020-05-01,43.25
2020-05-04,43.97999954223633
2020-05-05,44.369998931884766
2020-05-06,52.68000030517578
2020-05-07,54.4900016784668
2020-05-08,57.279998779296875
2020-05-11,59.58000183105469
2020-05-12,59.27000045776367
2020-05-13,57.470001220703125
2020-05-14,56.97999954223633
2020-05-15,58.380001068115234
2020-05-18,64.41999816894531
2020-05-19,67.04000091552734
2020-05-20,64.16999816894531
2020-05-21,59.93000030517578
2020-05-22,56.41999816894531
2020-05-26,58.43000030517578
2020-05-27,57.86000061035156
2020-05-28,55.79999923706055
2020-05-29,58.189998626708984
2020-06-01,59.68000030517578
2020-06-02,56.95000076293945
2020-06-03,53.31999969482422
2020-06-04,51.63999938964844
2020-06-05,54.59000015258789
2020-06-08,52.900001525878906
2020-06-09,51.58000183105469
2020-06-10,49.349998474121094
2020-06-11,47.65999984741211
2020-06-12,48.630001068115234
2020-06-15,50.45000076293945
2020-06-16,52.7599983215332
2020-06-17,39.040000915527344
2020-06-18,45.720001220703125
2020-06-19,46.720001220703125
2020-06-22,45.560001373291016
2020-06-23,45.4900016784668
2020-06-24,46.68000030517578
2020-06-25,45.79999923706055
2020-06-26,45.29999923706055
2020-06-29,47.45000076293945
2020-06-30,47.56999969482422
2020-07-01,49.060001373291016
2020-07-02,48.86000061035156
2020-07-06,50.15999984741211
2020-07-07,50.63999938964844
2020-07-08,54.93000030517578
2020-07-09,55.790000915527344
2020-07-10,55.43000030517578
2020-07-13,52.31999969482422
2020-07-14,55.880001068115234
2020-07-15,57.95000076293945
2020-07-16,57.7400016784668
2020-07-17,59.310001373291016
2020-07-20,63.540000915527344
2020-07-21,61.099998474121094
2020-07-22,62.08000183105469
2020-07-23,61.66999816894531
2020-07-24,59.650001525878906
2020-07-27,62.220001220703125
2020-07-28,57.22999954223633
2020-07-29,59.119998931884766
2020-07-30,59.13999938964844
2020-07-31,60.36000061035156
2020-08-03,61.209999084472656
2020-08-04,68.94999694824219
2020-08-05,74.98999786376953
2020-08-06,71.37000274658203
2020-08-07,72.83999633789062
2020-08-10,71.83999633789062
2020-08-11,67.30000305175781
2020-08-12,71.19000244140625
2020-08-13,74.87999725341797
2020-08-14,73.16000366210938
2020-08-17,75.05999755859375
2020-08-18,75.16000366210938
2020-08-19,75.48999786376953
2020-08-20,73.08999633789062
2020-08-21,73.13999938964844
2020-08-24,73.36000061035156
2020-08-25,75.93000030517578
2020-08-26,75.23999786376953
2020-08-27,73.44000244140625
2020-08-28,76.04000091552734
2020-08-31,77.2300033569336
2020-09-01,78.70999908447266
2020-09-02,77.0199966430664
2020-09-03,67.80000305175781
2020-09-04,66.16000366210938
2020-09-08,65.05000305175781
2020-09-09,67.70999908447266
2020-09-10,66.0999984741211
2020-09-11,65.0999984741211
2020-09-14,69.48999786376953
2020-09-15,72.16000366210938
2020-09-16,72.83000183105469
2020-09-17,66.87000274658203
2020-09-18,68.2699966430664
2020-09-21,70.72000122070312
2020-09-22,72.2300033569336
2020-09-23,70.2699966430664
2020-09-24,69.41000366210938
2020-09-25,73.62000274658203
2020-09-28,78.13999938964844
2020-09-29,80.80000305175781
2020-09-30,82.58999633789062
2020-10-01,89.51000213623047
2020-10-02,90.43000030517578
2020-10-05,98.05000305175781
2020-10-06,98.56999969482422
2020-10-07,107.81999969482422
2020-10-08,105.5
2020-10-09,109.18000030517578
2020-10-12,104.43000030517578
2020-10-13,106.6500015258789
2020-10-14,108.97000122070312
2020-10-15,110.70999908447266
2020-10-16,110.83999633789062
2020-10-19,114.69000244140625
2020-10-20,116.13999938964844
2020-10-21,101.52999877929688
2020-10-22,103.45999908447266
2020-10-23,103.33000183105469
2020-10-26,103.66999816894531
2020-10-27,98.62999725341797
2020-10-28,102.80999755859375
2020-10-29,102.51000213623047
2020-10-30,98.08999633789062
2020-11-02,103.83000183105469
2020-11-03,104.75
2020-11-04,106.19000244140625
2020-11-05,120.26000213623047
2020-11-06,122.52999877929688
2020-11-09,117.08000183105469
2020-11-10,109.38999938964844
2020-11-11,120.43000030517578
2020-11-12,117.20999908447266
2020-11-13,116.58999633789062
2020-11-16,119.93000030517578
2020-11-17,125.12000274658203
2020-11-18,124.91999816894531
2020-11-19,128.88999938964844
2020-11-20,129.58999633789062
2020-11-23,134.42999267578125
2020-11-24,136.02000427246094
2020-11-25,139.07000732421875
2020-11-27,140.55999755859375
2020-11-30,136.57000732421875
2020-12-01,128.85000610351562
2020-12-02,127.93000030517578
2020-12-03,127.66999816894531
2020-12-04,130.4600067138672
2020-12-07,129.32000732421875
2020-12-08,134.74000549316406
2020-12-09,127.26000213623047
2020-12-10,131.2100067138672
2020-12-11,139.91000366210938
2020-12-14,145.07000732421875
2020-12-15,160.4600067138672
2020-12-16,163.30999755859375
2020-12-17,163.52000427246094
2020-12-18,164.41000366210938
2020-12-21,170.77999877929688
2020-12-22,177.27000427246094
2020-12-23,180.32000732421875
2020-12-24,181.38999938964844
2020-12-28,175.49000549316406
2020-12-29,170.1999969482422
2020-12-30,172.92999267578125
2020-12-31,175.47000122070312
2021-01-04,172.24000549316406
2021-01-05,181.47999572753906
2021-01-06,203.3800048828125
2021-01-07,213.75999450683594
2021-01-08,207.41000366210938
2021-01-11,201.67999267578125
2021-01-12,206.49000549316406
2021-01-13,203.69000244140625
2021-01-14,208.8300018310547
2021-01-15,190.58999633789062
2021-01-19,201.27999877929688
2021-01-20,199.39999389648438
2021-01-21,212.08999633789062
2021-01-22,212.07000732421875
2021-01-25,202.72999572753906
2021-01-26,187.33999633789062
2021-01-27,179.02000427246094
2021-01-28,193.74000549316406
2021-01-29,182.35000610351562
2021-02-01,186.33999633789062
2021-02-02,192.6300048828125
2021-02-03,196.33999633789062
2021-02-04,195.6300048828125
2021-02-05,193.1999969482422
2021-02-08,197.8699951171875
2021-02-09,200.10000610351562
2021-02-10,202.07000732421875
2021-02-11,199.0800018310547
2021-02-12,206.50999450683594
2021-02-16,193.5
2021-02-17,189.33999633789062
2021-02-18,180.83999633789062
2021-02-19,189.74000549316406
2021-02-22,167.86000061035156
2021-02-23,170.88999938964844
2021-02-24,180.8699951171875
2021-02-25,167.3699951171875
2021-02-26,176.05999755859375
2021-03-01,186.4499969482422
2021-03-02,171.69000244140625
2021-03-03,161.1199951171875
2021-03-04,149.8800048828125
2021-03-05,143.5500030517578
2021-03-08,132.05999755859375
2021-03-09,148.6999969482422
2021-03-10,152.42999267578125
2021-03-11,165.33999633789062
2021-03-12,164.7100067138672
2021-03-15,174.16000366210938
2021-03-16,166.30999755859375
2021-03-17,163.82000732421875
2021-03-18,148.47999572753906
2021-03-19,154.9499969482422
2021-03-22,161.11000061035156
2021-03-23,155.97000122070312
2021-03-24,147.97999572753906
2021-03-25,148.47999572753906
2021-03-26,152.07000732421875
2021-03-29,142.13999938964844
2021-03-30,150.60000610351562
2021-03-31,162.16000366210938
2021-04-01,162.69000244140625
2021-04-05,149.4199981689453
2021-04-06,157.9199981689453
2021-04-07,150.00999450683594
2021-04-08,153.1300048828125
2021-04-09,151.35000610351562
2021-04-12,151.8699951171875
2021-04-13,153.08999633789062
2021-04-14,151.91000366210938
2021-04-15,145.7899932861328
2021-04-16,150.00999450683594
2021-04-19,141.13999938964844
2021-04-20,147.0
2021-04-21,155.0800018310547
2021-04-22,160.8800048828125
2021-04-23,166.97000122070312
2021-04-26,172.64999389648438
2021-04-27,171.10000610351562
2021-04-28,146.91000366210938
2021-04-29,143.39999389648438
2021-04-30,139.25
2021-05-03,136.41000366210938
2021-05-04,127.83000183105469
2021-05-05,126.87999725341797
2021-05-06,121.94000244140625
2021-05-07,122.95999908447266
2021-05-10,118.12000274658203
2021-05-11,121.41999816894531
2021-05-12,117.16999816894531
2021-05-13,114.61000061035156
2021-05-14,119.77999877929688
2021-05-17,118.41999816894531
2021-05-18,122.51000213623047
2021-05-19,130.6699981689453
2021-05-20,141.82000732421875
2021-05-21,142.27999877929688
2021-05-24,140.8699951171875
2021-05-25,138.52999877929688
2021-05-26,143.0399932861328
2021-05-27,142.30999755859375
2021-05-28,143.0500030517578
2021-06-01,139.44000244140625
2021-06-02,139.1699981689453
2021-06-03,134.1300048828125
2021-06-04,134.6999969482422
2021-06-07,137.47000122070312
2021-06-08,139.14999389648438
2021-06-09,136.97000122070312
2021-06-10,143.5
2021-06-11,147.1300048828125
2021-06-14,147.64999389648438
2021-06-15,144.9199981689453
2021-06-16,152.02000427246094
2021-06-17,161.99000549316406
2021-06-18,165.85000610351562
2021-06-21,163.0800018310547
2021-06-22,167.3000030517578
2021-06-23,170.24000549316406
2021-06-24,170.77000427246094
2021-06-25,175.38999938964844
2021-06-28,188.3300018310547
2021-06-29,185.7100067138672
2021-06-30,183.6300048828125
2021-07-01,183.11000061035156
2021-07-02,186.41000366210938
2021-07-06,188.80999755859375
2021-07-07,181.8300018310547
2021-07-08,179.72000122070312
2021-07-09,183.8000030517578
2021-07-12,185.72000122070312
2021-07-13,184.05999755859375
2021-07-14,170.7899932861328
2021-07-15,165.2899932861328
2021-07-16,163.4499969482422
2021-07-19,165.27999877929688
2021-07-20,172.08999633789062
2021-07-21,179.7899932861328
2021-07-22,178.94000244140625
2021-07-23,178.17999267578125
2021-07-26,176.67999267578125
2021-07-27,172.86000061035156
2021-07-28,181.4199981689453
2021-07-29,182.05999755859375
2021-07-30,189.60000610351562
2021-08-02,183.11000061035156
2021-08-03,192.6199951171875
2021-08-04,193.92999267578125
2021-08-05,183.4499969482422
2021-08-06,179.74000549316406
2021-08-09,185.55999755859375
2021-08-10,184.08999633789062
2021-08-11,182.2899932861328
2021-08-12,181.2899932861328
2021-08-13,175.0
2021-08-16,167.5399932861328
2021-08-17,163.47999572753906
2021-08-18,162.47000122070312
2021-08-19,162.88999938964844
2021-08-20,165.99000549316406
2021-08-23,172.24000549316406
2021-08-24,172.9199981689453
2021-08-25,172.91000366210938
2021-08-26,172.42999267578125
2021-08-27,174.99000549316406
2021-08-30,177.77999877929688
2021-08-31,173.72999572753906
2021-09-01,176.42999267578125
2021-09-02,176.88999938964844
2021-09-03,173.94000244140625
2021-09-07,168.72999572753906
2021-09-08,163.3800048828125
2021-09-09,161.36000061035156
2021-09-10,158.22000122070312
2021-09-13,160.08999633789062
2021-09-14,157.9499969482422
2021-09-15,155.52999877929688
2021-09-16,156.7899932861328
2021-09-17,160.88999938964844
2021-09-20,152.44000244140625
2021-09-21,154.2899932861328
2021-09-22,158.2100067138672
2021-09-23,158.32000732421875
2021-09-24,153.66000366210938
2021-09-27,155.05999755859375
2021-09-28,150.7100067138672
2021-09-29,148.39999389648438
2021-09-30,149.97000122070312
2021-10-01,155.36000061035156
2021-10-04,145.02999877929688
2021-10-05,147.41000366210938
2021-10-06,153.5800018310547
2021-10-07,157.22999572753906
2021-10-08,154.36000061035156
2021-10-11,161.25999450683594
2021-10-12,169.83999633789062
2021-10-13,173.2100067138672
2021-10-14,173.77999877929688
2021-10-15,172.9199981689453
2021-10-18,179.97000122070312
2021-10-19,187.05999755859375
2021-10-20,180.10000610351562
2021-10-21,179.8000030517578
2021-10-22,176.6999969482422
2021-10-25,179.42999267578125
2021-10-26,173.4600067138672
2021-10-27,216.22000122070312
2021-10-28,224.4600067138672
2021-10-29,231.6300048828125
2021-11-01,239.52999877929688
2021-11-02,237.61000061035156
2021-11-03,236.5800018310547
2021-11-04,242.60000610351562
2021-11-05,237.89999389648438
2021-11-08,241.6199951171875
2021-11-09,239.38999938964844
2021-11-10,231.47999572753906
2021-11-11,250.49000549316406
2021-11-12,251.6199951171875
2021-11-15,244.7100067138672
2021-11-16,251.58999633789062
2021-11-17,254.86000061035156
2021-11-18,254.47999572753906
2021-11-19,267.739990234375
2021-11-22,261.1199951171875
2021-11-23,250.5
2021-11-24,255.10000610351562
2021-11-26,247.4199981689453
2021-11-29,256.7099914550781
2021-11-30,250.0
2021-12-01,236.86000061035156
2021-12-02,235.0
2021-12-03,217.10000610351562
2021-12-06,212.94000244140625
2021-12-07,222.55999755859375
2021-12-08,225.61000061035156
2021-12-09,216.35000610351562
2021-12-10,215.02000427246094
2021-12-13,213.52000427246094
2021-12-14,202.32000732421875
2021-12-15,204.0399932861328
2021-12-16,190.85000610351562
2021-12-17,189.11000061035156
2021-12-20,178.72999572753906
2021-12-21,189.0
2021-12-22,189.3300018310547
2021-12-23,188.1699981689453
2021-12-27,188.69000244140625
2021-12-28,186.7899932861328
2021-12-29,185.47000122070312
2021-12-30,186.41000366210938
2021-12-31,182.94000244140625
2022-01-03,184.4499969482422
2022-01-04,178.27999877929688
2022-01-05,157.1999969482422
2022-01-06,151.49000549316406
2022-01-07,145.1300048828125
2022-01-10,147.1300048828125
2022-01-11,148.50999450683594
2022-01-12,149.27999877929688
2022-01-13,143.49000549316406
2022-01-14,142.83999633789062
2022-01-18,135.9199981689453
2022-01-19,134.5800018310547
2022-01-20,134.69000244140625
2022-01-21,126.0199966430664
2022-01-24,128.10000610351562
2022-01-25,122.6500015258789
2022-01-26,121.75
2022-01-27,119.97000122070312
2022-01-28,123.86000061035156
2022-01-31,140.47000122070312
2022-02-01,142.6699981689453
2022-02-02,139.50999450683594
2022-02-03,132.91000366210938
2022-02-04,141.22999572753906
2022-02-07,140.77000427246094
2022-02-08,144.5
2022-02-09,161.88999938964844
2022-02-10,154.63999938964844
2022-02-11,145.69000244140625
2022-02-14,143.92999267578125
2022-02-15,154.2899932861328
2022-02-16,154.02999877929688
2022-02-17,148.3699951171875
2022-02-18,140.35000610351562
2022-02-22,133.02999877929688
2022-02-23,126.55999755859375
2022-02-24,147.35000610351562
2022-02-25,153.72999572753906
2022-02-28,166.6999969482422
2022-03-01,170.60000610351562
2022-03-02,163.88999938964844
2022-03-03,159.02999877929688
2022-03-04,158.14999389648438
2022-03-07,158.80999755859375
2022-03-08,175.99000549316406
2022-03-09,179.8699951171875
2022-03-10,178.72000122070312
2022-03-11,171.07000732421875
2022-03-14,157.63999938964844
2022-03-15,164.63999938964844
2022-03-16,177.2100067138672
2022-03-17,180.85000610351562
2022-03-18,184.52000427246094
2022-03-21,185.4499969482422
2022-03-22,189.25
2022-03-23,190.19000244140625
2022-03-24,197.83999633789062
2022-03-25,193.80999755859375
2022-03-28,195.52000427246094
2022-03-29,202.36000061035156
2022-03-30,196.64999389648438
2022-03-31,201.77999877929688
2022-04-01,205.88999938964844
2022-04-04,216.3800048828125
2022-04-05,211.22999572753906
2022-04-06,203.99000549316406
2022-04-07,206.9499969482422
2022-04-08,195.13999938964844
2022-04-11,187.8800048828125
2022-04-12,185.9499969482422
2022-04-13,193.22999572753906
2022-04-14,190.50999450683594
2022-04-18,190.02999877929688
2022-04-19,195.60000610351562
2022-04-20,178.52999877929688
2022-04-21,156.55999755859375
2022-04-22,153.6300048828125
2022-04-25,157.60000610351562
2022-04-26,153.8300018310547
2022-04-27,165.7100067138672
2022-04-28,164.47000122070312
2022-04-29,161.39999389648438
2022-05-02,168.3300018310547
2022-05-03,174.52999877929688
2022-05-04,191.94000244140625
2022-05-05,181.13999938964844
2022-05-06,165.88999938964844
2022-05-09,150.50999450683594
2022-05-10,151.64999389648438
2022-05-11,137.5500030517578
2022-05-12,140.94000244140625
2022-05-13,157.7899932861328
2022-05-16,151.02999877929688
2022-05-17,158.11000061035156
2022-05-18,156.1699981689453
2022-05-19,165.5399932861328
2022-05-20,168.25
2022-05-23,169.5500030517578
2022-05-24,162.50999450683594
2022-05-25,169.27999877929688
2022-05-26,178.77999877929688
2022-05-27,188.9499969482422
2022-05-31,186.19000244140625
2022-06-01,182.49000549316406
2022-06-02,198.92999267578125
2022-06-03,196.33999633789062
2022-06-06,206.97000122070312
2022-06-07,209.6300048828125
2022-06-08,204.77000427246094
2022-06-09,200.50999450683594
2022-06-10,196.19000244140625
2022-06-13,178.24000549316406
2022-06-14,179.52000427246094
2022-06-15,188.47999572753906
2022-06-16,169.60000610351562
2022-06-17,184.75
2022-06-21,193.2899932861328
2022-06-22,193.42999267578125
2022-06-23,200.6699981689453
2022-06-24,198.38999938964844
2022-06-27,206.1699981689453
2022-06-28,190.64999389648438
2022-06-29,184.63999938964844
2022-06-30,195.24000549316406
2022-07-01,195.72000122070312
2022-07-05,192.58999633789062
2022-07-06,194.92999267578125
2022-07-07,206.83999633789062
2022-07-08,216.4499969482422
2022-07-11,206.05999755859375
2022-07-12,189.47000122070312
2022-07-13,192.6300048828125
2022-07-14,196.9199981689453
2022-07-15,194.91000366210938
2022-07-18,206.42999267578125
2022-07-19,213.33999633789062
2022-07-20,218.8300018310547
2022-07-21,219.77999877929688
2022-07-22,211.5399932861328
2022-07-25,218.5500030517578
2022-07-26,216.10000610351562
2022-07-27,254.77000427246094
2022-07-28,274.17999267578125
2022-07-29,284.17999267578125
2022-08-01,280.8900146484375
2022-08-02,292.260009765625
2022-08-03,290.25
2022-08-04,295.82000732421875
2022-08-05,300.9100036621094
2022-08-08,287.739990234375
2022-08-09,290.82000732421875
2022-08-10,303.25
2022-08-11,292.8999938964844
2022-08-12,299.260009765625
2022-08-15,301.1300048828125
2022-08-16,292.94000244140625
2022-08-17,293.1300048828125
2022-08-18,294.0
2022-08-19,283.70001220703125
2022-08-22,280.760009765625
2022-08-23,285.4100036621094
2022-08-24,293.0899963378906
2022-08-25,299.80999755859375
2022-08-26,288.5899963378906
2022-08-29,284.82000732421875
2022-08-30,285.7699890136719
2022-08-31,286.44000244140625
2022-09-01,281.8599853515625
2022-09-02,279.07000732421875
2022-09-06,292.82000732421875
2022-09-07,316.30999755859375
2022-09-08,317.4100036621094
2022-09-09,305.70001220703125
2022-09-12,308.92999267578125
2022-09-13,305.5
2022-09-14,320.6199951171875
2022-09-15,312.17999267578125
2022-09-16,318.010009765625
2022-09-19,316.2300109863281
2022-09-20,304.7099914550781
2022-09-21,304.55999755859375
2022-09-22,283.6300048828125
2022-09-23,279.489990234375
2022-09-26,274.9200134277344
2022-09-27,284.80999755859375
2022-09-28,292.30999755859375
2022-09-29,277.8399963378906
2022-09-30,277.4700012207031
2022-10-03,286.6099853515625
2022-10-04,288.25
2022-10-05,261.6000061035156
2022-10-06,257.45001220703125
2022-10-07,255.14999389648438
2022-10-10,258.17999267578125
2022-10-11,255.8000030517578
2022-10-12,248.1300048828125
2022-10-13,248.6999969482422
2022-10-14,237.8699951171875
2022-10-17,242.2899932861328
2022-10-18,251.4199981689453
2022-10-19,243.19000244140625
2022-10-20,244.2899932861328
2022-10-21,252.0
2022-10-24,253.3000030517578
2022-10-25,265.5899963378906
2022-10-26,291.8699951171875
2022-10-27,306.0799865722656
2022-10-28,305.25
2022-10-31,307.0
2022-11-01,299.4800109863281
2022-11-02,289.5
2022-11-03,296.1099853515625
2022-11-04,282.44000244140625
2022-11-07,268.8299865722656
2022-11-08,280.07000732421875
2022-11-09,284.75
2022-11-10,309.25
2022-11-11,292.010009765625
2022-11-14,297.94000244140625
2022-11-15,300.7300109863281
2022-11-16,305.17999267578125
2022-11-17,312.9599914550781
2022-11-18,311.94000244140625
2022-11-21,308.1000061035156
2022-11-22,320.44000244140625
2022-11-23,315.7799987792969
2022-11-25,319.4200134277344
2022-11-28,312.2099914550781
2022-11-29,303.3900146484375
2022-11-30,320.5899963378906
2022-12-01,314.0
2022-12-02,336.0
2022-12-05,335.82000732421875
2022-12-06,309.7300109863281
2022-12-07,317.04998779296875
2022-12-08,319.8699951171875
2022-12-09,319.54998779296875
2022-12-12,320.8599853515625
2022-12-13,325.989990234375
2022-12-14,332.79998779296875
2022-12-15,314.05999755859375
2022-12-16,303.3900146484375
2022-12-19,305.010009765625
2022-12-20,302.07000732421875
2022-12-21,317.1000061035156
2022-12-22,298.8699951171875
2022-12-23,293.95001220703125
2022-12-27,274.5400085449219
2022-12-28,267.3800048828125
2022-12-29,265.489990234375
2022-12-30,264.9599914550781
2023-01-03,253.30999755859375
2023-01-04,251.63999938964844
2023-01-05,240.3699951171875
2023-01-06,233.64999389648438
2023-01-09,227.94000244140625
2023-01-10,229.8300018310547
2023-01-11,238.82000732421875
2023-01-12,241.72000122070312
2023-01-13,245.8300018310547
2023-01-17,251.05999755859375
2023-01-18,250.30999755859375
2023-01-19,222.97000122070312
2023-01-20,222.5399932861328
2023-01-23,228.44000244140625
2023-01-24,219.47000122070312
2023-01-25,210.32000732421875
2023-01-26,208.02000427246094
2023-01-27,210.08999633789062
2023-01-30,212.22000122070312
2023-01-31,221.3800048828125
2023-02-01,227.13999938964844
2023-02-02,227.6999969482422
2023-02-03,222.92999267578125
2023-02-06,222.99000549316406
2023-02-07,228.4600067138672
2023-02-08,218.8699951171875
2023-02-09,209.60000610351562
2023-02-10,212.07000732421875
2023-02-13,212.57000732421875
2023-02-14,208.35000610351562
2023-02-15,217.8699951171875
2023-02-16,202.8000030517578
2023-02-17,204.99000549316406
2023-02-21,201.64999389648438
2023-02-22,203.57000732421875
2023-02-23,204.7100067138672
2023-02-24,198.9600067138672
2023-02-27,210.77999877929688
2023-02-28,210.52999877929688
2023-03-01,212.9499969482422
2023-03-02,211.55999755859375
2023-03-03,217.16000366210938
2023-03-06,225.35000610351562
2023-03-07,224.2100067138672
2023-03-08,218.30999755859375
2023-03-09,215.85000610351562
2023-03-10,210.22000122070312
2023-03-13,211.52999877929688
2023-03-14,213.00999450683594
2023-03-15,205.75999450683594
2023-03-16,201.10000610351562
2023-03-17,183.63999938964844
2023-03-20,192.50999450683594
2023-03-21,207.6300048828125
2023-03-22,202.14999389648438
2023-03-23,204.66000366210938
2023-03-24,195.99000549316406
2023-03-27,195.8300018310547
2023-03-28,193.52000427246094
2023-03-29,203.9499969482422
2023-03-30,205.27000427246094
2023-03-31,210.27999877929688
2023-04-03,202.60000610351562
2023-04-04,202.5399932861328
2023-04-05,193.6699981689453
2023-04-06,191.0
2023-04-10,195.8000030517578
2023-04-11,196.8800048828125
2023-04-12,196.02999877929688
2023-04-13,209.69000244140625
2023-04-14,208.89999389648438
2023-04-17,224.9199981689453
2023-04-18,227.8699951171875
2023-04-19,224.27000427246094
2023-04-20,224.7899932861328
2023-04-21,223.61000061035156
2023-04-24,224.60000610351562
2023-04-25,220.60000610351562
2023-04-26,163.8300018310547
2023-04-27,164.17999267578125
2023-04-28,164.1999969482422
2023-05-01,160.58999633789062
2023-05-02,152.8800048828125
2023-05-03,155.4199981689453
2023-05-04,155.4199981689453
2023-05-05,159.64999389648438
2023-05-08,163.2899932861328
2023-05-09,157.8300018310547
2023-05-10,161.4199981689453
2023-05-11,160.7899932861328
2023-05-12,167.5500030517578
2023-05-15,168.7100067138672
2023-05-16,160.9600067138672
2023-05-17,163.72999572753906
2023-05-18,163.72000122070312
2023-05-19,162.3699951171875
2023-05-22,164.64999389648438
2023-05-23,162.8300018310547
2023-05-24,164.0500030517578
2023-05-25,164.58999633789062
2023-05-26,165.1999969482422
2023-05-30,174.1199951171875
2023-05-31,173.8800048828125
2023-06-01,181.47000122070312
2023-06-02,181.86000061035156
2023-06-05,182.72999572753906
2023-06-06,182.61000061035156
2023-06-07,182.08999633789062
2023-06-08,181.39999389648438
2023-06-09,174.5800018310547
2023-06-12,176.88999938964844
2023-06-13,179.66000366210938
2023-06-14,179.1999969482422
2023-06-15,180.50999450683594
2023-06-16,181.80999755859375
2023-06-20,171.99000549316406
2023-06-21,167.99000549316406
2023-06-22,162.52999877929688
2023-06-23,158.69000244140625
2023-06-26,159.2100067138672
2023-06-27,161.02999877929688
2023-06-28,161.4199981689453
2023-06-29,158.77000427246094
2023-06-30,167.47999572753906
2023-07-03,169.5500030517578
2023-07-05,165.33999633789062
2023-07-06,161.3800048828125
2023-07-07,166.1699981689453
2023-07-10,175.47000122070312
2023-07-11,173.77999877929688
2023-07-12,182.8000030517578
2023-07-13,182.63999938964844
2023-07-14,177.94000244140625
2023-07-17,189.6699981689453
2023-07-18,184.0500030517578
2023-07-19,185.49000549316406
2023-07-20,175.9199981689453
2023-07-21,177.47999572753906
2023-07-24,177.80999755859375
2023-07-25,179.47000122070312
2023-07-26,173.36000061035156
2023-07-27,166.8000030517578
2023-07-28,154.3300018310547
2023-07-31,151.8300018310547
2023-08-01,150.32000732421875
2023-08-02,140.69000244140625
2023-08-03,140.36000061035156
2023-08-04,140.0
2023-08-07,135.4499969482422
2023-08-08,135.77000427246094
2023-08-09,138.4600067138672
2023-08-10,136.4600067138672
2023-08-11,135.1999969482422
2023-08-14,138.58999633789062
2023-08-15,134.55999755859375
2023-08-16,132.8800048828125
2023-08-17,131.44000244140625
2023-08-18,130.33999633789062
2023-08-21,130.16000366210938
2023-08-22,128.32000732421875
2023-08-23,130.36000061035156
2023-08-24,122.33999633789062
2023-08-25,124.08999633789062
2023-08-28,125.30000305175781
2023-08-29,129.0500030517578
2023-08-30,128.11000061035156
2023-08-31,126.52999877929688
2023-09-01,128.72999572753906
2023-09-05,127.7699966430664
2023-09-06,123.02999877929688
2023-09-07,122.2300033569336
2023-09-08,120.2300033569336
2023-09-11,122.19000244140625
2023-09-12,123.3499984741211
2023-09-13,119.5999984741211
2023-09-14,122.30999755859375
2023-09-15,120.30000305175781
2023-09-18,117.16000366210938
2023-09-19,122.08999633789062
2023-09-20,123.97000122070312
2023-09-21,124.8499984741211
2023-09-22,119.91999816894531
2023-09-25,121.0999984741211
2023-09-26,119.1500015258789
2023-09-27,120.11000061035156
2023-09-28,120.0199966430664
2023-09-29,120.1500015258789
2023-10-02,116.83999633789062
2023-10-03,114.22000122070312
2023-10-04,117.18000030517578
2023-10-05,116.01000213623047
2023-10-06,119.16000366210938
2023-10-09,119.75
2023-10-10,125.75
2023-10-11,128.61000061035156
2023-10-12,124.58000183105469
2023-10-13,123.80999755859375
2023-10-16,127.11000061035156
2023-10-17,129.24000549316406
2023-10-18,123.83999633789062
2023-10-19,115.9000015258789
2023-10-20,98.88999938964844
2023-10-23,96.29000091552734
2023-10-24,94.83999633789062
2023-10-25,94.3499984741211
2023-10-26,96.18000030517578
2023-10-27,82.08999633789062
2023-10-30,78.66000366210938
2023-10-31,79.58000183105469
2023-11-01,76.7300033569336
2023-11-02,78.91999816894531
2023-11-03,80.80999755859375
2023-11-06,78.18000030517578
2023-11-07,78.83000183105469
2023-11-08,76.9000015258789
2023-11-09,75.55999755859375
2023-11-10,77.9800033569336
2023-11-13,78.55000305175781
2023-11-14,91.38999938964844
2023-11-15,92.80999755859375
2023-11-16,90.66999816894531
2023-11-17,92.86000061035156
2023-11-20,98.5
2023-11-21,98.31999969482422
2023-11-22,100.19999694824219
2023-11-24,100.22000122070312
2023-11-27,97.80000305175781
2023-11-28,99.0999984741211
2023-11-29,100.95999908447266
2023-11-30,101.0199966430664
2023-12-01,106.5199966430664
2023-12-04,108.87000274658203
2023-12-05,110.0
2023-12-06,106.7699966430664
2023-12-07,107.16999816894531
2023-12-08,103.01000213623047
2023-12-11,103.55000305175781
2023-12-12,99.81999969482422
2023-12-13,107.61000061035156
2023-12-14,120.22000122070312
2023-12-15,123.91999816894531
2023-12-18,124.02999877929688
2023-12-19,135.32000732421875
2023-12-20,128.0
2023-12-21,133.86000061035156
2023-12-22,133.99000549316406
2023-12-26,137.33999633789062
2023-12-27,135.6300048828125
2023-12-28,134.7899932861328
2023-12-29,132.13999938964844
2024-01-02,131.24000549316406
2024-01-03,122.62999725341797
2024-01-04,118.06999969482422
2024-01-05,115.38999938964844
2024-01-08,116.0
2024-01-09,117.05999755859375
2024-01-10,117.54000091552734
2024-01-11,114.29000091552734
2024-01-12,110.22000122070312
2024-01-16,108.75
2024-01-17,105.55000305175781
2024-01-18,106.66000366210938
2024-01-19,103.58999633789062
2024-01-22,107.1500015258789
2024-01-23,111.30000305175781
2024-01-24,108.06999969482422
2024-01-25,106.83000183105469
2024-01-26,105.37000274658203
2024-01-29,109.16999816894531
2024-01-30,106.3499984741211
2024-01-31,104.12999725341797
2024-02-01,105.44000244140625
2024-02-02,101.76000213623047
2024-02-05,97.80000305175781
2024-02-06,100.51000213623047
2024-02-07,117.51000213623047
2024-02-08,116.87999725341797
2024-02-09,122.47000122070312
2024-02-12,128.89999389648438
2024-02-13,123.55999755859375
2024-02-14,131.6199951171875
2024-02-15,136.38999938964844
2024-02-16,131.8699951171875
2024-02-20,127.55000305175781
2024-02-21,126.23999786376953
2024-02-22,123.44000244140625
2024-02-23,118.19000244140625
2024-02-26,119.83999633789062
2024-02-27,121.11000061035156
2024-02-28,119.0999984741211
2024-02-29,127.01000213623047
2024-03-01,129.66000366210938
2024-03-04,123.97000122070312
2024-03-05,125.08999633789062
2024-03-06,125.36000061035156
2024-03-07,129.69000244140625
2024-03-08,130.27999877929688
2024-03-11,128.69000244140625
2024-03-12,121.0
2024-03-13,118.16999816894531
2024-03-14,110.41000366210938
2024-03-15,107.7300033569336
2024-03-18,111.19000244140625
2024-03-19,109.16000366210938
2024-03-20,113.69999694824219
2024-03-21,115.37999725341797
2024-03-22,114.61000061035156
2024-03-25,111.05000305175781
2024-03-26,109.3499984741211
2024-03-27,119.80000305175781
2024-03-28,120.9800033569336
2024-04-01,118.29000091552734
2024-04-02,113.55000305175781
2024-04-03,118.5999984741211
2024-04-04,120.77999877929688
2024-04-05,112.2699966430664
2024-04-08,115.23999786376953
2024-04-09,121.9800033569336
2024-04-10,119.5999984741211
2024-04-11,121.69999694824219
2024-04-12,117.0199966430664
2024-04-15,112.47000122070312
2024-04-16,110.47000122070312
2024-04-17,112.05000305175781
2024-04-18,109.16999816894531
2024-04-19,106.4800033569336
2024-04-22,110.51000213623047
2024-04-23,113.4800033569336
2024-04-24,107.16999816894531
2024-04-25,107.83000183105469
2024-04-26,111.93000030517578
2024-04-29,113.8499984741211
2024-04-30,108.76000213623047
2024-05-01,105.16000366210938
2024-05-02,106.05999755859375
2024-05-03,114.19999694824219
2024-05-06,115.08000183105469
2024-05-07,114.93000030517578
2024-05-08,112.36000061035156
2024-05-09,111.12999725341797
2024-05-10,108.3499984741211
2024-05-13,110.77999877929688
2024-05-14,117.11000061035156
2024-05-15,115.47000122070312
2024-05-16,116.8499984741211
2024-05-17,114.31999969482422
2024-05-20,113.44999694824219
2024-05-21,111.5
2024-05-22,121.2300033569336
2024-05-23,117.5
2024-05-24,125.18000030517578
2024-05-28,129.3800048828125
2024-05-29,125.69000244140625
2024-05-30,130.66000366210938
2024-05-31,127.9000015258789
2024-06-03,127.55000305175781
2024-06-04,129.77000427246094
2024-06-05,133.24000549316406
2024-06-06,132.3000030517578
2024-06-07,122.75
2024-06-10,130.6699981689453
2024-06-11,132.41000366210938
2024-06-12,134.52000427246094
2024-06-13,129.72000122070312
2024-06-14,124.61000061035156
2024-06-17,120.83000183105469
2024-06-18,119.01000213623047
2024-06-20,108.56999969482422
2024-06-21,106.66999816894531
2024-06-24,108.0199966430664
2024-06-25,101.8499984741211
2024-06-26,102.94999694824219
2024-06-27,105.2300033569336
2024-06-28,99.70999908447266
2024-07-01,97.26000213623047
2024-07-02,95.7699966430664
2024-07-03,99.16999816894531
2024-07-05,97.13999938964844
2024-07-08,102.80999755859375
2024-07-09,103.58999633789062
2024-07-10,106.75
2024-07-11,111.68000030517578
2024-07-12,119.33999633789062
2024-07-15,113.05999755859375
2024-07-16,116.16999816894531
2024-07-17,111.1500015258789
2024-07-18,107.94999694824219
2024-07-19,105.45999908447266
2024-07-22,104.73999786376953
2024-07-23,103.63999938964844
2024-07-24,116.91000366210938
2024-07-25,117.5199966430664
2024-07-26,119.33999633789062
2024-07-29,113.72000122070312
2024-07-30,109.37000274658203
2024-07-31,115.11000061035156
2024-08-01,109.68000030517578
2024-08-02,105.19000244140625
2024-08-05,103.38999938964844
2024-08-06,101.52999877929688
2024-08-07,103.41999816894531
2024-08-08,108.80000305175781
2024-08-09,107.86000061035156
2024-08-12,109.11000061035156
2024-08-13,112.5199966430664
2024-08-14,111.1500015258789
2024-08-15,117.12000274658203
2024-08-16,116.38999938964844
2024-08-19,119.70999908447266
2024-08-20,116.9800033569336
2024-08-21,119.30999755859375
2024-08-22,115.48999786376953
2024-08-23,123.0
2024-08-26,122.58999633789062
2024-08-27,122.52999877929688
2024-08-28,123.6500015258789
2024-08-29,121.30000305175781
2024-08-30,121.04000091552734
2024-09-03,112.91000366210938
2024-09-04,113.11000061035156
2024-09-05,112.08000183105469
2024-09-06,108.6500015258789
2024-09-09,103.04000091552734
2024-09-10,104.61000061035156
2024-09-11,110.58999633789062
2024-09-12,105.83000183105469
2024-09-13,109.91000366210938
2024-09-16,111.48999786376953
2024-09-17,118.52999877929688
2024-09-18,119.73999786376953
2024-09-19,117.36000061035156
2024-09-20,114.9000015258789
2024-09-23,117.0
2024-09-24,116.69000244140625
2024-09-25,113.29000091552734
2024-09-26,113.61000061035156
2024-09-27,115.0
2024-09-30,113.0199966430664
2024-10-01,111.19999694824219
2024-10-02,108.26000213623047
2024-10-03,106.79000091552734
2024-10-04,105.94999694824219
2024-10-07,106.36000061035156
2024-10-08,104.16999816894531
2024-10-09,105.31999969482422
2024-10-10,99.19000244140625
2024-10-11,100.97000122070312
2024-10-14,101.47000122070312
2024-10-15,92.04000091552734
2024-10-16,93.12999725341797
2024-10-17,91.56999969482422
2024-10-18,91.63999938964844
2024-10-21,90.41999816894531
2024-10-22,92.2300033569336
2024-10-23,78.47000122070312
2024-10-24,81.0999984741211
2024-10-25,83.83000183105469
2024-10-28,84.68000030517578
2024-10-29,83.06999969482422
2024-10-30,82.47000122070312
2024-10-31,83.04000091552734
2024-11-01,83.54000091552734
2024-11-04,87.45999908447266
2024-11-05,89.94000244140625
2024-11-06,74.80999755859375
2024-11-07,71.58999633789062
2024-11-08,66.9000015258789
2024-11-11,63.65999984741211
2024-11-12,60.09000015258789
2024-11-13,60.38999938964844
2024-11-14,63.560001373291016
2024-11-15,59.52000045776367
2024-11-18,62.400001525878906
2024-11-19,61.36000061035156
2024-11-20,63.380001068115234
2024-11-21,63.56999969482422
2024-11-22,66.29000091552734
2024-11-25,71.91000366210938
2024-11-26,70.5
2024-11-27,72.36000061035156
2024-11-29,71.3499984741211
2024-12-02,75.12000274658203
2024-12-03,73.26000213623047
2024-12-04,73.12000274658203
2024-12-05,70.33999633789062
2024-12-06,71.55999755859375
2024-12-09,76.38999938964844
2024-12-10,74.44999694824219
2024-12-11,74.2300033569336
2024-12-12,73.0
2024-12-13,73.83999633789062
2024-12-16,71.62000274658203
2024-12-17,73.4000015258789
2024-12-18,68.80000305175781
2024-12-19,65.80000305175781
2024-12-20,71.44999694824219
2024-12-23,73.0
2024-12-24,73.27999877929688
2024-12-26,73.01000213623047
2024-12-27,72.12999725341797
2024-12-30,70.19000244140625
2024-12-31,68.68000030517578
2025-01-02,71.36000061035156
2025-01-03,72.1500015258789
2025-01-06,71.37999725341797
2025-01-07,73.51000213623047
2025-01-08,69.66000366210938
2025-01-10,66.73999786376953
2025-01-13,66.87000274658203
2025-01-14,65.44999694824219
2025-01-15,65.83000183105469
2025-01-16,63.470001220703125
2025-01-17,63.689998626708984
2025-01-21,62.84000015258789
2025-01-22,60.9900016784668
2025-01-23,64.29000091552734
2025-01-24,63.36000061035156
2025-01-27,63.95000076293945
2025-01-28,62.2400016784668
2025-01-29,60.869998931884766
2025-01-30,62.04999923706055
2025-01-31,62.279998779296875
2025-02-03,63.90999984741211
2025-02-04,66.25
2025-02-05,65.2699966430664
2025-02-06,66.51000213623047
2025-02-07,63.529998779296875
2025-02-10,63.04999923706055
2025-02-11,62.58000183105469
2025-02-12,61.119998931884766
2025-02-13,62.59000015258789
2025-02-14,63.939998626708984
2025-02-18,65.66999816894531
2025-02-19,66.36000061035156
2025-02-20,66.16999816894531
2025-02-21,64.8499984741211
2025-02-24,66.08000183105469
2025-02-25,64.83000183105469
2025-02-26,63.709999084472656
2025-02-27,61.189998626708984
2025-02-28,57.33000183105469
2025-03-03,52.869998931884766
2025-03-04,57.86000061035156
2025-03-05,58.650001525878906
2025-03-06,58.720001220703125
2025-03-07,61.630001068115234
2025-03-10,63.31999969482422
2025-03-11,60.83000183105469
2025-03-12,58.47999954223633
2025-03-13,58.0099983215332
2025-03-14,58.130001068115234
2025-03-17,63.79999923706055
2025-03-18,61.380001068115234
2025-03-19,62.310001373291016
2025-03-20,61.689998626708984
2025-03-21,61.540000915527344
2025-03-24,62.15999984741211
2025-03-25,62.77000045776367
2025-03-26,60.150001525878906
2025-03-27,60.709999084472656
2025-03-28,61.650001525878906
2025-03-31,62.04999923706055
2025-04-01,62.38999938964844
2025-04-02,62.52000045776367
2025-04-03,58.77000045776367
2025-04-04,57.27000045776367
2025-04-07,55.7599983215332
2025-04-08,49.52000045776367
2025-04-09,54.130001068115234
2025-04-10,49.560001373291016
2025-04-11,51.88999938964844
2025-04-14,54.54999923706055
2025-04-15,53.06999969482422
2025-04-16,51.75
2025-04-17,52.540000915527344
2025-04-21,51.619998931884766
2025-04-22,53.43000030517578
2025-04-23,45.06999969482422
2025-04-24,45.75
2025-04-25,46.83000183105469
2025-04-28,46.470001220703125
2025-04-29,47.709999084472656
2025-04-30,44.59000015258789
2025-05-01,44.54999923706055
2025-05-02,45.560001373291016
2025-05-05,44.41999816894531
2025-05-06,43.869998931884766
2025-05-07,43.72999954223633
2025-05-08,49.04999923706055
2025-05-09,50.779998779296875
2025-05-12,47.939998626708984
2025-05-13,45.630001068115234
2025-05-14,48.27000045776367
2025-05-15,49.72999954223633
2025-05-16,50.400001525878906
2025-05-19,48.779998779296875
2025-05-20,49.040000915527344
2025-05-21,47.290000915527344
2025-05-22,38.0099983215332
2025-05-23,39.63999938964844
2025-05-27,40.220001220703125
2025-05-28,38.959999084472656
2025-05-29,39.2400016784668
2025-05-30,41.38999938964844
2025-06-02,41.31999969482422
2025-06-03,43.75
2025-06-04,43.15999984741211
2025-06-05,41.29999923706055
2025-06-06,41.18000030517578
2025-06-09,43.2599983215332
2025-06-10,45.08000183105469
2025-06-11,45.279998779296875
2025-06-12,44.70000076293945
2025-06-13,45.599998474121094
2025-06-16,45.93000030517578
2025-06-17,34.91999816894531
2025-06-18,36.380001068115234
2025-06-20,35.849998474121094
2025-06-23,34.560001373291016
2025-06-24,38.380001068115234
2025-06-25,38.11000061035156
2025-06-26,43.0
2025-06-27,40.880001068115234
2025-06-30,39.650001525878906
2025-07-01,40.90999984741211
2025-07-02,40.970001220703125
2025-07-03,42.56999969482422
2025-07-07,42.459999084472656
2025-07-08,40.939998626708984
2025-07-09,42.849998474121094
2025-07-10,42.970001220703125
2025-07-11,41.86000061035156
2025-07-14,41.97999954223633
2025-07-15,40.25
2025-07-16,39.029998779296875
2025-07-17,38.7400016784668
2025-07-18,39.58000183105469
2025-07-21,39.65999984741211
2025-07-22,42.5
2025-07-23,36.47999954223633
2025-07-24,35.52000045776367
2025-07-25,35.40999984741211
2025-07-28,34.95000076293945
2025-07-29,33.47999954223633
2025-07-30,33.400001525878906
2025-07-31,32.36000061035156
2025-08-01,31.43000030517578
2025-08-04,31.690000534057617
2025-08-05,31.90999984741211
2025-08-06,30.110000610351562
2025-08-07,31.790000915527344
2025-08-08,32.439998626708984
2025-08-11,32.56999969482422
2025-08-12,33.560001373291016
2025-08-13,34.220001220703125
2025-08-14,32.220001220703125
2025-08-15,34.84000015258789
2025-08-18,35.77000045776367
2025-08-19,36.22999954223633
2025-08-20,35.68000030517578
2025-08-21,34.58000183105469
2025-08-22,38.18000030517578
2025-08-25,38.22999954223633
2025-08-26,37.959999084472656
2025-08-27,37.560001373291016
2025-08-28,37.58000183105469
2025-08-29,37.70000076293945
2025-09-02,36.97999954223633
2025-09-03,37.08000183105469
2025-09-04,36.52000045776367
2025-09-05,39.650001525878906
2025-09-08,38.810001373291016
2025-09-09,37.939998626708984
2025-09-10,37.119998931884766
2025-09-11,37.31999969482422
2025-09-12,37.630001068115234
2025-09-15,37.97999954223633
2025-09-16,38.9900016784668
2025-09-17,38.720001220703125
2025-09-18,38.439998626708984
2025-09-19,38.41999816894531
2025-09-22,40.5
2025-09-23,37.36000061035156
2025-09-24,37.9900016784668
2025-09-25,37.08000183105469
2025-09-26,36.5
2025-09-29,36.08000183105469
2025-09-30,35.38999938964844
2025-10-01,37.0099983215332
2025-10-02,37.7400016784668
2025-10-03,36.79999923706055
2025-10-06,37.15999984741211
2025-10-07,36.27000045776367
2025-10-08,36.029998779296875
2025-10-09,36.709999084472656
2025-10-10,34.27000045776367
2025-10-13,34.81999969482422
2025-10-14,36.439998626708984
2025-10-15,37.540000915527344
2025-10-16,37.560001373291016
2025-10-17,36.560001373291016
2025-10-20,37.58000183105469
2025-10-21,37.09000015258789
2025-10-22,36.08000183105469
2025-10-23,35.63999938964844
2025-10-24,36.22999954223633
2025-10-27,36.810001373291016
2025-10-28,36.70000076293945
2025-10-29,32.28990173339844
