date,GOOG
2020-01-02,67.90381622314453
2020-01-03,67.57058715820312
2020-01-06,69.2366943359375
2020-01-07,69.19348907470703
2020-01-08,69.73876190185547
2020-01-09,70.50898742675781
2020-01-10,71.0006332397461
2020-01-13,71.47239685058594
2020-01-14,71.05773162841797
2020-01-15,71.47090911865234
2020-01-16,72.09165954589844
2020-01-17,73.51640319824219
2020-01-21,73.71553802490234
2020-01-22,73.79252624511719
2020-01-23,73.82728576660156
2020-01-24,72.8370590209961
2020-01-27,71.20771789550781
2020-01-28,72.13436126708984
2020-01-29,72.43579864501953
2020-01-30,72.29725646972656
2020-01-31,71.22409057617188
2020-02-03,73.79202270507812
2020-02-04,71.86172485351562
2020-02-05,71.9193344116211
2020-02-06,73.30982208251953
2020-02-07,73.45880889892578
2020-02-10,74.92129516601562
2020-02-11,74.9267578125
2020-02-12,75.39752960205078
2020-02-13,75.21826171875
2020-02-14,75.52019500732422
2020-02-18,75.46705627441406
2020-02-19,75.815673828125
2020-02-20,75.3915786743164
2020-02-21,73.75080108642578
2020-02-24,70.59638977050781
2020-02-25,68.9506607055664
2020-02-26,69.185546875
2020-02-27,65.45657348632812
2020-02-28,66.51134490966797
2020-03-02,68.98342895507812
2020-03-03,66.61365509033203
2020-03-04,68.85481262207031
2020-03-05,65.50374603271484
2020-03-06,64.47926330566406
2020-03-09,60.36491012573242
2020-03-10,63.584373474121094
2020-03-11,60.35745620727539
2020-03-12,55.36661148071289
2020-03-13,60.571990966796875
2020-03-16,53.84800338745117
2020-03-17,55.60945129394531
2020-03-18,54.467262268066406
2020-03-19,55.38548278808594
2020-03-20,53.251583099365234
2020-03-23,52.471923828125
2020-03-24,56.33747100830078
2020-03-25,54.74983596801758
2020-03-26,57.69269561767578
2020-03-27,55.15803909301758
2020-03-30,56.951263427734375
2020-03-31,57.74533462524414
2020-04-01,54.90526580810547
2020-04-02,55.66109848022461
2020-04-03,54.520896911621094
2020-04-06,58.94264221191406
2020-04-07,58.92228317260742
2020-04-08,60.102699279785156
2020-04-09,60.16080093383789
2020-04-13,60.4642219543457
2020-04-14,63.03016662597656
2020-04-15,62.69446563720703
2020-04-16,62.74412536621094
2020-04-17,63.72640609741211
2020-04-20,62.900062561035156
2020-04-21,60.40363693237305
2020-04-22,62.73120880126953
2020-04-23,63.38175964355469
2020-04-24,63.53074264526367
2020-04-27,63.36040496826172
2020-04-28,61.26424789428711
2020-04-29,66.61811065673828
2020-04-30,66.97467041015625
2020-05-01,65.58170318603516
2020-05-04,65.88909149169922
2020-05-05,67.0963363647461
2020-05-06,66.90713500976562
2020-05-07,68.16155242919922
2020-05-08,68.9466781616211
2020-05-11,69.68612670898438
2020-05-12,68.3194808959961
2020-05-13,67.00794219970703
2020-05-14,67.34564208984375
2020-05-15,68.19284057617188
2020-05-18,68.7266845703125
2020-05-19,68.20748901367188
2020-05-20,69.85794067382812
2020-05-21,69.66326904296875
2020-05-22,70.04168701171875
2020-05-26,70.36944580078125
2020-05-27,70.41016387939453
2020-05-28,70.35504150390625
2020-05-29,70.96041107177734
2020-06-01,71.10441589355469
2020-06-02,71.47189331054688
2020-06-03,71.33085632324219
2020-06-04,70.12909698486328
2020-06-05,71.4306869506836
2020-06-08,71.8388900756836
2020-06-09,72.31314849853516
2020-06-10,72.79435729980469
2020-06-11,69.71492004394531
2020-06-12,70.17874145507812
2020-06-15,70.5099868774414
2020-06-16,71.64569854736328
2020-06-17,72.06285095214844
2020-06-18,71.30999755859375
2020-06-19,71.09945678710938
2020-06-22,72.09961700439453
2020-06-23,72.72284698486328
2020-06-24,71.11186981201172
2020-06-25,71.57667541503906
2020-06-26,67.5328598022461
2020-06-29,69.27442932128906
2020-06-30,70.20008850097656
2020-07-01,71.4133071899414
2020-07-02,72.73723602294922
2020-07-06,74.2767105102539
2020-07-07,73.7542953491211
2020-07-08,74.2916030883789
2020-07-09,75.03600311279297
2020-07-10,76.56304931640625
2020-07-13,75.05339813232422
2020-07-14,75.51225280761719
2020-07-15,75.16761779785156
2020-07-16,75.38412475585938
2020-07-17,75.26245880126953
2020-07-20,77.75391387939453
2020-07-21,77.39138793945312
2020-07-22,77.89146423339844
2020-07-23,75.26891326904297
2020-07-24,75.0797119140625
2020-07-27,75.98998260498047
2020-07-28,74.50711822509766
2020-07-29,75.58375549316406
2020-07-30,76.05205535888672
2020-07-31,73.64403533935547
2020-08-03,73.22142791748047
2020-08-04,72.7506332397461
2020-08-05,73.1797103881836
2020-08-06,74.49520874023438
2020-08-07,74.21662902832031
2020-08-10,74.29656982421875
2020-08-11,73.512939453125
2020-08-12,74.81900787353516
2020-08-13,75.40647888183594
2020-08-14,74.87410736083984
2020-08-17,75.38312530517578
2020-08-18,77.40032958984375
2020-08-19,76.85059356689453
2020-08-20,78.54995727539062
2020-08-21,78.48391723632812
2020-08-24,78.87027740478516
2020-08-25,79.86447143554688
2020-08-26,82.05746459960938
2020-08-27,81.16110229492188
2020-08-28,81.66165924072266
2020-08-31,81.15364837646484
2020-09-01,82.47113037109375
2020-09-02,85.82667541503906
2020-09-03,81.53404998779297
2020-09-04,79.01131439208984
2020-09-08,76.0987319946289
2020-09-09,77.31888580322266
2020-09-10,76.08035278320312
2020-09-11,75.51920318603516
2020-09-14,75.44770050048828
2020-09-15,76.54814910888672
2020-09-16,75.52813720703125
2020-09-17,74.26826477050781
2020-09-18,72.50332641601562
2020-09-21,71.07164001464844
2020-09-22,72.77497863769531
2020-09-23,70.27955627441406
2020-09-24,70.9291000366211
2020-09-25,71.75695037841797
2020-09-28,72.72830200195312
2020-09-29,72.96717071533203
2020-09-30,72.98057556152344
2020-10-01,73.99810791015625
2020-10-02,72.42537689208984
2020-10-05,73.79598236083984
2020-10-06,72.17806243896484
2020-10-07,72.51824188232422
2020-10-08,73.7915267944336
2020-10-09,75.24607849121094
2020-10-12,77.92424011230469
2020-10-13,78.04987335205078
2020-10-14,77.87110900878906
2020-10-15,77.4266586303711
2020-10-16,78.11592864990234
2020-10-19,76.20897674560547
2020-10-20,77.26774597167969
2020-10-21,79.12403106689453
2020-10-22,80.21754455566406
2020-10-23,81.49232482910156
2020-10-26,78.98200225830078
2020-10-27,79.66781616210938
2020-10-28,75.31559753417969
2020-10-29,77.82938385009766
2020-10-30,80.49961853027344
2020-11-02,80.74891662597656
2020-11-03,81.9496841430664
2020-11-04,86.86206817626953
2020-11-05,87.56924438476562
2020-11-06,87.4887924194336
2020-11-09,87.55087280273438
2020-11-10,86.42804718017578
2020-11-11,87.03986358642578
2020-11-12,86.8973388671875
2020-11-13,88.24710083007812
2020-11-16,88.463623046875
2020-11-17,87.90593719482422
2020-11-18,86.7453842163086
2020-11-19,87.59656524658203
2020-11-20,86.51744079589844
2020-11-23,86.15342712402344
2020-11-24,87.8428726196289
2020-11-25,87.9695053100586
2020-11-27,89.05010223388672
2020-11-30,87.43862915039062
2020-12-01,89.29393768310547
2020-12-02,90.77629089355469
2020-12-03,90.71768951416016
2020-12-04,90.77827453613281
2020-12-07,90.35567474365234
2020-12-08,90.30948638916016
2020-12-09,88.60018920898438
2020-12-10,88.16317749023438
2020-12-11,88.48297882080078
2020-12-14,87.40486145019531
2020-12-15,87.78773498535156
2020-12-16,87.55087280273438
2020-12-17,86.80098724365234
2020-12-18,85.96223449707031
2020-12-21,86.37740325927734
2020-12-22,85.58928680419922
2020-12-23,86.0302734375
2020-12-24,86.35157012939453
2020-12-28,88.20092010498047
2020-12-29,87.33831024169922
2020-12-30,86.38484191894531
2020-12-31,86.99864959716797
2021-01-04,85.82467651367188
2021-01-05,86.4543685913086
2021-01-06,86.17478942871094
2021-01-07,88.755126953125
2021-01-08,89.74634552001953
2021-01-11,87.73560333251953
2021-01-12,86.73395538330078
2021-01-13,87.12378692626953
2021-01-14,86.41763305664062
2021-01-15,86.219482421875
2021-01-19,88.93439483642578
2021-01-20,93.70376586914062
2021-01-21,93.9197769165039
2021-01-22,94.40644836425781
2021-01-25,94.32451629638672
2021-01-26,95.21044921875
2021-01-27,90.91732788085938
2021-01-28,92.52235412597656
2021-01-29,91.16314697265625
2021-02-01,94.42133331298828
2021-02-02,95.720458984375
2021-02-03,102.80001831054688
2021-02-04,102.41763305664062
2021-02-05,104.1870346069336
2021-02-08,103.93424224853516
2021-02-09,103.46743774414062
2021-02-10,104.0569076538086
2021-02-11,104.08223724365234
2021-02-12,104.49044036865234
2021-02-16,105.37390899658203
2021-02-17,105.69221496582031
2021-02-18,105.1405029296875
2021-02-19,104.34294891357422
2021-02-22,102.54227447509766
2021-02-23,102.83924102783203
2021-02-24,104.0464859008789
2021-02-25,100.87767028808594
2021-02-26,101.15081024169922
2021-03-01,103.36811828613281
2021-03-02,103.0865478515625
2021-03-03,100.6467514038086
2021-03-04,101.75814819335938
2021-03-05,104.71044158935547
2021-03-08,100.52062225341797
2021-03-09,101.93742370605469
2021-03-10,102.05313110351562
2021-03-11,105.01982879638672
2021-03-12,102.39527893066406
2021-03-15,102.62223052978516
2021-03-16,103.91488647460938
2021-03-17,103.84336853027344
2021-03-18,101.1190185546875
2021-03-19,101.46565246582031
2021-03-22,101.23670959472656
2021-03-23,101.95032501220703
2021-03-24,101.5580062866211
2021-03-25,101.52324676513672
2021-03-26,101.08574676513672
2021-03-29,102.09881591796875
2021-03-30,102.07844543457031
2021-03-31,102.72850036621094
2021-04-01,106.16099548339844
2021-04-05,110.52116394042969
2021-04-06,110.4814453125
2021-04-07,111.719482421875
2021-04-08,112.50211334228516
2021-04-09,113.51716613769531
2021-04-12,111.9732437133789
2021-04-13,112.59300231933594
2021-04-14,111.97571563720703
2021-04-15,114.05250549316406
2021-04-16,114.10713195800781
2021-04-19,114.33756256103516
2021-04-20,113.90203094482422
2021-04-21,113.88514709472656
2021-04-22,112.62527465820312
2021-04-23,114.9781723022461
2021-04-26,115.5462875366211
2021-04-27,114.57196044921875
2021-04-28,118.18672180175781
2021-04-29,120.66873168945312
2021-04-30,119.68694305419922
2021-05-03,118.94452667236328
2021-05-04,116.91244506835938
2021-05-05,117.03607940673828
2021-05-06,118.25822448730469
2021-05-07,119.11933898925781
2021-05-10,116.2872085571289
2021-05-11,114.65340423583984
2021-05-12,111.19308471679688
2021-05-13,112.32978820800781
2021-05-14,115.0208740234375
2021-05-17,115.28160095214844
2021-05-18,114.38871002197266
2021-05-19,114.65091705322266
2021-05-20,117.0038070678711
2021-05-21,116.45803833007812
2021-05-24,119.515625
2021-05-25,119.63479614257812
2021-05-26,120.84949493408203
2021-05-27,119.30904388427734
2021-05-28,119.75847625732422
2021-06-01,120.66476440429688
2021-06-02,120.24116516113281
2021-06-03,119.41331481933594
2021-06-04,121.75479888916016
2021-06-07,122.46643829345703
2021-06-08,123.2987289428711
2021-06-09,123.72332763671875
2021-06-10,125.22306823730469
2021-06-11,124.84217071533203
2021-06-14,125.49322509765625
2021-06-15,125.17638397216797
2021-06-16,124.84217071533203
2021-06-17,125.5120849609375
2021-06-18,124.71404266357422
2021-06-21,125.59552001953125
2021-06-22,126.13632202148438
2021-06-23,125.60197448730469
2021-06-24,126.41690063476562
2021-06-25,126.13185119628906
2021-06-28,125.9575424194336
2021-06-29,125.16197967529297
2021-06-30,124.4642562866211
2021-07-01,125.50960540771484
2021-07-02,127.84410858154297
2021-07-06,128.88897705078125
2021-07-07,129.19337463378906
2021-07-08,128.2990264892578
2021-07-09,128.69381713867188
2021-07-12,129.6765899658203
2021-07-13,130.10415649414062
2021-07-14,131.1847686767578
2021-07-15,130.3743133544922
2021-07-16,130.94940185546875
2021-07-19,128.37548828125
2021-07-20,130.21041870117188
2021-07-21,131.69924926757812
2021-07-22,132.42230224609375
2021-07-23,136.87930297851562
2021-07-26,138.6953887939453
2021-07-27,135.86671447753906
2021-07-28,135.45457458496094
2021-07-29,135.61245727539062
2021-07-30,134.3019256591797
2021-08-02,135.06521606445312
2021-08-03,135.35372924804688
2021-08-04,135.10394287109375
2021-08-05,136.00926208496094
2021-08-06,136.10459899902344
2021-08-09,137.0640411376953
2021-08-10,137.1578826904297
2021-08-11,136.753662109375
2021-08-12,137.4488983154297
2021-08-13,137.4652862548828
2021-08-16,137.97181701660156
2021-08-17,136.3673095703125
2021-08-18,135.6417999267578
2021-08-19,135.98292541503906
2021-08-20,137.49607849121094
2021-08-23,140.14048767089844
2021-08-24,141.43063354492188
2021-08-25,141.9783935546875
2021-08-26,141.15704345703125
2021-08-27,143.5680389404297
2021-08-30,144.4807891845703
2021-08-31,144.47332763671875
2021-09-01,144.8507537841797
2021-09-02,143.23876953125
2021-09-03,143.79098510742188
2021-09-07,144.52993774414062
2021-09-08,143.89877319335938
2021-09-09,143.92855834960938
2021-09-10,140.9564208984375
2021-09-13,142.48989868164062
2021-09-14,142.43130493164062
2021-09-15,144.21905517578125
2021-09-16,143.39224243164062
2021-09-17,140.5019989013672
2021-09-20,138.07212829589844
2021-09-21,138.69735717773438
2021-09-22,139.9805908203125
2021-09-23,140.862548828125
2021-09-24,141.66355895996094
2021-09-27,140.5392608642578
2021-09-28,135.25839233398438
2021-09-29,133.606689453125
2021-09-30,132.35975646972656
2021-10-01,135.53500366210938
2021-10-04,132.85585021972656
2021-10-05,135.25146484375
2021-10-06,136.42042541503906
2021-10-07,138.239501953125
2021-10-08,139.1040802001953
2021-10-11,137.90377807617188
2021-10-12,135.7838134765625
2021-10-13,136.96275329589844
2021-10-14,140.4508514404297
2021-10-15,140.71206665039062
2021-10-18,141.98883056640625
2021-10-19,142.84449768066406
2021-10-20,141.44703674316406
2021-10-21,141.81004333496094
2021-10-22,137.68280029296875
2021-10-25,137.8297882080078
2021-10-26,138.72268676757812
2021-10-27,145.43228149414062
2021-10-28,145.1358184814453
2021-10-29,147.2627410888672
2021-11-01,142.79678344726562
2021-11-02,144.87159729003906
2021-11-03,145.79229736328125
2021-11-04,147.67242431640625
2021-11-05,148.22665405273438
2021-11-08,148.33639526367188
2021-11-09,148.2340850830078
2021-11-10,145.6294403076172
2021-11-11,145.7506103515625
2021-11-12,148.62840270996094
2021-11-15,148.37265014648438
2021-11-16,148.06275939941406
2021-11-17,148.04884338378906
2021-11-18,149.68466186523438
2021-11-19,148.9333038330078
2021-11-22,146.07884216308594
2021-11-23,145.75953674316406
2021-11-24,145.7202911376953
2021-11-26,141.8353729248047
2021-11-29,145.12091064453125
2021-11-30,141.48377990722656
2021-12-01,140.6554412841797
2021-12-02,142.79928588867188
2021-12-03,141.55181884765625
2021-12-06,142.81915283203125
2021-12-07,147.0303192138672
2021-12-08,147.70968627929688
2021-12-09,147.09934997558594
2021-12-10,147.6645050048828
2021-12-13,145.70738220214844
2021-12-14,143.9851837158203
2021-12-15,146.3668670654297
2021-12-16,143.85406494140625
2021-12-17,141.8323974609375
2021-12-20,141.4336395263672
2021-12-21,143.24026489257812
2021-12-22,145.95022583007812
2021-12-23,146.14244079589844
2021-12-27,147.05763244628906
2021-12-28,145.45262145996094
2021-12-29,145.50877380371094
2021-12-30,145.01016235351562
2021-12-31,143.69615173339844
2022-01-03,144.0884552001953
2022-01-04,143.43495178222656
2022-01-05,136.71791076660156
2022-01-06,136.61610412597656
2022-01-07,136.0733184814453
2022-01-10,137.6321563720703
2022-01-11,139.06585693359375
2022-01-12,140.6852569580078
2022-01-13,138.18536376953125
2022-01-14,138.83642578125
2022-01-18,135.36416625976562
2022-01-19,134.73001098632812
2022-01-20,132.59910583496094
2022-01-21,129.20777893066406
2022-01-24,129.48587036132812
2022-01-25,125.87410736083984
2022-01-26,128.36158752441406
2022-01-27,128.24339294433594
2022-01-28,132.38357543945312
2022-01-31,134.7761993408203
2022-02-01,136.9413604736328
2022-02-02,147.0303192138672
2022-02-03,141.68093872070312
2022-02-04,142.04396057128906
2022-02-07,137.99366760253906
2022-02-08,138.26681518554688
2022-02-09,140.49156188964844
2022-02-10,137.6604461669922
2022-02-11,133.21835327148438
2022-02-14,134.38040161132812
2022-02-15,135.4982452392578
2022-02-16,136.55303955078125
2022-02-17,131.4092559814453
2022-02-18,129.5807342529297
2022-02-22,128.52297973632812
2022-02-23,126.71784210205078
2022-02-24,131.77174377441406
2022-02-25,133.60519409179688
2022-02-28,133.9741973876953
2022-03-01,133.256103515625
2022-03-02,133.8356170654297
2022-03-03,133.3951416015625
2022-03-04,131.2239990234375
2022-03-07,125.6049575805664
2022-03-08,126.41342163085938
2022-03-09,132.95616149902344
2022-03-10,131.7801971435547
2022-03-11,129.5886993408203
2022-03-14,125.87957000732422
2022-03-15,128.7792205810547
2022-03-16,132.78184509277344
2022-03-17,133.68565368652344
2022-03-18,135.87168884277344
2022-03-21,135.55088806152344
2022-03-22,139.3240509033203
2022-03-23,137.5621337890625
2022-03-24,140.35153198242188
2022-03-25,140.5596160888672
2022-03-28,140.98519897460938
2022-03-29,142.2763671875
2022-03-30,141.6749725341797
2022-03-31,138.70034790039062
2022-04-01,139.74368286132812
2022-04-04,142.66619873046875
2022-04-05,140.10423278808594
2022-04-06,136.24363708496094
2022-04-07,135.5374755859375
2022-04-08,133.0996551513672
2022-04-11,128.91429138183594
2022-04-12,127.50196838378906
2022-04-13,129.40049743652344
2022-04-14,126.3880844116211
2022-04-18,127.09127807617188
2022-04-19,129.64381408691406
2022-04-20,127.37385559082031
2022-04-21,124.08833312988281
2022-04-22,118.80101013183594
2022-04-25,122.41230773925781
2022-04-26,118.6937484741211
2022-04-27,114.23873901367188
2022-04-28,118.59989166259766
2022-04-29,114.18510437011719
2022-05-02,116.36071014404297
2022-05-03,117.32660675048828
2022-05-04,121.74188995361328
2022-05-05,115.95301055908203
2022-05-06,114.87388610839844
2022-05-09,112.31539916992188
2022-05-10,113.80570220947266
2022-05-11,113.18643188476562
2022-05-12,112.39188385009766
2022-05-13,115.72357177734375
2022-05-16,114.01228332519531
2022-05-17,115.9083023071289
2022-05-18,111.63704681396484
2022-05-19,109.99278259277344
2022-05-20,108.57003784179688
2022-05-23,110.90753173828125
2022-05-24,105.2060546875
2022-05-25,105.1201400756836
2022-05-26,107.5599365234375
2022-05-27,112.03234100341797
2022-05-31,113.26390838623047
2022-06-01,113.36123657226562
2022-06-02,116.94571685791016
2022-06-03,113.78534698486328
2022-06-06,116.2152099609375
2022-06-07,116.43272399902344
2022-06-08,116.44115447998047
2022-06-09,114.13692474365234
2022-06-10,110.67015075683594
2022-06-13,106.15009307861328
2022-06-14,106.4654312133789
2022-06-15,109.64021301269531
2022-06-16,105.91122436523438
2022-06-17,107.13236236572266
2022-06-21,111.253662109375
2022-06-22,111.27252960205078
2022-06-23,111.91861724853516
2022-06-24,117.7323226928711
2022-06-27,115.82984161376953
2022-06-28,111.80638885498047
2022-06-29,111.49352264404297
2022-06-30,108.62911987304688
2022-07-01,108.33960723876953
2022-07-05,113.11294555664062
2022-07-06,114.43042755126953
2022-07-07,118.49510192871094
2022-07-08,119.35175323486328
2022-07-11,115.73052215576172
2022-07-12,114.06890869140625
2022-07-13,111.42449188232422
2022-07-14,110.68256378173828
2022-07-15,112.00054168701172
2022-07-18,109.16297149658203
2022-07-19,113.84095764160156
2022-07-20,113.92041015625
2022-07-21,114.25810241699219
2022-07-22,107.62350463867188
2022-07-25,107.47451782226562
2022-07-26,104.72335815429688
2022-07-27,112.82788848876953
2022-07-28,113.8111572265625
2022-07-29,115.84722137451172
2022-08-01,114.69510650634766
2022-08-02,115.11226654052734
2022-08-03,117.9726791381836
2022-08-04,118.06206512451172
2022-08-05,117.41648864746094
2022-08-08,117.3370361328125
2022-08-09,116.70137786865234
2022-08-10,119.82996368408203
2022-08-11,119.00560760498047
2022-08-12,121.81639099121094
2022-08-15,122.0448226928711
2022-08-16,121.67733001708984
2022-08-17,119.50221252441406
2022-08-18,120.0385513305664
2022-08-19,117.31716918945312
2022-08-22,114.28790283203125
2022-08-23,113.98993682861328
2022-08-24,113.92041015625
2022-08-25,116.9000244140625
2022-08-26,110.54351806640625
2022-08-29,109.59004211425781
2022-08-30,109.16297149658203
2022-08-31,108.40814208984375
2022-09-01,109.79862213134766
2022-09-02,107.94132995605469
2022-09-06,106.7494888305664
2022-09-07,109.7291030883789
2022-09-08,108.67630004882812
2022-09-09,111.020263671875
2022-09-12,111.10964965820312
2022-09-13,104.59423065185547
2022-09-14,105.15042877197266
2022-09-15,103.19381713867188
2022-09-16,102.9256591796875
2022-09-19,103.14414978027344
2022-09-20,101.13789367675781
2022-09-21,99.33025360107422
2022-09-22,99.8864517211914
2022-09-23,98.49596405029297
2022-09-26,98.13841247558594
2022-09-27,97.42330169677734
2022-09-28,100.05528259277344
2022-09-29,97.42330169677734
2022-09-30,95.49649810791016
2022-10-03,98.62508392333984
2022-10-04,101.71395111083984
2022-10-05,101.5252456665039
2022-10-06,101.54509735107422
2022-10-07,98.89325714111328
2022-10-10,98.0390853881836
2022-10-11,97.38358306884766
2022-10-12,97.63188171386719
2022-10-13,99.03230285644531
2022-10-14,96.51949310302734
2022-10-17,100.09500885009766
2022-10-18,100.70087432861328
2022-10-19,99.60835266113281
2022-10-20,99.84671783447266
2022-10-21,100.79027557373047
2022-10-24,102.27013397216797
2022-10-25,104.21681213378906
2022-10-26,94.17552947998047
2022-10-27,91.97061920166016
2022-10-28,95.92356872558594
2022-10-31,94.0166244506836
2022-11-01,89.88489532470703
2022-11-02,86.47821044921875
2022-11-03,82.92253112792969
2022-11-04,86.1107177734375
2022-11-07,88.04747009277344
2022-11-08,88.30570983886719
2022-11-09,86.80596923828125
2022-11-10,93.52995300292969
2022-11-11,96.07256317138672
2022-11-14,95.37730407714844
2022-11-15,98.04902648925781
2022-11-16,98.31719970703125
2022-11-17,97.83051300048828
2022-11-18,97.1352767944336
2022-11-21,95.17866516113281
2022-11-22,96.6684799194336
2022-11-23,98.14834594726562
2022-11-25,96.93663024902344
2022-11-28,95.59580993652344
2022-11-29,94.79132080078125
2022-11-30,100.76046752929688
2022-12-01,100.59162139892578
2022-12-02,100.14469146728516
2022-12-05,99.19121551513672
2022-12-06,96.64860534667969
2022-12-07,94.50328826904297
2022-12-08,93.31143951416016
2022-12-09,92.43743133544922
2022-12-12,92.9240951538086
2022-12-13,95.19853210449219
2022-12-14,94.66219329833984
2022-12-15,90.58013153076172
2022-12-16,90.24243927001953
2022-12-19,88.5440673828125
2022-12-20,89.02080535888672
2022-12-21,89.6365966796875
2022-12-22,87.66012573242188
2022-12-23,89.1995849609375
2022-12-27,87.33235931396484
2022-12-28,85.87236022949219
2022-12-29,88.34542846679688
2022-12-30,88.1269302368164
2023-01-03,89.09032440185547
2023-01-04,88.10706329345703
2023-01-05,86.18024444580078
2023-01-06,87.56080627441406
2023-01-09,88.19644927978516
2023-01-10,88.63346099853516
2023-01-11,91.63294219970703
2023-01-12,91.28531646728516
2023-01-13,92.16925811767578
2023-01-17,91.53362274169922
2023-01-18,91.15618896484375
2023-01-19,93.27172088623047
2023-01-20,98.605224609375
2023-01-23,100.5220947265625
2023-01-24,98.53569030761719
2023-01-25,96.07256317138672
2023-01-26,98.48603820800781
2023-01-27,100.02550506591797
2023-01-30,97.28425598144531
2023-01-31,99.19121551513672
2023-02-01,100.74060821533203
2023-02-02,108.0605239868164
2023-02-03,104.50485229492188
2023-02-06,102.7667465209961
2023-02-07,107.30567932128906
2023-02-08,99.32032775878906
2023-02-09,94.8111801147461
2023-02-10,94.21526336669922
2023-02-13,94.35430145263672
2023-02-14,94.30465698242188
2023-02-15,96.4400405883789
2023-02-16,95.1290054321289
2023-02-17,93.94709014892578
2023-02-21,91.42436218261719
2023-02-22,91.17605590820312
2023-02-23,90.45101928710938
2023-02-24,88.74271392822266
2023-02-27,89.48760986328125
2023-02-28,89.6862564086914
2023-03-01,89.89482116699219
2023-03-02,91.68258666992188
2023-03-03,93.3809585571289
2023-03-06,94.93035888671875
2023-03-07,93.52995300292969
2023-03-08,94.0066909790039
2023-03-09,92.03021240234375
2023-03-10,90.39143371582031
2023-03-13,91.03701782226562
2023-03-14,93.60940551757812
2023-03-15,95.89378356933594
2023-03-16,100.38304901123047
2023-03-17,101.76360321044922
2023-03-20,101.23721313476562
2023-03-21,105.1206283569336
2023-03-22,103.51163482666016
2023-03-23,105.53778076171875
2023-03-24,105.3391342163086
2023-03-27,102.35952758789062
2023-03-28,100.67108154296875
2023-03-29,101.20740509033203
2023-03-30,100.63134765625
2023-03-31,103.29314422607422
2023-04-03,104.19696044921875
2023-04-04,104.40553283691406
2023-04-05,104.23667907714844
2023-04-06,108.15983581542969
2023-04-10,106.22308349609375
2023-04-11,105.39873504638672
2023-04-12,104.50485229492188
2023-04-13,107.45465087890625
2023-04-14,108.71602630615234
2023-04-17,105.69668579101562
2023-04-18,104.40553283691406
2023-04-19,104.30620574951172
2023-04-20,105.18022918701172
2023-04-21,105.1901626586914
2023-04-24,106.05423736572266
2023-04-25,103.89899444580078
2023-04-26,103.74007415771484
2023-04-27,107.63343811035156
2023-04-28,107.48446655273438
2023-05-01,106.97792053222656
2023-05-02,105.25968933105469
2023-05-03,105.39873504638672
2023-05-04,104.49490356445312
2023-05-05,105.49308776855469
2023-05-08,107.50432586669922
2023-05-09,107.20635986328125
2023-05-10,111.5168685913086
2023-05-11,116.10546112060547
2023-05-12,117.1185302734375
2023-05-15,116.1650619506836
2023-05-16,119.27376556396484
2023-05-17,120.65432739257812
2023-05-18,122.68046569824219
2023-05-19,122.41230773925781
2023-05-22,125.01449584960938
2023-05-23,122.45204162597656
2023-05-24,120.81324005126953
2023-05-25,123.50482940673828
2023-05-26,124.57748413085938
2023-05-30,123.79285430908203
2023-05-31,122.53148651123047
2023-06-01,123.52469635009766
2023-06-02,124.37884521484375
2023-06-05,125.76932525634766
2023-06-06,127.04063415527344
2023-06-07,122.10442352294922
2023-06-08,121.83624267578125
2023-06-09,122.0348892211914
2023-06-12,123.50482940673828
2023-06-13,123.58428192138672
2023-06-14,123.53460693359375
2023-06-15,124.93502807617188
2023-06-16,123.216796875
2023-06-20,123.00822448730469
2023-06-21,120.43582916259766
2023-06-22,123.02809143066406
2023-06-23,122.1838607788086
2023-06-26,118.28057098388672
2023-06-27,118.20111083984375
2023-06-28,120.25704193115234
2023-06-29,119.19432067871094
2023-06-30,120.14779663085938
2023-07-03,119.74058532714844
2023-07-05,121.79651641845703
2023-07-06,120.10807800292969
2023-07-07,119.32344055175781
2023-07-10,116.0756607055664
2023-07-11,116.90995025634766
2023-07-12,118.80697631835938
2023-07-13,123.98155975341797
2023-07-14,124.84564208984375
2023-07-17,124.20999908447266
2023-07-18,123.23666381835938
2023-07-19,121.94548797607422
2023-07-20,118.71758270263672
2023-07-21,119.4922866821289
2023-07-24,121.05162048339844
2023-07-25,121.95542907714844
2023-07-26,128.77871704101562
2023-07-27,128.9873046875
2023-07-28,132.10598754882812
2023-07-31,132.20529174804688
2023-08-01,130.9935760498047
2023-08-02,127.76566314697266
2023-08-03,127.89480590820312
2023-08-04,127.66633605957031
2023-08-07,131.04322814941406
2023-08-08,130.94390869140625
2023-08-09,129.26541137695312
2023-08-10,129.32498168945312
2023-08-11,129.28524780273438
2023-08-14,130.93399047851562
2023-08-15,129.3845977783203
2023-08-16,128.23248291015625
2023-08-17,129.5733184814453
2023-08-18,127.23927307128906
2023-08-21,128.05368041992188
2023-08-22,128.8085479736328
2023-08-23,132.3046112060547
2023-08-24,129.5335693359375
2023-08-25,129.80174255371094
2023-08-28,130.8942413330078
2023-08-29,134.56912231445312
2023-08-30,135.9993133544922
2023-08-31,136.41647338867188
2023-09-01,135.87020874023438
2023-09-05,135.78082275390625
2023-09-06,134.44993591308594
2023-09-07,135.2742919921875
2023-09-08,136.26748657226562
2023-09-11,136.80380249023438
2023-09-12,135.1451873779297
2023-09-13,136.56544494628906
2023-09-14,138.04531860351562
2023-09-15,137.36000061035156
2023-09-18,138.0155487060547
2023-09-19,137.88641357421875
2023-09-20,133.6752166748047
2023-09-21,130.46717834472656
2023-09-22,130.35792541503906
2023-09-25,131.27166748046875
2023-09-26,128.57015991210938
2023-09-27,130.56651306152344
2023-09-28,132.22515869140625
2023-09-29,130.95384216308594
2023-10-02,134.2512664794922
2023-10-03,132.3939971923828
2023-10-04,135.34381103515625
2023-10-05,135.0657196044922
2023-10-06,137.78707885742188
2023-10-09,138.5518341064453
2023-10-10,138.25390625
2023-10-11,140.7368927001953
2023-10-12,139.33645629882812
2023-10-13,137.6381072998047
2023-10-16,139.53514099121094
2023-10-17,140.03173828125
2023-10-18,138.33334350585938
2023-10-19,138.035400390625
2023-10-20,135.8106231689453
2023-10-23,136.96275329589844
2023-10-24,139.16763305664062
2023-10-25,125.80905151367188
2023-10-26,122.60099792480469
2023-10-27,122.561279296875
2023-10-30,124.89530944824219
2023-10-31,124.44837188720703
2023-11-01,126.70293426513672
2023-11-02,127.7060775756836
2023-11-03,129.48388671875
2023-11-06,130.55657958984375
2023-11-07,131.50009155273438
2023-11-08,132.354248046875
2023-11-09,130.79493713378906
2023-11-10,133.14881896972656
2023-11-13,132.73167419433594
2023-11-14,134.509521484375
2023-11-15,135.4530792236328
2023-11-16,137.75729370117188
2023-11-17,136.00926208496094
2023-11-20,136.9825897216797
2023-11-21,137.67784118652344
2023-11-22,139.06834411621094
2023-11-24,137.2805633544922
2023-11-27,137.11170959472656
2023-11-28,137.67784118652344
2023-11-29,135.472900390625
2023-11-30,133.009765625
2023-12-01,132.41387939453125
2023-12-04,129.7421417236328
2023-12-05,131.4901885986328
2023-12-06,130.53668212890625
2023-12-07,137.5089874267578
2023-12-08,135.71127319335938
2023-12-11,133.7844696044922
2023-12-12,132.73167419433594
2023-12-13,133.05943298339844
2023-12-14,132.294677734375
2023-12-15,132.93031311035156
2023-12-18,136.25755310058594
2023-12-19,137.161376953125
2023-12-20,138.71075439453125
2023-12-21,140.8362274169922
2023-12-22,141.74996948242188
2023-12-26,141.8492889404297
2023-12-27,140.47866821289062
2023-12-28,140.3197479248047
2023-12-29,139.9721221923828
2024-01-02,138.61146545410156
2024-01-03,139.406005859375
2024-01-04,137.10179138183594
2024-01-05,136.45620727539062
2024-01-08,139.5748748779297
2024-01-09,141.59103393554688
2024-01-10,142.82261657714844
2024-01-11,142.69351196289062
2024-01-12,143.2596435546875
2024-01-16,143.1007537841797
2024-01-17,141.9188232421875
2024-01-18,144.00453186035156
2024-01-19,146.9642791748047
2024-01-22,146.70603942871094
2024-01-23,147.6694793701172
2024-01-24,149.32810974121094
2024-01-25,152.59576416015625
2024-01-26,152.74473571777344
2024-01-29,153.78761291503906
2024-01-30,152.00975036621094
2024-01-31,140.8362274169922
2024-02-01,141.7400360107422
2024-02-02,142.56439208984375
2024-02-05,143.94496154785156
2024-02-06,144.42169189453125
2024-02-07,145.6830596923828
2024-02-08,146.21939086914062
2024-02-09,149.19898986816406
2024-02-12,147.7191162109375
2024-02-13,145.3751678466797
2024-02-14,146.1399383544922
2024-02-15,142.96168518066406
2024-02-16,140.79647827148438
2024-02-20,141.23348999023438
2024-02-21,142.86233520507812
2024-02-22,144.33230590820312
2024-02-23,144.30250549316406
2024-02-26,137.8069610595703
2024-02-27,139.1477813720703
2024-02-28,136.49591064453125
2024-02-29,138.82994079589844
2024-03-01,137.14149475097656
2024-03-04,133.28785705566406
2024-03-05,132.87071228027344
2024-03-06,131.6590118408203
2024-03-07,134.32081604003906
2024-03-08,135.36366271972656
2024-03-11,137.9956512451172
2024-03-12,138.6710205078125
2024-03-13,139.813232421875
2024-03-14,143.3589324951172
2024-03-15,141.2036895751953
2024-03-18,147.47079467773438
2024-03-19,146.9146270751953
2024-03-20,148.6626434326172
2024-03-21,147.7290496826172
2024-03-22,150.7384490966797
2024-03-25,150.1226806640625
2024-03-26,150.6689453125
2024-03-27,150.90731811523438
2024-03-28,151.22511291503906
2024-04-01,155.43630981445312
2024-04-02,154.81057739257812
2024-04-03,155.30718994140625
2024-04-04,150.90731811523438
2024-04-05,152.89370727539062
2024-04-08,155.07876586914062
2024-04-09,157.06515502929688
2024-04-10,156.5884552001953
2024-04-11,159.69715881347656
2024-04-12,158.1080322265625
2024-04-15,155.26747131347656
2024-04-16,154.93971252441406
2024-04-17,155.81373596191406
2024-04-18,156.3897705078125
2024-04-19,154.66160583496094
2024-04-22,156.87646484375
2024-04-23,158.83306884765625
2024-04-24,160.0050506591797
2024-04-25,156.87646484375
2024-04-26,172.5094757080078
2024-04-29,166.75881958007812
2024-04-30,163.52099609375
2024-05-01,164.4446563720703
2024-05-02,167.31503295898438
2024-05-03,167.84140014648438
2024-05-06,168.6757049560547
2024-05-07,171.80430603027344
2024-05-08,169.99667358398438
2024-05-09,170.41380310058594
2024-05-10,169.13258361816406
2024-05-13,169.73843383789062
2024-05-14,170.7614288330078
2024-05-15,172.69818115234375
2024-05-16,174.23764038085938
2024-05-17,176.08499145507812
2024-05-20,177.24705505371094
2024-05-21,178.3197021484375
2024-05-22,176.79019165039062
2024-05-23,173.87014770507812
2024-05-24,175.1315155029297
2024-05-28,176.81004333496094
2024-05-29,176.1942596435547
2024-05-30,172.38035583496094
2024-05-31,172.77764892578125
2024-06-03,173.23451232910156
2024-06-04,173.93966674804688
2024-06-05,175.8665008544922
2024-06-06,177.13780212402344
2024-06-07,174.7541046142578
2024-06-10,175.62911987304688
2024-06-11,177.18028259277344
2024-06-12,178.54251098632812
2024-06-13,175.738525390625
2024-06-14,177.3592529296875
2024-06-17,177.76693725585938
2024-06-18,175.4501495361328
2024-06-20,176.7030029296875
2024-06-21,179.23855590820312
2024-06-24,179.7655487060547
2024-06-25,184.52841186523438
2024-06-26,184.31961059570312
2024-06-27,185.8011474609375
2024-06-28,182.38064575195312
2024-07-01,183.444580078125
2024-07-02,185.55258178710938
2024-07-03,186.32814025878906
2024-07-05,190.8722686767578
2024-07-08,189.400634765625
2024-07-09,189.36087036132812
2024-07-10,191.56829833984375
2024-07-11,186.23866271972656
2024-07-12,185.72158813476562
2024-07-15,187.1236114501953
2024-07-16,184.4488525390625
2024-07-17,181.5851593017578
2024-07-18,178.20443725585938
2024-07-19,178.37347412109375
2024-07-22,182.31105041503906
2024-07-23,182.5596466064453
2024-07-24,173.3819122314453
2024-07-25,168.20144653320312
2024-07-26,167.7241668701172
2024-07-29,170.1602783203125
2024-07-30,170.88613891601562
2024-07-31,172.1688232421875
2024-08-01,171.47279357910156
2024-08-02,167.44577026367188
2024-08-05,159.729736328125
2024-08-06,159.6302947998047
2024-08-07,159.83908081054688
2024-08-08,162.91160583496094
2024-08-09,164.4528045654297
2024-08-12,163.02096557617188
2024-08-13,164.98973083496094
2024-08-14,161.11183166503906
2024-08-15,162.24539184570312
2024-08-16,163.80650329589844
2024-08-19,167.44577026367188
2024-08-20,168.00259399414062
2024-08-21,166.6801300048828
2024-08-22,164.55226135253906
2024-08-23,166.4812469482422
2024-08-26,166.97840881347656
2024-08-27,165.4372100830078
2024-08-28,163.56785583496094
2024-08-29,162.47409057617188
2024-08-30,164.17440795898438
2024-09-03,157.7112274169922
2024-09-04,156.91575622558594
2024-09-05,157.7012939453125
2024-09-06,151.26795959472656
2024-09-09,148.8883514404297
2024-09-10,149.35630798339844
2024-09-11,151.48699951171875
2024-09-12,154.86221313476562
2024-09-13,157.6798858642578
2024-09-16,158.29718017578125
2024-09-17,159.58155822753906
2024-09-18,160.1092529296875
2024-09-19,162.52867126464844
2024-09-20,163.9225616455078
2024-09-23,162.3594207763672
2024-09-24,162.92691040039062
2024-09-25,162.27975463867188
2024-09-26,163.1160888671875
2024-09-27,164.56973266601562
2024-09-30,166.46144104003906
2024-10-01,167.6860809326172
2024-10-02,166.5809326171875
2024-10-03,166.4813690185547
2024-10-04,167.8254852294922
2024-10-07,163.67364501953125
2024-10-08,164.97793579101562
2024-10-09,162.34942626953125
2024-10-10,162.4689178466797
2024-10-11,163.8031005859375
2024-10-14,165.6251220703125
2024-10-15,166.17269897460938
2024-10-16,166.013427734375
2024-10-17,163.79312133789062
2024-10-18,164.33078002929688
2024-10-21,165.0775146484375
2024-10-22,166.0930633544922
2024-10-23,163.7632598876953
2024-10-24,163.8130340576172
2024-10-25,166.26231384277344
2024-10-28,167.60643005371094
2024-10-29,170.3942413330078
2024-10-30,175.37245178222656
2024-10-31,171.9375
2024-11-01,171.89764404296875
2024-11-04,169.9362335205078
2024-11-05,170.66305541992188
2024-11-06,177.5529022216797
2024-11-07,181.48568725585938
2024-11-08,179.0762481689453
2024-11-11,181.1770477294922
2024-11-12,182.5211639404297
2024-11-13,179.70350646972656
2024-11-14,176.57717895507812
2024-11-15,173.13223266601562
2024-11-18,176.0295867919922
2024-11-19,178.7974395751953
2024-11-20,176.55726623535156
2024-11-21,168.5025177001953
2024-11-22,165.84417724609375
2024-11-25,168.69166564941406
2024-11-26,169.87649536132812
2024-11-27,170.0756378173828
2024-11-29,169.7470703125
2024-12-02,172.22622680664062
2024-12-03,172.2660369873047
2024-12-04,175.32266235351562
2024-12-05,173.5504150390625
2024-12-06,175.72093200683594
2024-12-09,176.52830505371094
2024-12-10,185.92787170410156
2024-12-11,196.07501220703125
2024-12-12,193.0049591064453
2024-12-13,190.76222229003906
2024-12-16,197.5203399658203
2024-12-17,196.4836883544922
2024-12-18,189.5361785888672
2024-12-19,189.08763122558594
2024-12-20,192.33712768554688
2024-12-23,195.35733032226562
2024-12-24,196.93223571777344
2024-12-26,196.4637451171875
2024-12-27,193.4136199951172
2024-12-30,192.0679931640625
2024-12-31,189.82525634765625
2025-01-02,190.0146484375
2025-01-03,192.50656127929688
2025-01-06,197.3209686279297
2025-01-07,196.07501220703125
2025-01-08,194.75927734375
2025-01-10,192.5464324951172
2025-01-13,191.6692657470703
2025-01-14,190.43328857421875
2025-01-15,196.34413146972656
2025-01-16,193.78244018554688
2025-01-17,196.9123077392578
2025-01-21,198.98558044433594
2025-01-22,199.38429260253906
2025-01-23,198.9357452392578
2025-01-24,201.2482452392578
2025-01-27,193.14450073242188
2025-01-28,196.43385314941406
2025-01-29,196.54347229003906
2025-01-30,201.97589111328125
2025-01-31,204.9363250732422
2025-02-03,201.98587036132812
2025-02-04,207.0395050048828
2025-02-05,192.67601013183594
2025-02-06,192.68597412109375
2025-02-07,186.53590393066406
2025-02-10,187.5924835205078
2025-02-11,186.4661407470703
2025-02-12,184.83140563964844
2025-02-13,187.27352905273438
2025-02-14,186.2667694091797
2025-02-18,185.20021057128906
2025-02-19,186.52593994140625
2025-02-20,186.03750610351562
2025-02-21,180.99383544921875
2025-02-24,180.6051025390625
2025-02-25,176.7974395751953
2025-02-26,174.13604736328125
2025-02-27,169.6605682373047
2025-02-28,171.6640625
2025-03-03,168.1155548095703
2025-03-04,172.05279541015625
2025-03-05,174.4251251220703
2025-03-06,173.64764404296875
2025-03-07,175.1826629638672
2025-03-10,167.4588623046875
2025-03-11,165.63267517089844
2025-03-12,168.64637756347656
2025-03-13,164.3852996826172
2025-03-14,167.2692413330078
2025-03-17,166.22146606445312
2025-03-18,162.32962036132812
2025-03-19,165.93206787109375
2025-03-20,164.70465087890625
2025-03-21,165.90211486816406
2025-03-24,169.5744171142578
2025-03-25,172.42843627929688
2025-03-26,166.79025268554688
2025-03-27,163.73666381835938
2025-03-28,155.7334442138672
2025-03-31,155.90309143066406
2025-04-01,158.5475616455078
2025-04-02,158.527587890625
2025-04-03,152.31063842773438
2025-04-04,147.4308624267578
2025-04-07,148.92771911621094
2025-04-08,146.27328491210938
2025-04-09,160.7229766845703
2025-04-10,155.0448760986328
2025-04-11,159.0664520263672
2025-04-14,161.1321258544922
2025-04-15,158.34796142578125
2025-04-16,155.17462158203125
2025-04-17,153.03909301757812
2025-04-21,149.5464324951172
2025-04-22,153.5779571533203
2025-04-23,157.38998413085938
2025-04-24,161.1321258544922
2025-04-25,163.5071563720703
2025-04-28,162.08013916015625
2025-04-29,161.7209014892578
2025-04-30,160.5533447265625
2025-05-01,162.44935607910156
2025-05-02,165.46304321289062
2025-05-05,165.70254516601562
2025-05-06,164.8543243408203
2025-05-07,152.4802703857422
2025-05-08,155.42410278320312
2025-05-09,154.0569610595703
2025-05-12,159.24609375
2025-05-13,160.5533447265625
2025-05-14,166.46095275878906
2025-05-15,165.05389404296875
2025-05-16,167.0796356201172
2025-05-19,167.51873779296875
2025-05-20,164.9740753173828
2025-05-21,169.70416259765625
2025-05-22,171.62013244628906
2025-05-23,169.23513793945312
2025-05-27,173.61595153808594
2025-05-28,173.0172119140625
2025-05-29,172.5980987548828
2025-05-30,172.48831176757812
2025-06-02,170.01348876953125
2025-06-03,167.35906982421875
2025-06-04,169.03555297851562
2025-06-05,169.4546661376953
2025-06-06,174.55398559570312
2025-06-09,177.47137451171875
2025-06-10,179.8492431640625
2025-06-11,178.63034057617188
2025-06-12,176.8119659423828
2025-06-13,175.7229461669922
2025-06-16,177.78109741210938
2025-06-17,177.0717315673828
2025-06-18,173.8246307373047
2025-06-20,167.58021545410156
2025-06-23,165.86175537109375
2025-06-24,167.5902099609375
2025-06-25,171.3368682861328
2025-06-26,174.27423095703125
2025-06-27,178.11080932617188
2025-06-30,177.23159790039062
2025-07-01,176.7520294189453
2025-07-02,179.59947204589844
2025-07-03,180.38877868652344
2025-07-07,177.4014434814453
2025-07-08,175.0035858154297
2025-07-09,177.50135803222656
2025-07-10,178.54042053222656
2025-07-11,181.14808654785156
2025-07-14,182.64674377441406
2025-07-15,182.93649291992188
2025-07-16,183.60589599609375
2025-07-17,184.53506469726562
2025-07-18,185.77395629882812
2025-07-21,190.9792938232422
2025-07-22,191.93844604492188
2025-07-23,191.33897399902344
2025-07-24,193.0274658203125
2025-07-25,193.9066925048828
2025-07-28,193.2472686767578
2025-07-29,196.25457763671875
2025-07-30,197.26368713378906
2025-07-31,192.68777465820312
2025-08-01,189.78036499023438
2025-08-04,195.5751953125
2025-08-05,195.1455841064453
2025-08-06,196.74415588378906
2025-08-07,197.10382080078125
2025-08-08,201.90953063964844
2025-08-11,201.449951171875
2025-08-12,203.97769165039062
2025-08-13,202.84869384765625
2025-08-14,203.63800048828125
2025-08-15,204.72702026367188
2025-08-18,204.10755920410156
2025-08-19,202.30918884277344
2025-08-20,200.01123046875
2025-08-21,200.4408416748047
2025-08-22,206.535400390625
2025-08-25,208.9732208251953
2025-08-26,207.76429748535156
2025-08-27,208.02407836914062
2025-08-28,212.1803436279297
2025-08-29,213.3393096923828
2025-09-02,211.8007049560547
2025-09-03,230.8936309814453
2025-09-04,232.45223999023438
2025-09-05,234.95999145507812
2025-09-08,234.16000366210938
2025-09-09,239.94000244140625
2025-09-10,239.55999755859375
2025-09-11,240.77999877929688
2025-09-12,241.3800048828125
2025-09-15,251.75999450683594
2025-09-16,251.4199981689453
2025-09-17,249.85000610351562
2025-09-18,252.3300018310547
2025-09-19,255.24000549316406
2025-09-22,252.8800048828125
2025-09-23,252.33999633789062
2025-09-24,247.8300018310547
2025-09-25,246.57000732421875
2025-09-26,247.17999267578125
2025-09-29,244.36000061035156
2025-09-30,243.5500030517578
2025-10-01,245.5399932861328
2025-10-02,246.42999267578125
2025-10-03,246.4499969482422
2025-10-06,251.50999450683594
2025-10-07,247.1300048828125
2025-10-08,245.4600067138672
2025-10-09,242.2100067138672
2025-10-10,237.49000549316406
2025-10-13,244.63999938964844
2025-10-14,246.19000244140625
2025-10-15,251.7100067138672
2025-10-16,251.8800048828125
2025-10-17,253.7899932861328
2025-10-20,257.0199890136719
2025-10-21,251.33999633789062
2025-10-22,252.52999877929688
2025-10-23,253.72999572753906
2025-10-24,260.510009765625
2025-10-27,269.92999267578125
2025-10-28,268.42999267578125
2025-10-29,273.06878662109375
