date,JNJ
2020-01-02,124.07300567626953
2020-01-03,122.63651275634766
2020-01-06,122.48350524902344
2020-01-07,123.23150634765625
2020-01-08,123.21449279785156
2020-01-09,123.57997131347656
2020-01-10,123.29948425292969
2020-01-13,123.84346771240234
2020-01-14,124.5405044555664
2020-01-15,124.95697021484375
2020-01-16,125.96847534179688
2020-01-17,126.79293060302734
2020-01-21,126.8779525756836
2020-01-22,126.0109634399414
2020-01-23,126.24893951416016
2020-01-24,126.07048034667969
2020-01-27,126.43595886230469
2020-01-28,127.0734634399414
2020-01-29,127.95741271972656
2020-01-30,127.80442810058594
2020-01-31,126.53790283203125
2020-02-03,127.64292907714844
2020-02-04,128.85842895507812
2020-02-05,130.88990783691406
2020-02-06,130.49893188476562
2020-02-07,129.10494995117188
2020-02-10,129.0794219970703
2020-02-11,129.18992614746094
2020-02-12,128.42491149902344
2020-02-13,127.5749282836914
2020-02-14,127.60894775390625
2020-02-18,126.7674331665039
2020-02-19,126.59746551513672
2020-02-20,126.11294555664062
2020-02-21,127.43893432617188
2020-02-24,124.81280517578125
2020-02-25,123.73499298095703
2020-02-26,122.90525817871094
2020-02-27,119.00458526611328
2020-02-28,115.03548431396484
2020-03-02,119.77446746826172
2020-03-03,115.98497772216797
2020-03-04,122.73418426513672
2020-03-05,121.47673797607422
2020-03-06,121.4938735961914
2020-03-09,116.71210479736328
2020-03-10,121.16024017333984
2020-03-11,112.74298095703125
2020-03-12,107.27690887451172
2020-03-13,114.87297058105469
2020-03-16,108.74822998046875
2020-03-17,116.8404312133789
2020-03-18,115.44609069824219
2020-03-19,108.67980194091797
2020-03-20,102.55506896972656
2020-03-23,95.07023620605469
2020-03-24,101.94772338867188
2020-03-25,102.13592529296875
2020-03-26,108.26919555664062
2020-03-27,105.35225677490234
2020-03-30,113.77803802490234
2020-03-31,112.16987609863281
2020-04-01,110.18531799316406
2020-04-02,113.8978042602539
2020-04-03,114.77030181884766
2020-04-06,119.55206298828125
2020-04-07,117.60172271728516
2020-04-08,122.54598236083984
2020-04-09,120.80950164794922
2020-04-13,119.56060791015625
2020-04-14,124.91548919677734
2020-04-15,126.30982971191406
2020-04-16,128.02915954589844
2020-04-17,130.03936767578125
2020-04-20,129.73995971679688
2020-04-21,128.03770446777344
2020-04-22,130.86911010742188
2020-04-23,133.02476501464844
2020-04-24,132.46878051757812
2020-04-27,131.98117065429688
2020-04-28,129.50048828125
2020-04-29,128.51678466796875
2020-04-30,128.34568786621094
2020-05-01,126.84870910644531
2020-05-04,126.83158874511719
2020-05-05,127.88377380371094
2020-05-06,126.66908264160156
2020-05-07,126.24993133544922
2020-05-08,127.19940948486328
2020-05-11,127.55014038085938
2020-05-12,125.86499786376953
2020-05-13,125.85643005371094
2020-05-14,126.29269409179688
2020-05-15,128.68783569335938
2020-05-18,128.7562713623047
2020-05-19,127.47315979003906
2020-05-20,126.32687377929688
2020-05-21,125.49716186523438
2020-05-22,124.3515625
2020-05-26,124.51522827148438
2020-05-27,124.79946899414062
2020-05-28,126.59104919433594
2020-05-29,128.12425231933594
2020-06-01,126.78057098388672
2020-06-02,127.6935806274414
2020-06-03,128.03811645507812
2020-06-04,126.38436126708984
2020-06-05,126.87527465820312
2020-06-08,126.41878509521484
2020-06-09,125.72110748291016
2020-06-10,127.30599975585938
2020-06-11,121.33686065673828
2020-06-12,122.43941497802734
2020-06-15,121.66419982910156
2020-06-16,124.42910766601562
2020-06-17,124.05010223388672
2020-06-18,123.52469635009766
2020-06-19,123.88644409179688
2020-06-22,123.50749206542969
2020-06-23,123.0509262084961
2020-06-24,120.43251037597656
2020-06-25,120.30329895019531
2020-06-26,118.70115661621094
2020-06-29,119.76065063476562
2020-06-30,121.13015747070312
2020-07-01,120.91482543945312
2020-07-02,121.4229965209961
2020-07-06,123.154296875
2020-07-07,123.0423355102539
2020-07-08,123.40412139892578
2020-07-09,122.7322998046875
2020-07-10,122.62889099121094
2020-07-13,125.0750732421875
2020-07-14,127.40933990478516
2020-07-15,127.70217895507812
2020-07-16,128.5548858642578
2020-07-17,128.6410369873047
2020-07-20,128.8563995361328
2020-07-21,128.9769744873047
2020-07-22,129.20953369140625
2020-07-23,128.864990234375
2020-07-24,127.58162689208984
2020-07-27,126.77191162109375
2020-07-28,126.4704818725586
2020-07-29,126.22071075439453
2020-07-30,126.47909545898438
2020-07-31,125.54885864257812
2020-08-03,126.91839599609375
2020-08-04,126.80638885498047
2020-08-05,127.82273864746094
2020-08-06,127.09062194824219
2020-08-07,127.99505615234375
2020-08-10,127.50408935546875
2020-08-11,126.59104919433594
2020-08-12,128.9080810546875
2020-08-13,127.47824096679688
2020-08-14,127.68495178222656
2020-08-17,128.33094787597656
2020-08-18,129.27841186523438
2020-08-19,129.53684997558594
2020-08-20,130.4240264892578
2020-08-21,131.57821655273438
2020-08-24,131.925048828125
2020-08-25,131.84701538085938
2020-08-26,132.05508422851562
2020-08-27,132.64471435546875
2020-08-28,133.21697998046875
2020-08-31,133.01754760742188
2020-09-01,131.37879943847656
2020-09-02,133.38172912597656
2020-09-03,129.67066955566406
2020-09-04,128.83827209472656
2020-09-08,127.68505859375
2020-09-09,129.8007049560547
2020-09-10,127.38159942626953
2020-09-11,128.13592529296875
2020-09-14,128.63018798828125
2020-09-15,129.09835815429688
2020-09-16,128.67352294921875
2020-09-17,127.60704803466797
2020-09-18,129.3498077392578
2020-09-21,125.81218719482422
2020-09-22,125.04048156738281
2020-09-23,125.23992156982422
2020-09-24,125.4393310546875
2020-09-25,126.2977294921875
2020-09-28,127.55499267578125
2020-09-29,127.5116195678711
2020-09-30,129.0897216796875
2020-10-01,127.73709106445312
2020-10-02,126.8006591796875
2020-10-05,128.52609252929688
2020-10-06,126.8179702758789
2020-10-07,128.22264099121094
2020-10-08,129.09835815429688
2020-10-09,130.90191650390625
2020-10-12,131.65623474121094
2020-10-13,128.6388397216797
2020-10-14,128.41339111328125
2020-10-15,127.62434387207031
2020-10-16,128.41339111328125
2020-10-19,125.1358871459961
2020-10-20,125.33531951904297
2020-10-21,124.79768371582031
2020-10-22,125.79486083984375
2020-10-23,125.93359375
2020-10-26,124.8323974609375
2020-10-27,124.12137603759766
2020-10-28,119.96813201904297
2020-10-29,118.9536361694336
2020-10-30,118.88426971435547
2020-11-02,120.25425720214844
2020-11-03,120.08950805664062
2020-11-04,120.86988830566406
2020-11-05,121.1820068359375
2020-11-06,123.34103393554688
2020-11-09,126.66194152832031
2020-11-10,128.5694580078125
2020-11-11,128.15330505371094
2020-11-12,128.5868377685547
2020-11-13,129.97413635253906
2020-11-16,130.7978973388672
2020-11-17,129.49725341796875
2020-11-18,127.78044128417969
2020-11-19,127.58102416992188
2020-11-20,126.90470123291016
2020-11-23,125.61250305175781
2020-11-24,125.61250305175781
2020-11-25,125.44661712646484
2020-11-27,125.72603607177734
2020-11-30,126.3197250366211
2020-12-01,128.7382049560547
2020-12-02,129.34063720703125
2020-12-03,130.09149169921875
2020-12-04,131.2003173828125
2020-12-07,130.06533813476562
2020-12-08,132.31788635253906
2020-12-09,133.6711883544922
2020-12-10,132.92906188964844
2020-12-11,133.5402374267578
2020-12-14,130.15264892578125
2020-12-15,131.4622802734375
2020-12-16,130.67649841308594
2020-12-17,134.125244140625
2020-12-18,134.90223693847656
2020-12-21,133.60134887695312
2020-12-22,133.3394775390625
2020-12-23,132.658447265625
2020-12-24,133.12112426757812
2020-12-28,133.74978637695312
2020-12-29,134.57923889160156
2020-12-30,136.24684143066406
2020-12-31,137.4080810546875
2021-01-04,136.63975524902344
2021-01-05,138.24623107910156
2021-01-06,139.54714965820312
2021-01-07,140.01858520507812
2021-01-08,139.73046875
2021-01-11,139.14553833007812
2021-01-12,138.06288146972656
2021-01-13,137.85333251953125
2021-01-14,140.26307678222656
2021-01-15,139.95750427246094
2021-01-19,142.12278747558594
2021-01-20,141.7735595703125
2021-01-21,141.2060089111328
2021-01-22,142.7950897216797
2021-01-25,144.9166717529297
2021-01-26,148.8456268310547
2021-01-27,146.5755615234375
2021-01-28,147.69314575195312
2021-01-29,142.4283447265625
2021-02-01,142.06166076660156
2021-02-02,140.7869873046875
2021-02-03,140.1321258544922
2021-02-04,141.43304443359375
2021-02-05,143.5808563232422
2021-02-08,143.9912109375
2021-02-09,145.16986083984375
2021-02-10,145.641357421875
2021-02-11,144.986572265625
2021-02-12,145.4405517578125
2021-02-16,144.12216186523438
2021-02-17,144.63729858398438
2021-02-18,144.7071533203125
2021-02-19,142.29742431640625
2021-02-22,142.20956420898438
2021-02-23,140.95326232910156
2021-02-24,142.84210205078125
2021-02-25,142.991455078125
2021-02-26,139.21371459960938
2021-03-01,139.96926879882812
2021-03-02,139.70567321777344
2021-03-03,137.24578857421875
2021-03-04,134.4783935546875
2021-03-05,137.14036560058594
2021-03-08,138.28245544433594
2021-03-09,138.54600524902344
2021-03-10,139.81988525390625
2021-03-11,139.81112670898438
2021-03-12,140.2152557373047
2021-03-15,140.93563842773438
2021-03-16,141.77027893066406
2021-03-17,141.2431640625
2021-03-18,140.9796142578125
2021-03-19,140.60179138183594
2021-03-22,141.00595092773438
2021-03-23,140.8741455078125
2021-03-24,142.2447052001953
2021-03-25,142.29742431640625
2021-03-26,144.89785766601562
2021-03-29,145.873046875
2021-03-30,144.96820068359375
2021-03-31,144.38836669921875
2021-04-01,143.05300903320312
2021-04-05,143.58009338378906
2021-04-06,143.544921875
2021-04-07,143.7382354736328
2021-04-08,143.17596435546875
2021-04-09,141.66488647460938
2021-04-12,142.0074920654297
2021-04-13,140.10984802246094
2021-04-14,140.49639892578125
2021-04-15,140.9093017578125
2021-04-16,142.53460693359375
2021-04-19,142.9299774169922
2021-04-20,146.2596435546875
2021-04-21,146.35626220703125
2021-04-22,145.11753845214844
2021-04-23,145.4162139892578
2021-04-26,144.1862335205078
2021-04-27,143.36041259765625
2021-04-28,142.30616760253906
2021-04-29,144.2565460205078
2021-04-30,142.965087890625
2021-05-03,145.14390563964844
2021-05-04,147.39295959472656
2021-05-05,146.77796936035156
2021-05-06,147.3666229248047
2021-05-07,148.03428649902344
2021-05-10,149.58932495117188
2021-05-11,148.3681182861328
2021-05-12,147.77072143554688
2021-05-13,149.31695556640625
2021-05-14,149.54537963867188
2021-05-17,149.69471740722656
2021-05-18,149.74746704101562
2021-05-19,149.42236328125
2021-05-20,150.29214477539062
2021-05-21,150.19549560546875
2021-05-24,150.77011108398438
2021-05-25,150.35464477539062
2021-05-26,149.46176147460938
2021-05-27,149.2318878173828
2021-05-28,149.62088012695312
2021-06-01,146.3323516845703
2021-06-02,146.9246368408203
2021-06-03,146.78317260742188
2021-06-04,146.72128295898438
2021-06-07,145.72230529785156
2021-06-08,144.44052124023438
2021-06-09,146.38534545898438
2021-06-10,147.7025604248047
2021-06-11,145.8284454345703
2021-06-14,146.19085693359375
2021-06-15,145.41294860839844
2021-06-16,145.35986328125
2021-06-17,146.05824279785156
2021-06-18,143.19406127929688
2021-06-21,144.83831787109375
2021-06-22,144.64382934570312
2021-06-23,143.7686309814453
2021-06-24,144.42283630371094
2021-06-25,145.16539001464844
2021-06-28,144.99746704101562
2021-06-29,145.00628662109375
2021-06-30,145.6339111328125
2021-07-01,146.71243286132812
2021-07-02,149.3822021484375
2021-07-06,148.48936462402344
2021-07-07,149.7623291015625
2021-07-08,149.4705810546875
2021-07-09,150.06289672851562
2021-07-12,149.82421875
2021-07-13,149.63858032226562
2021-07-14,150.6552276611328
2021-07-15,148.8429412841797
2021-07-16,148.60421752929688
2021-07-19,147.5257110595703
2021-07-20,148.9136199951172
2021-07-21,149.8330535888672
2021-07-22,150.26620483398438
2021-07-23,151.86631774902344
2021-07-26,151.93699645996094
2021-07-27,152.63539123535156
2021-07-28,152.21104431152344
2021-07-29,152.21104431152344
2021-07-30,152.22872924804688
2021-08-02,152.29061889648438
2021-08-03,154.1647491455078
2021-08-04,153.25421142578125
2021-08-05,153.5459442138672
2021-08-06,153.03321838378906
2021-08-09,153.56362915039062
2021-08-10,153.6166534423828
2021-08-11,153.64315795898438
2021-08-12,154.88082885742188
2021-08-13,155.8090057373047
2021-08-16,157.21461486816406
2021-08-17,158.65560913085938
2021-08-18,156.64002990722656
2021-08-19,157.86000061035156
2021-08-20,158.6291046142578
2021-08-23,157.9443359375
2021-08-24,155.97012329101562
2021-08-25,154.93858337402344
2021-08-26,154.11155700683594
2021-08-27,153.7825164794922
2021-08-30,154.4316864013672
2021-08-31,153.96035766601562
2021-09-01,154.50283813476562
2021-09-02,155.56106567382812
2021-09-03,155.65887451171875
2021-09-07,153.24005126953125
2021-09-08,152.86654663085938
2021-09-09,149.4606475830078
2021-09-10,148.48240661621094
2021-09-13,147.4419708251953
2021-09-14,146.55271911621094
2021-09-15,147.10403442382812
2021-09-16,146.9261932373047
2021-09-17,146.5082244873047
2021-09-20,145.67230224609375
2021-09-21,146.31259155273438
2021-09-22,145.77902221679688
2021-09-23,146.6060791015625
2021-09-24,146.16139221191406
2021-09-27,145.10316467285156
2021-09-28,144.7830352783203
2021-09-29,145.85906982421875
2021-09-30,143.6180877685547
2021-10-01,142.70213317871094
2021-10-04,141.59054565429688
2021-10-05,141.91067504882812
2021-10-06,142.20413208007812
2021-10-07,143.47581481933594
2021-10-08,143.1112060546875
2021-10-11,142.50648498535156
2021-10-12,140.2299346923828
2021-10-13,141.57275390625
2021-10-14,142.38197326660156
2021-10-15,143.4402618408203
2021-10-18,142.39083862304688
2021-10-19,145.7256622314453
2021-10-20,145.64561462402344
2021-10-21,145.3076934814453
2021-10-22,145.59231567382812
2021-10-25,145.91246032714844
2021-10-26,147.3975067138672
2021-10-27,145.6100616455078
2021-10-28,144.81861877441406
2021-10-29,144.8452911376953
2021-11-01,144.9698028564453
2021-11-02,147.2552032470703
2021-11-03,146.78390502929688
2021-11-04,146.37481689453125
2021-11-05,145.33441162109375
2021-11-08,144.83639526367188
2021-11-09,144.51626586914062
2021-11-10,146.08135986328125
2021-11-11,145.00535583496094
2021-11-12,146.73944091796875
2021-11-15,145.41441345214844
2021-11-16,144.6585693359375
2021-11-17,145.20095825195312
2021-11-18,144.41844177246094
2021-11-19,144.85418701171875
2021-11-22,142.94760131835938
2021-11-23,143.83377075195312
2021-11-24,143.4309844970703
2021-11-26,142.50006103515625
2021-11-29,142.99237060546875
2021-11-30,139.57310485839844
2021-12-01,141.49754333496094
2021-12-02,140.6114044189453
2021-12-03,142.66119384765625
2021-12-06,145.8477325439453
2021-12-07,146.2236785888672
2021-12-08,147.1008758544922
2021-12-09,148.4972381591797
2021-12-10,148.13026428222656
2021-12-13,150.77972412109375
2021-12-14,152.42674255371094
2021-12-15,153.1875457763672
2021-12-16,154.8614044189453
2021-12-17,150.58279418945312
2021-12-20,150.1531524658203
2021-12-21,149.66983032226562
2021-12-22,150.31431579589844
2021-12-23,150.60073852539062
2021-12-27,151.8717803955078
2021-12-28,152.48045349121094
2021-12-29,153.55455017089844
2021-12-30,154.23484802246094
2021-12-31,153.1249237060547
2022-01-03,153.54559326171875
2022-01-04,153.13385009765625
2022-01-05,154.154296875
2022-01-06,153.62619018554688
2022-01-07,155.7028045654297
2022-01-10,154.93299865722656
2022-01-11,153.2860107421875
2022-01-12,151.9791717529297
2022-01-13,151.05723571777344
2022-01-14,150.23373413085938
2022-01-18,149.57135009765625
2022-01-19,149.10594177246094
2022-01-20,147.91542053222656
2022-01-21,147.57528686523438
2022-01-24,145.8745880126953
2022-01-25,150.04576110839844
2022-01-26,150.7170867919922
2022-01-27,152.69525146484375
2022-01-28,153.76937866210938
2022-01-31,154.2169189453125
2022-02-01,152.954833984375
2022-02-02,154.64659118652344
2022-02-03,154.6376190185547
2022-02-04,153.62619018554688
2022-02-07,153.11595153808594
2022-02-08,153.51876831054688
2022-02-09,153.50086975097656
2022-02-10,151.64797973632812
2022-02-11,150.1173858642578
2022-02-14,148.2286834716797
2022-02-15,149.75933837890625
2022-02-16,149.66983032226562
2022-02-17,148.75682067871094
2022-02-18,147.16232299804688
2022-02-22,145.1624298095703
2022-02-23,145.2344970703125
2022-02-24,142.45989990234375
2022-02-25,149.5405731201172
2022-02-28,148.25233459472656
2022-03-01,147.7388458251953
2022-03-02,149.57659912109375
2022-03-03,151.774658203125
2022-03-04,152.67550659179688
2022-03-07,155.1348114013672
2022-03-08,151.99087524414062
2022-03-09,152.56739807128906
2022-03-10,152.837646484375
2022-03-11,152.5583953857422
2022-03-14,154.66641235351562
2022-03-15,158.6751251220703
2022-03-16,157.21578979492188
2022-03-17,159.26968383789062
2022-03-18,157.50405883789062
2022-03-21,158.39590454101562
2022-03-22,157.648193359375
2022-03-23,157.05361938476562
2022-03-24,157.86439514160156
2022-03-25,159.3778076171875
2022-03-28,160.1975860595703
2022-03-29,160.11651611328125
2022-03-30,161.78305053710938
2022-03-31,159.6570587158203
2022-04-01,160.52188110351562
2022-04-04,158.972412109375
2022-04-05,159.99940490722656
2022-04-06,164.16127014160156
2022-04-07,163.73789978027344
2022-04-08,164.06219482421875
2022-04-11,162.00827026367188
2022-04-12,162.0623321533203
2022-04-13,162.7469482421875
2022-04-14,162.0623321533203
2022-04-18,160.04443359375
2022-04-19,164.92701721191406
2022-04-20,165.65670776367188
2022-04-21,165.1792755126953
2022-04-22,163.5397186279297
2022-04-25,167.56651306152344
2022-04-26,166.36839294433594
2022-04-27,164.04420471191406
2022-04-28,165.2693328857422
2022-04-29,162.56680297851562
2022-05-02,160.92723083496094
2022-05-03,160.6119384765625
2022-05-04,162.33255004882812
2022-05-05,159.23367309570312
2022-05-06,158.88233947753906
2022-05-09,159.74713134765625
2022-05-10,159.53094482421875
2022-05-11,158.66612243652344
2022-05-12,160.23362731933594
2022-05-13,159.31475830078125
2022-05-16,160.4227752685547
2022-05-17,161.08941650390625
2022-05-18,158.09860229492188
2022-05-19,156.6932830810547
2022-05-20,159.4318389892578
2022-05-23,162.68667602539062
2022-05-24,164.46368408203125
2022-05-25,162.84986877441406
2022-05-26,162.70481872558594
2022-05-27,164.18263244628906
2022-05-31,162.7682647705078
2022-06-01,161.11819458007812
2022-06-02,160.6104736328125
2022-06-03,159.94863891601562
2022-06-06,159.93048095703125
2022-06-07,161.68936157226562
2022-06-08,160.72833251953125
2022-06-09,157.4916534423828
2022-06-10,156.43997192382812
2022-06-13,154.86239624023438
2022-06-14,152.48704528808594
2022-06-15,154.11898803710938
2022-06-16,154.20057678222656
2022-06-17,153.63845825195312
2022-06-21,156.85699462890625
2022-06-22,159.33212280273438
2022-06-23,162.88613891601562
2022-06-24,165.27056884765625
2022-06-27,165.116455078125
2022-06-28,160.42010498046875
2022-06-29,160.4654083251953
2022-06-30,160.93685913085938
2022-07-01,162.7592010498047
2022-07-05,161.508056640625
2022-07-06,161.65310668945312
2022-07-07,161.83444213867188
2022-07-08,161.635009765625
2022-07-11,161.69845581054688
2022-07-12,159.43182373046875
2022-07-13,159.06011962890625
2022-07-14,159.27772521972656
2022-07-15,161.58963012695312
2022-07-18,157.9630889892578
2022-07-19,155.66024780273438
2022-07-20,154.77175903320312
2022-07-21,155.3157196044922
2022-07-22,156.0500946044922
2022-07-25,156.35836791992188
2022-07-26,157.46446228027344
2022-07-27,157.0292510986328
2022-07-28,157.93589782714844
2022-07-29,158.22601318359375
2022-08-01,157.67295837402344
2022-08-02,156.77540588378906
2022-08-03,158.2895050048828
2022-08-04,155.75091552734375
2022-08-05,155.1343994140625
2022-08-08,154.30934143066406
2022-08-09,154.2912139892578
2022-08-10,154.7354736328125
2022-08-11,151.53506469726562
2022-08-12,149.86683654785156
2022-08-15,150.58309936523438
2022-08-16,151.92494201660156
2022-08-17,151.93397521972656
2022-08-18,151.19960021972656
2022-08-19,153.50244140625
2022-08-22,152.96392822265625
2022-08-23,151.63136291503906
2022-08-24,151.12936401367188
2022-08-25,152.54408264160156
2022-08-26,149.93370056152344
2022-08-29,148.77455139160156
2022-08-30,148.25428771972656
2022-08-31,147.25941467285156
2022-09-01,150.9103240966797
2022-09-02,148.53724670410156
2022-09-06,148.93882751464844
2022-09-07,149.7511444091797
2022-09-08,150.9559326171875
2022-09-09,151.248046875
2022-09-12,151.1841583251953
2022-09-13,147.25027465820312
2022-09-14,150.28965759277344
2022-09-15,150.6730194091797
2022-09-16,152.97308349609375
2022-09-19,151.7682647705078
2022-09-20,150.57257080078125
2022-09-21,149.0300750732422
2022-09-22,151.677001953125
2022-09-23,152.1698760986328
2022-09-26,151.23887634277344
2022-09-27,150.54522705078125
2022-09-28,151.84129333496094
2022-09-29,150.17100524902344
2022-09-30,149.1031036376953
2022-10-03,148.95706176757812
2022-10-04,151.1658477783203
2022-10-05,150.70037841796875
2022-10-06,147.77967834472656
2022-10-07,146.21888732910156
2022-10-10,146.4105682373047
2022-10-11,148.52809143066406
2022-10-12,148.4915771484375
2022-10-13,150.73687744140625
2022-10-14,150.1071014404297
2022-10-17,152.0512237548828
2022-10-18,151.5218505859375
2022-10-19,150.31704711914062
2022-10-20,150.70037841796875
2022-10-21,153.98622131347656
2022-10-24,156.05810546875
2022-10-25,155.81167602539062
2022-10-26,157.18075561523438
2022-10-27,157.27203369140625
2022-10-28,159.60858154296875
2022-10-31,158.7871856689453
2022-11-01,157.9839630126953
2022-11-02,155.5560760498047
2022-11-03,155.82078552246094
2022-11-04,156.5144805908203
2022-11-07,157.883544921875
2022-11-08,158.66847229003906
2022-11-09,157.39979553222656
2022-11-10,159.24349975585938
2022-11-11,154.47906494140625
2022-11-14,156.9069366455078
2022-11-15,157.3450469970703
2022-11-16,158.3216552734375
2022-11-17,159.5994873046875
2022-11-18,160.822509765625
2022-11-21,161.6492919921875
2022-11-22,162.43011474609375
2022-11-23,162.60464477539062
2022-11-25,162.81594848632812
2022-11-28,162.89862060546875
2022-11-29,161.75949096679688
2022-11-30,163.51406860351562
2022-12-01,164.19387817382812
2022-12-02,164.32247924804688
2022-12-05,164.2305908203125
2022-12-06,161.76870727539062
2022-12-07,162.75161743164062
2022-12-08,162.77919006347656
2022-12-09,161.43800354003906
2022-12-12,163.36708068847656
2022-12-13,164.62559509277344
2022-12-14,165.130859375
2022-12-15,163.0456085205078
2022-12-16,161.37367248535156
2022-12-19,161.1991424560547
2022-12-20,161.37367248535156
2022-12-21,163.2200927734375
2022-12-22,162.62301635742188
2022-12-23,163.036376953125
2022-12-27,162.99044799804688
2022-12-28,162.28314208984375
2022-12-29,163.10989379882812
2022-12-30,162.27394104003906
2023-01-03,163.68861389160156
2023-01-04,165.4707489013672
2023-01-05,164.2489776611328
2023-01-06,165.58099365234375
2023-01-09,161.29103088378906
2023-01-10,160.9051971435547
2023-01-11,160.6479949951172
2023-01-12,159.839599609375
2023-01-13,159.31600952148438
2023-01-17,158.33309936523438
2023-01-18,155.9446563720703
2023-01-19,155.73336791992188
2023-01-20,155.00767517089844
2023-01-23,154.61268615722656
2023-01-24,154.61268615722656
2023-01-25,155.71499633789062
2023-01-26,155.1454620361328
2023-01-27,154.5391845703125
2023-01-30,148.81619262695312
2023-01-31,150.12059020996094
2023-02-01,151.49855041503906
2023-02-02,152.06808471679688
2023-02-03,151.2137908935547
2023-02-06,150.0655059814453
2023-02-07,150.10223388671875
2023-02-08,150.295166015625
2023-02-09,148.26498413085938
2023-02-10,148.95396423339844
2023-02-13,149.50515747070312
2023-02-14,148.85293579101562
2023-02-15,146.40020751953125
2023-02-16,145.36219787597656
2023-02-17,148.39691162109375
2023-02-21,146.18563842773438
2023-02-22,145.9821014404297
2023-02-23,145.9358367919922
2023-02-24,144.30743408203125
2023-02-27,143.99282836914062
2023-02-28,141.80006408691406
2023-03-01,141.16168212890625
2023-03-02,141.05062866210938
2023-03-03,142.50323486328125
2023-03-06,143.92807006835938
2023-03-07,142.56800842285156
2023-03-08,141.52252197265625
2023-03-09,139.93113708496094
2023-03-10,140.27342224121094
2023-03-13,141.614990234375
2023-03-14,142.4107208251953
2023-03-15,142.80853271484375
2023-03-16,142.51246643066406
2023-03-17,140.98587036132812
2023-03-20,142.38294982910156
2023-03-21,142.38294982910156
2023-03-22,139.7553253173828
2023-03-23,139.829345703125
2023-03-24,141.2356719970703
2023-03-27,141.83706665039062
2023-03-28,140.46775817871094
2023-03-29,141.84632873535156
2023-03-30,141.95736694335938
2023-03-31,143.4099578857422
2023-04-03,145.12161254882812
2023-04-04,146.6389923095703
2023-04-05,153.22659301757812
2023-04-06,152.8009796142578
2023-04-10,152.03305053710938
2023-04-11,151.98680114746094
2023-04-12,151.66297912597656
2023-04-13,153.68922424316406
2023-04-14,153.43939208984375
2023-04-17,153.28208923339844
2023-04-18,148.97056579589844
2023-04-19,150.3769073486328
2023-04-20,151.348388671875
2023-04-21,150.52493286132812
2023-04-24,151.44090270996094
2023-04-25,152.8287353515625
2023-04-26,150.4601593017578
2023-04-27,150.81175231933594
2023-04-28,151.45941162109375
2023-05-01,151.36688232421875
2023-05-02,152.68997192382812
2023-05-03,150.6914825439453
2023-05-04,150.0068359375
2023-05-05,150.5156707763672
2023-05-08,150.17337036132812
2023-05-09,149.007568359375
2023-05-10,149.56271362304688
2023-05-11,148.95205688476562
2023-05-12,148.7577362060547
2023-05-15,147.61973571777344
2023-05-16,147.42543029785156
2023-05-17,147.1016387939453
2023-05-18,146.6297149658203
2023-05-19,147.02760314941406
2023-05-22,146.23521423339844
2023-05-23,146.17929077148438
2023-05-24,146.03945922851562
2023-05-25,143.9419708251953
2023-05-26,143.88604736328125
2023-05-30,143.9046630859375
2023-05-31,144.5479278564453
2023-06-01,144.0631561279297
2023-06-02,146.32843017578125
2023-06-05,147.58688354492188
2023-06-06,147.45640563964844
2023-06-07,147.7733612060547
2023-06-08,149.39540100097656
2023-06-09,149.16233825683594
2023-06-12,149.05978393554688
2023-06-13,149.8428192138672
2023-06-14,150.6072540283203
2023-06-15,152.63015747070312
2023-06-16,153.0962677001953
2023-06-20,153.00302124023438
2023-06-21,152.76998901367188
2023-06-22,154.39198303222656
2023-06-23,154.26148986816406
2023-06-26,152.53692626953125
2023-06-27,152.21995544433594
2023-06-28,151.912353515625
2023-06-29,152.97506713867188
2023-06-30,154.29879760742188
2023-07-03,152.27589416503906
2023-07-05,151.7725067138672
2023-07-06,150.64453125
2023-07-07,148.453857421875
2023-07-10,148.6962127685547
2023-07-11,147.87588500976562
2023-07-12,147.36318969726562
2023-07-13,148.04367065429688
2023-07-14,149.0318145751953
2023-07-17,148.2860870361328
2023-07-18,148.2767333984375
2023-07-19,147.97845458984375
2023-07-20,156.96490478515625
2023-07-21,158.6522216796875
2023-07-24,159.4818572998047
2023-07-25,160.70306396484375
2023-07-26,161.01068115234375
2023-07-27,161.91493225097656
2023-07-28,162.6513671875
2023-07-31,156.17254638671875
2023-08-01,157.44032287597656
2023-08-02,158.3911590576172
2023-08-03,159.07168579101562
2023-08-04,157.5801544189453
2023-08-07,161.36492919921875
2023-08-08,161.43946838378906
2023-08-09,161.3369598388672
2023-08-10,160.49794006347656
2023-08-11,162.06407165527344
2023-08-14,161.68186950683594
2023-08-15,161.21575927734375
2023-08-16,160.70306396484375
2023-08-17,162.21322631835938
2023-08-18,160.79627990722656
2023-08-21,156.00474548339844
2023-08-22,154.76490783691406
2023-08-23,153.3759002685547
2023-08-24,153.89793395996094
2023-08-25,156.10452270507812
2023-08-28,154.26416015625
2023-08-29,154.2829132080078
2023-08-30,153.73831176757812
2023-08-31,151.8134002685547
2023-09-01,150.68663024902344
2023-09-05,150.87442016601562
2023-09-06,148.3673858642578
2023-09-07,150.2641143798828
2023-09-08,150.7617950439453
2023-09-11,152.73361206054688
2023-09-12,153.59747314453125
2023-09-13,153.9824676513672
2023-09-14,153.74771118164062
2023-09-15,151.5974578857422
2023-09-18,152.55519104003906
2023-09-19,152.30166625976562
2023-09-20,152.96835327148438
2023-09-21,151.79464721679688
2023-09-22,150.7054443359375
2023-09-25,150.48007202148438
2023-09-26,149.3157501220703
2023-09-27,147.5222930908203
2023-09-28,147.30633544921875
2023-09-29,146.24530029296875
2023-10-02,145.68190002441406
2023-10-03,145.86032104492188
2023-10-04,146.02932739257812
2023-10-05,147.5504913330078
2023-10-06,148.01995849609375
2023-10-09,148.86505126953125
2023-10-10,148.6959991455078
2023-10-11,146.64906311035156
2023-10-12,146.7899169921875
2023-10-13,147.27816772460938
2023-10-16,147.9166717529297
2023-10-17,146.56454467773438
2023-10-18,143.4095916748047
2023-10-19,143.0246124267578
2023-10-20,143.66311645507812
2023-10-23,142.1513671875
2023-10-24,142.00112915039062
2023-10-25,142.32037353515625
2023-10-26,139.90721130371094
2023-10-27,136.71470642089844
2023-10-30,138.05746459960938
2023-10-31,139.28749084472656
2023-11-01,139.6161346435547
2023-11-02,141.07154846191406
2023-11-03,142.10440063476562
2023-11-06,142.44244384765625
2023-11-07,141.69126892089844
2023-11-08,141.1748504638672
2023-11-09,138.42364501953125
2023-11-10,138.2640380859375
2023-11-13,138.620849609375
2023-11-14,138.64898681640625
2023-11-15,139.71942138671875
2023-11-16,140.94009399414062
2023-11-17,140.6490020751953
2023-11-20,141.888916015625
2023-11-21,143.03416442871094
2023-11-22,142.750244140625
2023-11-24,144.34034729003906
2023-11-27,143.18563842773438
2023-11-28,143.5168914794922
2023-11-29,143.97120666503906
2023-11-30,146.38475036621094
2023-12-01,149.90573120117188
2023-12-04,150.37896728515625
2023-12-05,150.06661987304688
2023-12-06,148.23988342285156
2023-12-07,147.0851593017578
2023-12-08,146.15760803222656
2023-12-11,146.7633514404297
2023-12-12,146.7728271484375
2023-12-13,147.4542999267578
2023-12-14,148.4765167236328
2023-12-15,146.85801696777344
2023-12-18,147.123046875
2023-12-19,148.08847045898438
2023-12-20,145.0691680908203
2023-12-21,146.55516052246094
2023-12-22,147.1419677734375
2023-12-26,147.7855682373047
2023-12-27,147.98434448242188
2023-12-28,148.20204162597656
2023-12-29,148.3534698486328
2024-01-02,151.41064453125
2024-01-03,152.35714721679688
2024-01-04,152.03533935546875
2024-01-05,152.50857543945312
2024-01-08,152.88719177246094
2024-01-09,152.9818115234375
2024-01-10,153.208984375
2024-01-11,152.5275115966797
2024-01-12,153.70115661621094
2024-01-16,151.93121337890625
2024-01-17,151.8460235595703
2024-01-18,152.5843048095703
2024-01-19,153.02914428710938
2024-01-22,153.77687072753906
2024-01-23,151.2592010498047
2024-01-24,150.45469665527344
2024-01-25,151.0225830078125
2024-01-26,150.96580505371094
2024-01-29,150.83328247070312
2024-01-30,150.27487182617188
2024-01-31,150.39791870117188
2024-02-01,149.8867645263672
2024-02-02,148.23040771484375
2024-02-05,147.4637908935547
2024-02-06,149.60284423828125
2024-02-07,149.52713012695312
2024-02-08,148.0316619873047
2024-02-09,148.37242126464844
2024-02-12,149.40406799316406
2024-02-13,148.09791564941406
2024-02-14,147.406982421875
2024-02-15,149.4703369140625
2024-02-16,149.29867553710938
2024-02-20,150.54798889160156
2024-02-21,151.3300018310547
2024-02-22,153.0180206298828
2024-02-23,154.34364318847656
2024-02-26,153.34226989746094
2024-02-27,153.52349853515625
2024-02-28,154.0670928955078
2024-02-29,153.9049530029297
2024-03-01,154.6106719970703
2024-03-04,152.436279296875
2024-03-05,152.5602569580078
2024-03-06,151.95944213867188
2024-03-07,151.51121520996094
2024-03-08,152.131103515625
2024-03-11,153.7618865966797
2024-03-12,155.2019500732422
2024-03-13,153.63792419433594
2024-03-14,151.83547973632812
2024-03-15,150.85316467285156
2024-03-18,149.4989471435547
2024-03-19,148.9744415283203
2024-03-20,148.54525756835938
2024-03-21,148.5357208251953
2024-03-22,148.03981018066406
2024-03-25,148.03028869628906
2024-03-26,148.5548095703125
2024-03-27,150.6433563232422
2024-03-28,150.86270141601562
2024-04-01,150.47171020507812
2024-04-02,150.42401123046875
2024-04-03,147.11474609375
2024-04-04,145.436279296875
2024-04-05,145.3313751220703
2024-04-08,144.56842041015625
2024-04-09,145.23599243164062
2024-04-10,143.2427978515625
2024-04-11,141.89810180664062
2024-04-12,140.6869659423828
2024-04-15,140.75369262695312
2024-04-16,137.75914001464844
2024-04-17,138.06431579589844
2024-04-18,138.98941040039062
2024-04-19,141.0588836669922
2024-04-22,142.2128143310547
2024-04-23,142.6324462890625
2024-04-24,141.65013122558594
2024-04-25,140.01937866210938
2024-04-26,139.370849609375
2024-04-29,140.01937866210938
2024-04-30,137.8926544189453
2024-05-01,144.17739868164062
2024-05-02,142.97576904296875
2024-05-03,142.3558807373047
2024-05-06,141.69784545898438
2024-05-07,141.83135986328125
2024-05-08,142.0507049560547
2024-05-09,142.90902709960938
2024-05-10,142.9662322998047
2024-05-13,144.21554565429688
2024-05-14,144.36814880371094
2024-05-15,145.598388671875
2024-05-16,147.13381958007812
2024-05-17,147.4771270751953
2024-05-20,145.42938232421875
2024-05-21,145.40054321289062
2024-05-22,147.5732879638672
2024-05-23,143.9199981689453
2024-05-24,141.29541015625
2024-05-28,138.80540466308594
2024-05-29,138.86309814453125
2024-05-30,139.67066955566406
2024-05-31,141.00698852539062
2024-06-03,142.03567504882812
2024-06-04,142.09335327148438
2024-06-05,140.33401489257812
2024-06-06,140.7666473388672
2024-06-07,141.40115356445312
2024-06-10,141.44923400878906
2024-06-11,141.09352111816406
2024-06-12,139.795654296875
2024-06-13,139.83409118652344
2024-06-14,139.92062377929688
2024-06-17,140.3147735595703
2024-06-18,140.0263671875
2024-06-20,142.07412719726562
2024-06-21,143.0066680908203
2024-06-24,143.3623809814453
2024-06-25,141.5069122314453
2024-06-26,141.15121459960938
2024-06-27,140.1705780029297
2024-06-28,140.51669311523438
2024-07-01,140.78587341308594
2024-07-02,140.39169311523438
2024-07-03,140.0648193359375
2024-07-05,140.82432556152344
2024-07-08,139.8629150390625
2024-07-09,141.37232971191406
2024-07-10,143.66041564941406
2024-07-11,143.9199981689453
2024-07-12,144.09304809570312
2024-07-15,143.47775268554688
2024-07-16,145.17942810058594
2024-07-17,150.53436279296875
2024-07-18,149.4191436767578
2024-07-19,148.71734619140625
2024-07-22,148.2847137451172
2024-07-23,146.46768188476562
2024-07-24,150.24594116210938
2024-07-25,153.47622680664062
2024-07-26,154.43759155273438
2024-07-29,152.43789672851562
2024-07-30,155.10096740722656
2024-07-31,151.7553253173828
2024-08-01,154.55294799804688
2024-08-02,157.80245971679688
2024-08-05,155.0240478515625
2024-08-06,152.8320770263672
2024-08-07,152.76480102539062
2024-08-08,154.03382873535156
2024-08-09,154.41836547851562
2024-08-12,153.70693969726562
2024-08-13,152.2744903564453
2024-08-14,152.3610076904297
2024-08-15,152.9474334716797
2024-08-16,153.23585510253906
2024-08-19,153.4666290283203
2024-08-20,153.97613525390625
2024-08-21,155.1970977783203
2024-08-22,156.08157348632812
2024-08-23,157.79286193847656
2024-08-26,158.25430297851562
2024-08-27,157.84747314453125
2024-08-28,158.787109375
2024-08-29,159.08737182617188
2024-08-30,160.66635131835938
2024-09-03,161.92564392089844
2024-09-04,162.119384765625
2024-09-05,159.82359313964844
2024-09-06,159.2327117919922
2024-09-09,161.3928680419922
2024-09-10,162.1387481689453
2024-09-11,159.65890502929688
2024-09-12,159.4845428466797
2024-09-13,160.33700561523438
2024-09-16,161.76097106933594
2024-09-17,161.83847045898438
2024-09-18,160.94725036621094
2024-09-19,159.65890502929688
2024-09-20,159.01959228515625
2024-09-23,158.1090087890625
2024-09-24,157.68280029296875
2024-09-25,155.57107543945312
2024-09-26,156.33631896972656
2024-09-27,156.34597778320312
2024-09-30,156.98533630371094
2024-10-01,156.9175262451172
2024-10-02,156.12319946289062
2024-10-03,155.4741973876953
2024-10-04,155.270751953125
2024-10-07,154.53456115722656
2024-10-08,154.6895294189453
2024-10-09,155.61949157714844
2024-10-10,155.48385620117188
2024-10-11,156.4041290283203
2024-10-14,156.5397491455078
2024-10-15,158.96145629882812
2024-10-16,159.1358184814453
2024-10-17,159.3198699951172
2024-10-18,159.94952392578125
2024-10-21,157.73123168945312
2024-10-22,158.33180236816406
2024-10-23,160.66635131835938
2024-10-24,158.544921875
2024-10-25,155.84228515625
2024-10-28,156.5397491455078
2024-10-29,155.0770263671875
2024-10-30,155.58074951171875
2024-10-31,154.85423278808594
2024-11-01,155.11578369140625
2024-11-04,153.28497314453125
2024-11-05,153.39151000976562
2024-11-06,152.93624877929688
2024-11-07,151.82223510742188
2024-11-08,150.60169982910156
2024-11-11,150.18515014648438
2024-11-12,147.8603057861328
2024-11-13,148.4415283203125
2024-11-14,147.1144256591797
2024-11-15,149.177734375
2024-11-18,149.92359924316406
2024-11-19,148.2090301513672
2024-11-20,148.3155975341797
2024-11-21,150.63075256347656
2024-11-22,150.3110809326172
2024-11-25,150.9019775390625
2024-11-26,150.8824462890625
2024-11-27,151.7417449951172
2024-11-29,151.36090087890625
2024-12-02,151.15586853027344
2024-12-03,148.7733154296875
2024-12-04,146.92779541015625
2024-12-05,146.00018310546875
2024-12-06,145.79510498046875
2024-12-09,146.0782928466797
2024-12-10,145.71697998046875
2024-12-11,143.18795776367188
2024-12-12,142.79739379882812
2024-12-13,143.16842651367188
2024-12-16,140.46363830566406
2024-12-17,142.96337890625
2024-12-18,141.3424530029297
2024-12-19,140.1999969482422
2024-12-20,141.0690460205078
2024-12-23,141.8502197265625
2024-12-24,142.41656494140625
2024-12-26,142.1529083251953
2024-12-27,141.63539123535156
2024-12-30,139.96563720703125
2024-12-31,141.21551513671875
2025-01-02,140.629638671875
2025-01-03,140.79563903808594
2025-01-06,140.27810668945312
2025-01-07,142.78761291503906
2025-01-08,138.92083740234375
2025-01-10,138.7157745361328
2025-01-13,141.0690460205078
2025-01-14,141.3424530029297
2025-01-15,141.55726623535156
2025-01-16,144.29135131835938
2025-01-17,143.56878662109375
2025-01-21,144.66241455078125
2025-01-22,141.8502197265625
2025-01-23,143.18795776367188
2025-01-24,143.36373901367188
2025-01-27,149.2908172607422
2025-01-28,146.83993530273438
2025-01-29,147.591796875
2025-01-30,149.27130126953125
2025-01-31,148.56825256347656
2025-02-03,148.2948455810547
2025-02-04,149.876708984375
2025-02-05,151.0484619140625
2025-02-06,149.896240234375
2025-02-07,149.51539611816406
2025-02-10,150.6090545654297
2025-02-11,152.45455932617188
2025-02-12,151.6050262451172
2025-02-13,153.54820251464844
2025-02-14,152.4740753173828
2025-02-18,152.55282592773438
2025-02-19,155.4072265625
2025-02-20,157.1690673828125
2025-02-21,159.7478790283203
2025-02-24,161.1652374267578
2025-02-25,163.478271484375
2025-02-26,160.515625
2025-02-27,161.1553955078125
2025-02-28,162.42510986328125
2025-03-03,164.64956665039062
2025-03-04,162.81881713867188
2025-03-05,162.52352905273438
2025-03-06,163.2223663330078
2025-03-07,164.06884765625
2025-03-10,165.06295776367188
2025-03-11,163.25189208984375
2025-03-12,160.2892303466797
2025-03-13,160.42703247070312
2025-03-14,160.24984741210938
2025-03-17,160.27938842773438
2025-03-18,161.66722106933594
2025-03-19,160.42703247070312
2025-03-20,160.45655822753906
2025-03-21,161.0569610595703
2025-03-24,160.72230529785156
2025-03-25,158.48800659179688
2025-03-26,159.17698669433594
2025-03-27,160.56483459472656
2025-03-28,161.13571166992188
2025-03-31,163.23220825195312
2025-04-01,150.84019470214844
2025-04-02,152.91700744628906
2025-04-03,157.306884765625
2025-04-04,150.83035278320312
2025-04-07,148.2515411376953
2025-04-08,147.64129638671875
2025-04-09,148.59603881835938
2025-04-10,146.35189819335938
2025-04-11,149.34408569335938
2025-04-14,151.93272399902344
2025-04-15,151.20437622070312
2025-04-16,151.48980712890625
2025-04-17,154.99383544921875
2025-04-21,154.4524688720703
2025-04-22,155.26942443847656
2025-04-23,152.9366912841797
2025-04-24,152.49375915527344
2025-04-25,152.14927673339844
2025-04-28,152.90716552734375
2025-04-29,153.45835876464844
2025-04-30,153.85206604003906
2025-05-01,152.0311737060547
2025-05-02,153.66505432128906
2025-05-05,152.5626678466797
2025-05-06,152.04100036621094
2025-05-07,154.82650756835938
2025-05-08,153.21229553222656
2025-05-09,151.79493713378906
2025-05-12,151.7161865234375
2025-05-13,146.10581970214844
2025-05-14,144.05853271484375
2025-05-15,147.25741577148438
2025-05-16,148.95037841796875
2025-05-19,150.09214782714844
2025-05-20,151.24374389648438
2025-05-21,150.7712860107422
2025-05-22,150.2102508544922
2025-05-23,150.53506469726562
2025-05-27,152.13333129882812
2025-05-28,151.3192901611328
2025-05-29,152.46092224121094
2025-05-30,154.0790557861328
2025-06-02,154.2676544189453
2025-06-03,153.2947998046875
2025-06-04,152.10354614257812
2025-06-05,152.54034423828125
2025-06-06,153.90036010742188
2025-06-09,154.09889221191406
2025-06-10,155.3100128173828
2025-06-11,154.12867736816406
2025-06-12,155.5184783935547
2025-06-13,155.9552764892578
2025-06-16,154.08897399902344
2025-06-17,151.26966857910156
2025-06-18,149.63168334960938
2025-06-20,148.6985321044922
2025-06-23,150.21739196777344
2025-06-24,151.0810546875
2025-06-25,151.17039489746094
2025-06-26,150.90235900878906
2025-06-27,151.29945373535156
2025-06-30,151.63697814941406
2025-07-01,154.78387451171875
2025-07-02,154.42649841308594
2025-07-03,154.8732147216797
2025-07-07,154.13861083984375
2025-07-08,154.65481567382812
2025-07-09,155.14125061035156
2025-07-10,156.5409698486328
2025-07-11,155.75672912597656
2025-07-14,155.6773223876953
2025-07-15,154.03933715820312
2025-07-16,163.57931518554688
2025-07-17,161.79241943359375
2025-07-18,162.50717163085938
2025-07-21,163.16236877441406
2025-07-22,166.70635986328125
2025-07-23,167.8678436279297
2025-07-24,168.32447814941406
2025-07-25,167.07366943359375
2025-07-28,165.00881958007812
2025-07-29,166.8850555419922
2025-07-30,166.04122924804688
2025-07-31,163.53961181640625
2025-08-01,166.11073303222656
2025-08-04,169.79368591308594
2025-08-05,169.4958953857422
2025-08-06,169.3469696044922
2025-08-07,170.28012084960938
2025-08-08,172.0670166015625
2025-08-11,172.55345153808594
2025-08-12,171.52101135253906
2025-08-13,173.14906311035156
2025-08-14,173.44688415527344
2025-08-15,175.35289001464844
2025-08-18,174.96572875976562
2025-08-19,176.5044403076172
2025-08-20,177.536865234375
2025-08-21,177.62620544433594
2025-08-22,177.98358154296875
2025-08-25,177.11000061035156
2025-08-26,176.49000549316406
2025-08-27,176.7899932861328
2025-08-28,175.4499969482422
2025-08-29,177.1699981689453
2025-09-02,178.05999755859375
2025-09-03,178.0
2025-09-04,178.75999450683594
2025-09-05,178.42999267578125
2025-09-08,178.1300048828125
2025-09-09,176.9600067138672
2025-09-10,175.7899932861328
2025-09-11,178.5
2025-09-12,178.05999755859375
2025-09-15,177.39999389648438
2025-09-16,176.4600067138672
2025-09-17,177.1999969482422
2025-09-18,174.16000366210938
2025-09-19,176.19000244140625
2025-09-22,174.2100067138672
2025-09-23,176.5800018310547
2025-09-24,176.69000244140625
2025-09-25,177.72999572753906
2025-09-26,179.7100067138672
2025-09-29,181.6199951171875
2025-09-30,185.4199981689453
2025-10-01,186.0500030517578
2025-10-02,185.97999572753906
2025-10-03,188.63999938964844
2025-10-06,188.16000366210938
2025-10-07,188.88999938964844
2025-10-08,189.69000244140625
2025-10-09,191.0800018310547
2025-10-10,190.72000122070312
2025-10-13,190.89999389648438
2025-10-14,190.85000610351562
2025-10-15,191.1699981689453
2025-10-16,192.1199951171875
2025-10-17,193.22000122070312
2025-10-20,193.72000122070312
2025-10-21,191.8800048828125
2025-10-22,192.94000244140625
2025-10-23,192.47000122070312
2025-10-24,190.39999389648438
2025-10-27,190.3000030517578
2025-10-28,186.92999267578125
2025-10-29,185.55999755859375
