date,MRK
2020-01-02,73.24810028076172
2020-01-03,72.61937713623047
2020-01-06,72.92976379394531
2020-01-07,70.98794555664062
2020-01-08,70.51045227050781
2020-01-09,71.13118743896484
2020-01-10,71.25057220458984
2020-01-13,71.2346420288086
2020-01-14,71.56890106201172
2020-01-15,72.85018920898438
2020-01-16,72.56369018554688
2020-01-17,72.39655303955078
2020-01-21,71.60073852539062
2020-01-22,71.34605407714844
2020-01-23,70.4786148071289
2020-01-24,68.42537689208984
2020-01-27,68.5208740234375
2020-01-28,68.6402587890625
2020-01-29,69.42811584472656
2020-01-30,68.83920288085938
2020-01-31,67.99562072753906
2020-02-03,69.50770568847656
2020-02-04,70.31945037841797
2020-02-05,68.30599975585938
2020-02-06,68.18663024902344
2020-02-07,67.70911407470703
2020-02-10,68.17070770263672
2020-02-11,67.84441375732422
2020-02-12,66.25275421142578
2020-02-13,65.23408508300781
2020-02-14,65.7752456665039
2020-02-18,65.6240463256836
2020-02-19,65.25797271728516
2020-02-20,65.64791107177734
2020-02-21,65.528564453125
2020-02-24,64.72476196289062
2020-02-25,63.88119888305664
2020-02-26,63.61854934692383
2020-02-27,62.13833999633789
2020-02-28,60.92868423461914
2020-03-02,64.756591796875
2020-03-03,62.973941802978516
2020-03-04,66.02993774414062
2020-03-05,64.92371368408203
2020-03-06,65.4171371459961
2020-03-09,62.83866882324219
2020-03-10,65.27388000488281
2020-03-11,63.0694465637207
2020-03-12,59.24947738647461
2020-03-13,61.58446502685547
2020-03-16,56.10405349731445
2020-03-17,59.76300048828125
2020-03-18,57.47615432739258
2020-03-19,56.75400161743164
2020-03-20,57.259521484375
2020-03-23,53.27958679199219
2020-03-24,55.40595626831055
2020-03-25,54.73996353149414
2020-03-26,59.0007209777832
2020-03-27,57.556392669677734
2020-03-30,61.74494552612305
2020-03-31,61.736915588378906
2020-04-01,59.217376708984375
2020-04-02,61.68073654174805
2020-04-03,61.18327713012695
2020-04-06,64.44102478027344
2020-04-07,63.036808013916016
2020-04-08,65.49217224121094
2020-04-09,66.19023895263672
2020-04-13,64.62555694580078
2020-04-14,66.4710922241211
2020-04-15,65.8532485961914
2020-04-16,66.5994873046875
2020-04-17,66.96858215332031
2020-04-20,66.67973327636719
2020-04-21,63.036808013916016
2020-04-22,64.17623138427734
2020-04-23,64.89839935302734
2020-04-24,65.3396987915039
2020-04-27,67.38585662841797
2020-04-28,65.13909912109375
2020-04-29,64.81011962890625
2020-04-30,63.662662506103516
2020-05-01,62.322669982910156
2020-05-04,61.672733306884766
2020-05-05,62.59547805786133
2020-05-06,61.8813591003418
2020-05-07,60.66169357299805
2020-05-08,61.30362319946289
2020-05-11,62.515262603759766
2020-05-12,61.93751525878906
2020-05-13,62.499210357666016
2020-05-14,64.23239135742188
2020-05-15,64.0157470703125
2020-05-18,63.96759796142578
2020-05-19,62.226383209228516
2020-05-20,61.69680404663086
2020-05-21,61.423988342285156
2020-05-22,61.27953338623047
2020-05-26,61.99367141723633
2020-05-27,62.226383209228516
2020-05-28,63.42195510864258
2020-05-29,64.77000427246094
2020-06-01,63.83922576904297
2020-06-02,64.86628723144531
2020-06-03,65.84522247314453
2020-06-04,65.43600463867188
2020-06-05,66.00569152832031
2020-06-08,66.51924133300781
2020-06-09,66.00569152832031
2020-06-10,65.61251068115234
2020-06-11,62.065914154052734
2020-06-12,61.71003341674805
2020-06-15,59.86601638793945
2020-06-16,62.25191879272461
2020-06-17,61.70194625854492
2020-06-18,61.64533615112305
2020-06-19,63.004093170166016
2020-06-22,62.0739860534668
2020-06-23,62.37324523925781
2020-06-24,61.36225891113281
2020-06-25,61.928409576416016
2020-06-26,60.812294006347656
2020-06-29,61.564456939697266
2020-06-30,62.54307556152344
2020-07-01,63.18202590942383
2020-07-02,63.71581268310547
2020-07-06,64.36283111572266
2020-07-07,63.66728591918945
2020-07-08,63.0202522277832
2020-07-09,62.02546691894531
2020-07-10,62.05781555175781
2020-07-13,62.55927276611328
2020-07-14,63.28715133666992
2020-07-15,64.2496109008789
2020-07-16,64.21726989746094
2020-07-17,64.59735870361328
2020-07-20,64.225341796875
2020-07-21,63.80477523803711
2020-07-22,63.71581268310547
2020-07-23,63.13349533081055
2020-07-24,62.35707473754883
2020-07-27,63.83714294433594
2020-07-28,64.45181274414062
2020-07-29,64.17681884765625
2020-07-30,63.88566970825195
2020-07-31,64.89665222167969
2020-08-03,66.7568359375
2020-08-04,66.0531997680664
2020-08-05,66.02892303466797
2020-08-06,65.55174255371094
2020-08-07,65.52747344970703
2020-08-10,65.43852233886719
2020-08-11,65.43852233886719
2020-08-12,66.87007904052734
2020-08-13,67.56560516357422
2020-08-14,67.51708984375
2020-08-17,68.55233001708984
2020-08-18,68.39055633544922
2020-08-19,68.77072143554688
2020-08-20,68.77072143554688
2020-08-21,68.73026275634766
2020-08-24,69.08613586425781
2020-08-25,69.29642486572266
2020-08-26,69.18318939208984
2020-08-27,69.40962982177734
2020-08-28,69.27214813232422
2020-08-31,68.96480560302734
2020-09-01,68.28543853759766
2020-09-02,70.30738067626953
2020-09-03,69.14273071289062
2020-09-04,68.9405517578125
2020-09-08,67.39578247070312
2020-09-09,68.6493911743164
2020-09-10,67.58988952636719
2020-09-11,68.32587432861328
2020-09-14,68.5621109008789
2020-09-15,68.60286712646484
2020-09-16,69.7107925415039
2020-09-17,69.767822265625
2020-09-18,69.90631866455078
2020-09-21,67.72301483154297
2020-09-22,67.56822967529297
2020-09-23,67.3156967163086
2020-09-24,67.73934173583984
2020-09-25,67.56007385253906
2020-09-28,67.42159271240234
2020-09-29,66.72099304199219
2020-09-30,67.5763931274414
2020-10-01,66.5091781616211
2020-10-02,65.82486724853516
2020-10-05,66.18328857421875
2020-10-06,64.87168884277344
2020-10-07,65.20571899414062
2020-10-08,65.56417083740234
2020-10-09,65.46641540527344
2020-10-12,65.46641540527344
2020-10-13,65.75154113769531
2020-10-14,65.58859252929688
2020-10-15,64.4073257446289
2020-10-16,65.03461456298828
2020-10-19,64.08961486816406
2020-10-20,63.76375198364258
2020-10-21,63.60081481933594
2020-10-22,64.52952575683594
2020-10-23,65.03461456298828
2020-10-26,64.22811889648438
2020-10-27,63.535648345947266
2020-10-28,62.06110382080078
2020-10-29,61.82486343383789
2020-10-30,61.2708740234375
2020-11-02,62.492881774902344
2020-11-03,62.66396713256836
2020-11-04,65.67820739746094
2020-11-05,65.5478744506836
2020-11-06,65.46641540527344
2020-11-09,65.58045196533203
2020-11-10,66.077392578125
2020-11-11,66.03667449951172
2020-11-12,65.05908203125
2020-11-13,66.06110382080078
2020-11-16,65.31975555419922
2020-11-17,66.39511108398438
2020-11-18,65.37678527832031
2020-11-19,65.49083709716797
2020-11-20,65.53972625732422
2020-11-23,65.40121459960938
2020-11-24,65.28717041015625
2020-11-25,65.22199249267578
2020-11-27,65.05908203125
2020-11-30,65.49083709716797
2020-12-01,66.43585968017578
2020-12-02,66.66395568847656
2020-12-03,66.35437774658203
2020-12-04,66.75357055664062
2020-12-07,67.21794891357422
2020-12-08,67.76374816894531
2020-12-09,68.00000762939453
2020-12-10,67.60895538330078
2020-12-11,67.58451080322266
2020-12-14,65.95054626464844
2020-12-15,66.0819320678711
2020-12-16,65.54820251464844
2020-12-17,65.54000091552734
2020-12-18,65.30188751220703
2020-12-21,65.10482025146484
2020-12-22,65.2115478515625
2020-12-23,65.49073791503906
2020-12-24,65.80274200439453
2020-12-28,66.05728912353516
2020-12-29,66.85376739501953
2020-12-30,66.17223358154297
2020-12-31,67.16577911376953
2021-01-04,66.4760513305664
2021-01-05,66.59098815917969
2021-01-06,67.64201354980469
2021-01-07,68.98859405517578
2021-01-08,68.17572021484375
2021-01-11,69.79328918457031
2021-01-12,68.22496795654297
2021-01-13,67.60916137695312
2021-01-14,67.46956634521484
2021-01-15,68.46308898925781
2021-01-19,68.3071060180664
2021-01-20,67.70768737792969
2021-01-21,66.65666961669922
2021-01-22,66.49246215820312
2021-01-25,66.63204956054688
2021-01-26,65.89305114746094
2021-01-27,63.28199005126953
2021-01-28,63.97991943359375
2021-01-29,63.28199005126953
2021-02-01,63.520103454589844
2021-02-02,63.856754302978516
2021-02-03,63.48724365234375
2021-02-04,62.428043365478516
2021-02-05,62.23920440673828
2021-02-08,61.61513900756836
2021-02-09,61.61513900756836
2021-02-10,61.49199295043945
2021-02-11,61.368812561035156
2021-02-12,61.582305908203125
2021-02-16,60.96647644042969
2021-02-17,62.02569580078125
2021-02-18,61.9189567565918
2021-02-19,61.01573944091797
2021-02-22,61.52483367919922
2021-02-23,61.20460891723633
2021-02-24,61.229225158691406
2021-02-25,61.27029800415039
2021-02-26,59.628082275390625
2021-03-01,59.431034088134766
2021-03-02,59.816932678222656
2021-03-03,60.186439514160156
2021-03-04,59.25859451293945
2021-03-05,60.04685592651367
2021-03-08,60.90079879760742
2021-03-09,60.876182556152344
2021-03-10,61.38524627685547
2021-03-11,61.278507232666016
2021-03-12,61.79204559326172
2021-03-15,63.1422004699707
2021-03-16,63.622615814208984
2021-03-17,64.02849578857422
2021-03-18,64.0036392211914
2021-03-19,64.20243072509766
2021-03-22,64.20243072509766
2021-03-23,63.17531967163086
2021-03-24,63.15048599243164
2021-03-25,63.00967025756836
2021-03-26,64.10303497314453
2021-03-29,64.8568115234375
2021-03-30,63.74686813354492
2021-03-31,63.85453414916992
2021-04-01,63.85453414916992
2021-04-05,63.77998352050781
2021-04-06,62.777740478515625
2021-04-07,63.05108642578125
2021-04-08,62.52924728393555
2021-04-09,63.208457946777344
2021-04-12,63.13392639160156
2021-04-13,63.30785369873047
2021-04-14,63.28300476074219
2021-04-15,63.49837112426758
2021-04-16,64.16929626464844
2021-04-19,64.3266830444336
2021-04-20,65.08045196533203
2021-04-21,65.62712860107422
2021-04-22,64.5751953125
2021-04-23,64.50891876220703
2021-04-26,64.2190170288086
2021-04-27,64.07818603515625
2021-04-28,63.85453414916992
2021-04-29,61.03001022338867
2021-04-30,61.7092170715332
2021-05-03,62.93513107299805
2021-05-04,62.94340515136719
2021-05-05,64.35983276367188
2021-05-06,64.42609405517578
2021-05-07,64.94791412353516
2021-05-10,64.7491226196289
2021-05-11,64.16101837158203
2021-05-12,64.60831451416016
2021-05-13,65.17985534667969
2021-05-14,64.8485336303711
2021-05-17,66.15724182128906
2021-05-18,65.75138092041016
2021-05-19,65.73480224609375
2021-05-20,65.9832992553711
2021-05-21,65.58572387695312
2021-05-24,65.46147918701172
2021-05-25,64.19414520263672
2021-05-26,63.970516204833984
2021-05-27,62.88542938232422
2021-05-28,62.860591888427734
2021-06-01,62.272491455078125
2021-06-02,62.843990325927734
2021-06-03,64.15910339355469
2021-06-04,64.33271026611328
2021-06-07,63.195552825927734
2021-06-08,62.84830856323242
2021-06-09,64.2719497680664
2021-06-10,66.09489440917969
2021-06-11,66.20774841308594
2021-06-14,66.05890655517578
2021-06-15,66.27777862548828
2021-06-16,67.07453155517578
2021-06-17,67.61734771728516
2021-06-18,67.07453155517578
2021-06-21,67.19709777832031
2021-06-22,66.70679473876953
2021-06-23,66.1727294921875
2021-06-24,66.85565185546875
2021-06-25,67.59107971191406
2021-06-28,67.29340362548828
2021-06-29,67.599853515625
2021-06-30,68.09014129638672
2021-07-01,68.28275299072266
2021-07-02,68.81682586669922
2021-07-06,68.38782501220703
2021-07-07,68.78180694580078
2021-07-08,68.39656066894531
2021-07-09,68.28275299072266
2021-07-12,67.89753723144531
2021-07-13,67.95005798339844
2021-07-14,67.95883178710938
2021-07-15,68.2039566040039
2021-07-16,68.30902862548828
2021-07-19,67.45975494384766
2021-07-20,66.68928527832031
2021-07-21,66.88191223144531
2021-07-22,67.00447082519531
2021-07-23,67.88876342773438
2021-07-26,67.62609100341797
2021-07-27,68.1601791381836
2021-07-28,68.58042907714844
2021-07-29,67.35469055175781
2021-07-30,67.30216217041016
2021-08-02,66.69804382324219
2021-08-03,66.89942169189453
2021-08-04,66.0851821899414
2021-08-05,66.18148040771484
2021-08-06,66.05016326904297
2021-08-09,65.9450912475586
2021-08-10,65.83126068115234
2021-08-11,65.84877014160156
2021-08-12,66.57546997070312
2021-08-13,67.17082214355469
2021-08-16,68.23021697998047
2021-08-17,69.01821899414062
2021-08-18,68.10765838623047
2021-08-19,68.69427490234375
2021-08-20,68.88688659667969
2021-08-23,68.62419891357422
2021-08-24,68.04637145996094
2021-08-25,67.47725677490234
2021-08-26,67.03950500488281
2021-08-27,66.80311584472656
2021-08-30,66.97821044921875
2021-08-31,66.79434967041016
2021-09-01,66.69804382324219
2021-09-02,67.52104187011719
2021-09-03,67.64363098144531
2021-09-07,66.5229263305664
2021-09-08,65.9801025390625
2021-09-09,64.63179016113281
2021-09-10,64.3078384399414
2021-09-13,64.07144927978516
2021-09-14,63.700439453125
2021-09-15,64.31879425048828
2021-09-16,63.57676315307617
2021-09-17,63.320594787597656
2021-09-20,63.541419982910156
2021-09-21,63.57676315307617
2021-09-22,63.638587951660156
2021-09-23,64.53080749511719
2021-09-24,65.0255126953125
2021-09-27,64.80465698242188
2021-09-28,64.76932525634766
2021-09-29,66.3328857421875
2021-09-30,66.35055541992188
2021-10-01,71.90702819824219
2021-10-04,73.40875244140625
2021-10-05,72.08368682861328
2021-10-06,71.25332641601562
2021-10-07,72.384033203125
2021-10-08,71.2268295288086
2021-10-11,70.60845184326172
2021-10-12,70.30810546875
2021-10-13,69.74272918701172
2021-10-14,69.1950454711914
2021-10-15,69.1950454711914
2021-10-18,68.15265655517578
2021-10-19,70.21975708007812
2021-10-20,71.61549377441406
2021-10-21,71.7038345336914
2021-10-22,71.68617248535156
2021-10-25,72.13670349121094
2021-10-26,72.65788269042969
2021-10-27,72.03068542480469
2021-10-28,76.45642852783203
2021-10-29,77.781494140625
2021-11-01,77.5959701538086
2021-11-02,78.63835906982422
2021-11-03,78.33799743652344
2021-11-04,79.98109436035156
2021-11-05,72.092529296875
2021-11-08,73.03773498535156
2021-11-09,73.07306671142578
2021-11-10,74.2126235961914
2021-11-11,74.22146606445312
2021-11-12,74.20381927490234
2021-11-15,73.92996215820312
2021-11-16,74.30097961425781
2021-11-17,72.96705627441406
2021-11-18,73.36458587646484
2021-11-19,71.28864288330078
2021-11-22,72.11902618408203
2021-11-23,73.14375305175781
2021-11-24,72.68437957763672
2021-11-26,69.92823791503906
2021-11-29,66.1562271118164
2021-11-30,66.17388916015625
2021-12-01,65.75872039794922
2021-12-02,65.2728271484375
2021-12-03,64.7869873046875
2021-12-06,64.85765838623047
2021-12-07,63.85060119628906
2021-12-08,64.67215728759766
2021-12-09,64.36296081542969
2021-12-10,64.15096282958984
2021-12-13,64.85765838623047
2021-12-14,65.74049377441406
2021-12-15,67.14054870605469
2021-12-16,67.69344329833984
2021-12-17,67.49726104736328
2021-12-20,68.13934326171875
2021-12-21,67.3635025024414
2021-12-22,67.91638946533203
2021-12-23,67.53292846679688
2021-12-27,68.28201293945312
2021-12-28,68.49602508544922
2021-12-29,68.6208724975586
2021-12-30,68.79032135009766
2021-12-31,68.34443664550781
2022-01-03,68.54953002929688
2022-01-04,68.67437744140625
2022-01-05,70.34196472167969
2022-01-06,70.29739379882812
2022-01-07,71.60826873779297
2022-01-10,73.4542236328125
2022-01-11,72.82997131347656
2022-01-12,72.41085815429688
2022-01-13,72.51786804199219
2022-01-14,72.57137298583984
2022-01-18,72.71405029296875
2022-01-19,72.49111938476562
2022-01-20,72.00955963134766
2022-01-21,71.32292175292969
2022-01-24,70.29739379882812
2022-01-25,70.85919952392578
2022-01-26,70.57384490966797
2022-01-27,71.85797119140625
2022-01-28,72.14331817626953
2022-01-31,72.66055297851562
2022-02-01,73.05292510986328
2022-02-02,73.1331787109375
2022-02-03,70.45791625976562
2022-02-04,70.05661010742188
2022-02-07,69.18269348144531
2022-02-08,68.58522033691406
2022-02-09,68.246337890625
2022-02-10,68.27308654785156
2022-02-11,68.34443664550781
2022-02-14,68.19284057617188
2022-02-15,69.38778686523438
2022-02-16,68.86165618896484
2022-02-17,68.0947494506836
2022-02-18,68.10364532470703
2022-02-22,67.7291259765625
2022-02-23,67.63103485107422
2022-02-24,65.55323028564453
2022-02-25,68.05907440185547
2022-02-28,68.29093170166016
2022-03-01,68.07689666748047
2022-03-02,68.37117767333984
2022-03-03,68.79922485351562
2022-03-04,69.40563201904297
2022-03-07,69.31645965576172
2022-03-08,68.6208724975586
2022-03-09,69.36995697021484
2022-03-10,69.4591293334961
2022-03-11,69.78909301757812
2022-03-14,69.97801971435547
2022-03-15,70.75174713134766
2022-03-16,70.28390502929688
2022-03-17,71.02166748046875
2022-03-18,71.17461395263672
2022-03-21,71.12962341308594
2022-03-22,71.3455581665039
2022-03-23,71.73241424560547
2022-03-24,72.3442153930664
2022-03-25,73.18093872070312
2022-03-28,73.06395721435547
2022-03-29,73.38784790039062
2022-03-30,74.13459014892578
2022-03-31,73.81970977783203
2022-04-01,75.1422348022461
2022-04-04,75.11526489257812
2022-04-05,75.32219696044922
2022-04-06,76.44680786132812
2022-04-07,78.0932388305664
2022-04-08,78.88496398925781
2022-04-11,77.94029998779297
2022-04-12,77.04059600830078
2022-04-13,77.49044799804688
2022-04-14,78.19220733642578
2022-04-18,77.43647003173828
2022-04-19,77.18456268310547
2022-04-20,77.7873306274414
2022-04-21,77.5804214477539
2022-04-22,76.10491943359375
2022-04-25,76.86964416503906
2022-04-26,76.00596618652344
2022-04-27,75.94298553466797
2022-04-28,79.69469451904297
2022-04-29,79.79366302490234
2022-05-02,78.85797119140625
2022-05-03,78.36314392089844
2022-05-04,79.64070892333984
2022-05-05,79.1818618774414
2022-05-06,79.52375030517578
2022-05-09,78.84896850585938
2022-05-10,79.00192260742188
2022-05-11,80.24352264404297
2022-05-12,81.718994140625
2022-05-13,81.34112548828125
2022-05-16,83.05953979492188
2022-05-17,83.67133331298828
2022-05-18,82.8615951538086
2022-05-19,82.85260772705078
2022-05-20,84.1661605834961
2022-05-23,84.41807556152344
2022-05-24,85.14681243896484
2022-05-25,84.3460922241211
2022-05-26,83.05054473876953
2022-05-27,83.74329376220703
2022-05-31,82.79862976074219
2022-06-01,81.9979019165039
2022-06-02,80.97225952148438
2022-06-03,80.89129638671875
2022-06-06,80.82828521728516
2022-06-07,81.40410614013672
2022-06-08,80.50442504882812
2022-06-09,79.17286682128906
2022-06-10,78.43511962890625
2022-06-13,76.47379302978516
2022-06-14,76.64613342285156
2022-06-15,76.76404571533203
2022-06-16,76.99988555908203
2022-06-17,76.75498962402344
2022-06-21,79.8480453491211
2022-06-22,80.87301635742188
2022-06-23,83.44905853271484
2022-06-24,84.4740219116211
2022-06-27,85.63505554199219
2022-06-28,83.3492660522461
2022-06-29,83.91165161132812
2022-06-30,82.69617462158203
2022-07-01,83.83001708984375
2022-07-05,84.0295639038086
2022-07-06,84.4740219116211
2022-07-07,84.36518096923828
2022-07-08,84.15654754638672
2022-07-11,85.53528594970703
2022-07-12,84.90032958984375
2022-07-13,85.05452728271484
2022-07-14,85.15430450439453
2022-07-15,86.13394165039062
2022-07-18,83.75743865966797
2022-07-19,83.77559661865234
2022-07-20,81.31747436523438
2022-07-21,81.76192474365234
2022-07-22,81.73469543457031
2022-07-25,82.11567687988281
2022-07-26,82.80504608154297
2022-07-27,82.75062561035156
2022-07-28,81.58052062988281
2022-07-29,81.03628540039062
2022-08-01,80.30155944824219
2022-08-02,79.46707916259766
2022-08-03,79.47615814208984
2022-08-04,78.75050354003906
2022-08-05,79.28568267822266
2022-08-08,80.2652816772461
2022-08-09,81.19953918457031
2022-08-10,80.90023803710938
2022-08-11,80.66439819335938
2022-08-12,82.56012725830078
2022-08-15,82.17916870117188
2022-08-16,82.17009735107422
2022-08-17,82.57828521728516
2022-08-18,82.90481567382812
2022-08-19,83.52162170410156
2022-08-22,82.68712615966797
2022-08-23,81.81634521484375
2022-08-24,81.64400482177734
2022-08-25,81.87985229492188
2022-08-26,80.96371459960938
2022-08-29,79.44892883300781
2022-08-30,78.80492401123047
2022-08-31,77.42620849609375
2022-09-01,79.04981994628906
2022-09-02,78.21534729003906
2022-09-06,78.38768005371094
2022-09-07,78.79586029052734
2022-09-08,79.29473876953125
2022-09-09,79.22216796875
2022-09-12,79.96597290039062
2022-09-13,78.26070404052734
2022-09-14,79.50422668457031
2022-09-15,79.32136535644531
2022-09-16,80.20830535888672
2022-09-19,79.22077941894531
2022-09-20,78.63558197021484
2022-09-21,77.29146575927734
2022-09-22,80.01628875732422
2022-09-23,79.34879302978516
2022-09-26,78.80016326904297
2022-09-27,78.48928833007812
2022-09-28,79.34879302978516
2022-09-29,79.22077941894531
2022-09-30,78.74530792236328
2022-10-03,80.0528564453125
2022-10-04,80.82093811035156
2022-10-05,80.82093811035156
2022-10-06,79.95228576660156
2022-10-07,80.09857177734375
2022-10-10,82.7319564819336
2022-10-11,83.25314331054688
2022-10-12,82.67708587646484
2022-10-13,84.56982421875
2022-10-14,84.28636932373047
2022-10-17,86.06024932861328
2022-10-18,86.50828552246094
2022-10-19,85.2739028930664
2022-10-20,84.98128509521484
2022-10-21,87.4775161743164
2022-10-24,89.03193664550781
2022-10-25,89.34282684326172
2022-10-26,89.9828872680664
2022-10-27,91.19898223876953
2022-10-28,92.14080047607422
2022-10-31,92.53396606445312
2022-11-01,91.21729278564453
2022-11-02,90.88811492919922
2022-11-03,90.29376983642578
2022-11-04,90.70524597167969
2022-11-07,91.50074005126953
2022-11-08,92.80827331542969
2022-11-09,92.89057159423828
2022-11-10,93.16487121582031
2022-11-11,89.5714111328125
2022-11-14,91.75674438476562
2022-11-15,91.07098388671875
2022-11-16,91.37271881103516
2022-11-17,93.5489273071289
2022-11-18,95.30449676513672
2022-11-21,96.56632232666016
2022-11-22,97.74586486816406
2022-11-23,97.67272186279297
2022-11-25,98.29447937011719
2022-11-28,99.16313171386719
2022-11-29,99.51972198486328
2022-11-30,100.69013214111328
2022-12-01,100.39752960205078
2022-12-02,100.61698150634766
2022-12-05,100.58954620361328
2022-12-06,99.6020278930664
2022-12-07,100.66268157958984
2022-12-08,101.35761260986328
2022-12-09,99.46487426757812
2022-12-12,99.63861083984375
2022-12-13,101.4124755859375
2022-12-14,102.67344665527344
2022-12-15,100.90623474121094
2022-12-16,100.51045227050781
2022-12-19,100.73136138916016
2022-12-20,100.97986602783203
2022-12-21,102.26847076416016
2022-12-22,102.38812255859375
2022-12-23,102.95877838134766
2022-12-27,103.19810485839844
2022-12-28,102.24085235595703
2022-12-29,102.00154113769531
2022-12-30,102.1212158203125
2023-01-03,102.29607391357422
2023-01-04,103.1612777709961
2023-01-05,104.59713745117188
2023-01-06,105.70164489746094
2023-01-09,101.5965576171875
2023-01-10,101.99234771728516
2023-01-11,102.23164367675781
2023-01-12,102.87593841552734
2023-01-13,103.31776428222656
2023-01-17,101.66099548339844
2023-01-18,100.13308715820312
2023-01-19,101.15475463867188
2023-01-20,101.19157409667969
2023-01-23,101.1363525390625
2023-01-24,99.88455963134766
2023-01-25,99.94898986816406
2023-01-26,98.3658676147461
2023-01-27,96.99442291259766
2023-01-30,97.6479263305664
2023-01-31,98.8628921508789
2023-02-01,98.46710968017578
2023-02-02,95.22721099853516
2023-02-03,94.74859619140625
2023-02-06,95.7518539428711
2023-02-07,97.27056121826172
2023-02-08,98.15416717529297
2023-02-09,98.2278060913086
2023-02-10,99.93058013916016
2023-02-13,100.83261108398438
2023-02-14,100.08705139160156
2023-02-15,99.11139678955078
2023-02-16,98.03450775146484
2023-02-17,100.80499267578125
2023-02-21,100.39080047607422
2023-02-22,100.4736328125
2023-02-23,101.78984832763672
2023-02-24,101.14555358886719
2023-02-27,100.65771484375
2023-02-28,97.78599548339844
2023-03-01,98.16337585449219
2023-03-02,98.49471282958984
2023-03-03,98.37506866455078
2023-03-06,102.25926208496094
2023-03-07,102.41573333740234
2023-03-08,99.66368103027344
2023-03-09,99.03777313232422
2023-03-10,99.12061309814453
2023-03-13,97.31657409667969
2023-03-14,99.14241790771484
2023-03-15,99.75411224365234
2023-03-16,99.48534393310547
2023-03-17,96.48242950439453
2023-03-20,98.1043701171875
2023-03-21,97.81706237792969
2023-03-22,96.76048278808594
2023-03-23,96.60292053222656
2023-03-24,97.13121795654297
2023-03-27,99.10535430908203
2023-03-28,97.80777740478516
2023-03-29,97.24242401123047
2023-03-30,98.16925048828125
2023-03-31,98.60486602783203
2023-04-03,100.90338897705078
2023-04-04,100.86631774902344
2023-04-05,103.72093200683594
2023-04-06,104.11019897460938
2023-04-10,104.36972045898438
2023-04-11,104.25849151611328
2023-04-12,105.42627716064453
2023-04-13,107.12238311767578
2023-04-14,106.87214660644531
2023-04-17,106.5940933227539
2023-04-18,106.4272689819336
2023-04-19,105.77848815917969
2023-04-20,105.81555938720703
2023-04-21,106.92774200439453
2023-04-24,107.45603942871094
2023-04-25,108.00285339355469
2023-04-26,105.12969970703125
2023-04-27,106.73312377929688
2023-04-28,107.02043151855469
2023-05-01,107.82676696777344
2023-05-02,109.26333618164062
2023-05-03,109.5692138671875
2023-05-04,108.7813949584961
2023-05-05,109.06871795654297
2023-05-08,109.71749114990234
2023-05-09,108.8370132446289
2023-05-10,109.27262878417969
2023-05-11,108.94822692871094
2023-05-12,108.56822967529297
2023-05-15,107.85456848144531
2023-05-16,107.58580780029297
2023-05-17,106.36238861083984
2023-05-18,105.6579818725586
2023-05-19,107.0389633178711
2023-05-22,106.11213684082031
2023-05-23,104.98141479492188
2023-05-24,105.28726196289062
2023-05-25,104.08241271972656
2023-05-26,102.94239807128906
2023-05-30,101.18143463134766
2023-05-31,102.33069610595703
2023-06-01,102.81266021728516
2023-06-02,104.28629302978516
2023-06-05,104.8331298828125
2023-06-06,101.9599838256836
2023-06-07,100.66242218017578
2023-06-08,102.2472915649414
2023-06-09,102.6087417602539
2023-06-12,101.8209457397461
2023-06-13,101.9414291381836
2023-06-14,101.38162994384766
2023-06-15,102.07206726074219
2023-06-16,101.99740600585938
2023-06-20,102.8464584350586
2023-06-21,103.71416473388672
2023-06-22,106.10269165039062
2023-06-23,106.92375183105469
2023-06-26,105.50556182861328
2023-06-27,105.7294921875
2023-06-28,104.9084243774414
2023-06-29,105.93474578857422
2023-06-30,107.66082763671875
2023-07-03,106.67182922363281
2023-07-05,106.08401489257812
2023-07-06,104.2646255493164
2023-07-07,101.69884490966797
2023-07-10,102.59454345703125
2023-07-11,101.41893005371094
2023-07-12,100.27133178710938
2023-07-13,99.1983642578125
2023-07-14,100.15003204345703
2023-07-17,98.49861907958984
2023-07-18,98.8531494140625
2023-07-19,98.8531494140625
2023-07-20,101.19501495361328
2023-07-21,102.9957504272461
2023-07-24,101.5029296875
2023-07-25,100.32731628417969
2023-07-26,99.96343994140625
2023-07-27,98.21869659423828
2023-07-28,99.21702575683594
2023-07-31,99.50626373291016
2023-08-01,98.22802734375
2023-08-02,98.61988830566406
2023-08-03,98.64788818359375
2023-08-04,97.9667739868164
2023-08-07,98.98375701904297
2023-08-08,99.28233337402344
2023-08-09,98.99309539794922
2023-08-10,98.49861907958984
2023-08-11,100.24335479736328
2023-08-14,101.61488342285156
2023-08-15,101.38162994384766
2023-08-16,101.44694519042969
2023-08-17,101.62419891357422
2023-08-18,101.88544464111328
2023-08-21,102.29598999023438
2023-08-22,100.04741668701172
2023-08-23,103.84478759765625
2023-08-24,102.11870574951172
2023-08-25,102.82780456542969
2023-08-28,101.63353729248047
2023-08-29,102.6225357055664
2023-08-30,102.82780456542969
2023-08-31,101.6801986694336
2023-09-01,102.48258972167969
2023-09-05,100.30865478515625
2023-09-06,99.35697937011719
2023-09-07,100.70985412597656
2023-09-08,101.7454833984375
2023-09-11,101.32564544677734
2023-09-12,101.7175064086914
2023-09-13,100.58856201171875
2023-09-14,101.67823028564453
2023-09-15,101.00188446044922
2023-09-18,101.28369903564453
2023-09-19,100.8515853881836
2023-09-20,100.80461883544922
2023-09-21,100.25977325439453
2023-09-22,99.89341735839844
2023-09-25,99.4237289428711
2023-09-26,99.00101470947266
2023-09-27,97.638916015625
2023-09-28,97.97710418701172
2023-09-29,96.70893096923828
2023-10-02,96.33317565917969
2023-10-03,95.60045623779297
2023-10-04,95.97620391845703
2023-10-05,97.31951904296875
2023-10-06,97.5825424194336
2023-10-09,98.16496276855469
2023-10-10,97.32891845703125
2023-10-11,97.1880111694336
2023-10-12,97.31012725830078
2023-10-13,97.70465850830078
2023-10-16,97.82678985595703
2023-10-17,97.85496520996094
2023-10-18,95.80712890625
2023-10-19,94.3416976928711
2023-10-20,96.44590759277344
2023-10-23,97.08467864990234
2023-10-24,96.78406524658203
2023-10-25,97.34770202636719
2023-10-26,99.15131378173828
2023-10-27,96.58680725097656
2023-10-30,96.45529174804688
2023-10-31,96.47408294677734
2023-11-01,96.614990234375
2023-11-02,96.614990234375
2023-11-03,97.11286163330078
2023-11-06,98.01465606689453
2023-11-07,97.69527435302734
2023-11-08,98.0710220336914
2023-11-09,96.1734848022461
2023-11-10,95.24349975585938
2023-11-13,96.25802612304688
2023-11-14,95.97620391845703
2023-11-15,95.20591735839844
2023-11-16,95.80712890625
2023-11-17,95.58168029785156
2023-11-20,96.45529174804688
2023-11-21,96.0137939453125
2023-11-22,95.51592254638672
2023-11-24,95.69440460205078
2023-11-27,95.28108215332031
2023-11-28,94.10684967041016
2023-11-29,94.999267578125
2023-11-30,96.26741790771484
2023-12-01,97.1880111694336
2023-12-04,98.69100952148438
2023-12-05,99.79010009765625
2023-12-06,99.22644805908203
2023-12-07,97.5825424194336
2023-12-08,97.4604263305664
2023-12-11,98.0428466796875
2023-12-12,98.033447265625
2023-12-13,100.61673736572266
2023-12-14,100.18150329589844
2023-12-15,99.45293426513672
2023-12-18,100.33287048339844
2023-12-19,100.7586669921875
2023-12-20,99.68948364257812
2023-12-21,100.66405487060547
2023-12-22,101.9035415649414
2023-12-26,101.8373031616211
2023-12-27,102.16847229003906
2023-12-28,102.91594696044922
2023-12-29,103.15249633789062
2024-01-02,107.14537048339844
2024-01-03,108.59302520751953
2024-01-04,110.71247100830078
2024-01-05,110.91117095947266
2024-01-08,111.06256103515625
2024-01-09,112.0560531616211
2024-01-10,112.46290588378906
2024-01-11,112.0560531616211
2024-01-12,112.24529266357422
2024-01-16,112.1128158569336
2024-01-17,111.77217864990234
2024-01-18,112.1601333618164
2024-01-19,112.49128723144531
2024-01-22,113.00222778320312
2024-01-23,113.3901596069336
2024-01-24,112.48182678222656
2024-01-25,113.66455078125
2024-01-26,114.31742095947266
2024-01-29,114.7526626586914
2024-01-30,115.11222076416016
2024-01-31,114.27957153320312
2024-02-01,119.57817840576172
2024-02-02,119.60655975341797
2024-02-05,119.3889389038086
2024-02-06,120.05126190185547
2024-02-07,120.60951232910156
2024-02-08,119.7957992553711
2024-02-09,118.69822692871094
2024-02-12,118.59415435791016
2024-02-13,118.67930603027344
2024-02-14,119.0483169555664
2024-02-15,119.72956848144531
2024-02-16,120.91229248046875
2024-02-20,120.514892578125
2024-02-21,121.22451782226562
2024-02-22,122.30317687988281
2024-02-23,122.48294067382812
2024-02-26,121.90577697753906
2024-02-27,122.0855484008789
2024-02-28,121.29076385498047
2024-02-29,120.30673217773438
2024-03-01,120.12696075439453
2024-03-04,117.37357330322266
2024-03-05,116.21923065185547
2024-03-06,117.0897216796875
2024-03-07,117.31681060791016
2024-03-08,116.85318756103516
2024-03-11,116.16246795654297
2024-03-12,116.05840301513672
2024-03-13,115.58529663085938
2024-03-14,114.74737548828125
2024-03-15,115.7090835571289
2024-03-18,115.6329116821289
2024-03-19,116.35655975341797
2024-03-20,117.92766571044922
2024-03-21,117.70867156982422
2024-03-22,117.92766571044922
2024-03-25,119.31784057617188
2024-03-26,119.51779174804688
2024-03-27,125.44988250732422
2024-03-28,125.64035034179688
2024-04-01,124.72623443603516
2024-04-02,124.1168441772461
2024-04-03,123.68836212158203
2024-04-04,121.55547332763672
2024-04-05,121.86968994140625
2024-04-08,120.50807189941406
2024-04-09,120.6509017944336
2024-04-10,120.6889877319336
2024-04-11,120.11768341064453
2024-04-12,119.72727966308594
2024-04-15,120.15576934814453
2024-04-16,119.07978820800781
2024-04-17,119.3749771118164
2024-04-18,119.24166870117188
2024-04-19,119.76536560058594
2024-04-22,120.86990356445312
2024-04-23,120.8127670288086
2024-04-24,120.92704010009766
2024-04-25,124.46914672851562
2024-04-26,124.92619323730469
2024-04-29,123.8978271484375
2024-04-30,123.04087829589844
2024-05-01,122.6409683227539
2024-05-02,122.12677001953125
2024-05-03,121.41265106201172
2024-05-06,121.46977996826172
2024-05-07,124.14540100097656
2024-05-08,123.3551025390625
2024-05-09,124.00257873535156
2024-05-10,123.84069061279297
2024-05-13,123.1075210571289
2024-05-14,122.50765991210938
2024-05-15,125.43083953857422
2024-05-16,124.62150573730469
2024-05-17,124.91667175292969
2024-05-20,124.72623443603516
2024-05-21,124.50724029541016
2024-05-22,124.83097839355469
2024-05-23,124.82144927978516
2024-05-24,123.2979736328125
2024-05-28,120.06055450439453
2024-05-29,119.879638671875
2024-05-30,118.57514953613281
2024-05-31,119.53685760498047
2024-06-03,122.27912902832031
2024-06-04,122.5552749633789
2024-06-05,123.25987243652344
2024-06-06,124.2787094116211
2024-06-07,124.42153930664062
2024-06-10,125.20233154296875
2024-06-11,125.53558349609375
2024-06-12,123.97401428222656
2024-06-13,123.18370819091797
2024-06-14,123.28843688964844
2024-06-17,122.12940979003906
2024-06-18,122.5987777709961
2024-06-20,124.20799255371094
2024-06-21,125.21378326416016
2024-06-24,127.35943603515625
2024-06-25,127.32109832763672
2024-06-26,125.96092987060547
2024-06-27,124.35169982910156
2024-06-28,118.58527374267578
2024-07-01,122.51256561279297
2024-07-02,122.34014892578125
2024-07-03,120.54891967773438
2024-07-05,121.1236343383789
2024-07-08,120.48185729980469
2024-07-09,120.73091125488281
2024-07-10,121.9378433227539
2024-07-11,123.53749084472656
2024-07-12,122.37846374511719
2024-07-15,122.7232894897461
2024-07-16,120.15618896484375
2024-07-17,120.58722686767578
2024-07-18,119.01631164550781
2024-07-19,120.47228240966797
2024-07-22,120.39564514160156
2024-07-23,119.14083099365234
2024-07-24,120.615966796875
2024-07-25,120.54891967773438
2024-07-26,119.98377227783203
2024-07-29,122.39761352539062
2024-07-30,110.3954086303711
2024-07-31,108.36470031738281
2024-08-01,109.02564239501953
2024-08-02,110.3475112915039
2024-08-05,107.5792465209961
2024-08-06,106.4681167602539
2024-08-07,107.75167083740234
2024-08-08,109.12142944335938
2024-08-09,109.72489929199219
2024-08-12,108.6999740600586
2024-08-13,109.5716323852539
2024-08-14,108.79574584960938
2024-08-15,108.53711700439453
2024-08-16,108.88196563720703
2024-08-19,109.6003646850586
2024-08-20,110.2900390625
2024-08-21,111.1425552368164
2024-08-22,111.64065551757812
2024-08-23,111.68854522705078
2024-08-26,111.37244415283203
2024-08-27,111.59275817871094
2024-08-28,112.45484924316406
2024-08-29,112.51232147216797
2024-08-30,113.46061706542969
2024-09-03,111.66938781738281
2024-09-04,110.92224884033203
2024-09-05,113.59471130371094
2024-09-06,112.87631225585938
2024-09-09,110.54866790771484
2024-09-10,110.47203826904297
2024-09-11,109.87815856933594
2024-09-12,110.3954086303711
2024-09-13,110.97970581054688
2024-09-16,113.7472152709961
2024-09-17,114.06543731689453
2024-09-18,114.40293884277344
2024-09-19,113.04329681396484
2024-09-20,112.98543548583984
2024-09-23,111.50043487548828
2024-09-24,110.85435485839844
2024-09-25,110.63257598876953
2024-09-26,109.05113983154297
2024-09-27,109.62971496582031
2024-09-30,109.50435638427734
2024-10-01,110.6422119140625
2024-10-02,108.07722473144531
2024-10-03,106.24507141113281
2024-10-04,105.8497085571289
2024-10-07,104.71185302734375
2024-10-08,104.64435577392578
2024-10-09,106.33185577392578
2024-10-10,105.49292755126953
2024-10-11,105.81114959716797
2024-10-14,105.77257537841797
2024-10-15,107.5468521118164
2024-10-16,106.47649383544922
2024-10-17,105.83042907714844
2024-10-18,104.81793212890625
2024-10-21,102.54220581054688
2024-10-22,102.83149719238281
2024-10-23,102.5807876586914
2024-10-24,102.09864044189453
2024-10-25,100.2665023803711
2024-10-28,100.50756072998047
2024-10-29,100.02542877197266
2024-10-30,101.08614349365234
2024-10-31,98.66577911376953
2024-11-01,98.24148559570312
2024-11-04,98.23185729980469
2024-11-05,98.01970672607422
2024-11-06,97.132568359375
2024-11-07,97.55685424804688
2024-11-08,99.24435424804688
2024-11-11,97.132568359375
2024-11-12,95.0593490600586
2024-11-13,94.98221588134766
2024-11-14,94.84720611572266
2024-11-15,92.87041473388672
2024-11-18,93.11148834228516
2024-11-19,93.09220886230469
2024-11-20,93.96006774902344
2024-11-21,96.29363250732422
2024-11-22,95.63792419433594
2024-11-25,97.54721069335938
2024-11-26,97.99078369140625
2024-11-27,99.43721008300781
2024-11-29,98.01006317138672
2024-12-02,97.01685333251953
2024-12-03,98.21256256103516
2024-12-04,97.74971008300781
2024-12-05,99.85185241699219
2024-12-06,99.40827941894531
2024-12-09,100.08328247070312
2024-12-10,97.3929214477539
2024-12-11,96.18756103515625
2024-12-12,97.63399505615234
2024-12-13,98.35720825195312
2024-12-16,97.25884246826172
2024-12-17,97.25884246826172
2024-12-18,95.58699035644531
2024-12-19,96.73395538330078
2024-12-20,95.30511474609375
2024-12-23,96.58816528320312
2024-12-24,96.6659164428711
2024-12-26,97.07416534423828
2024-12-27,96.90892028808594
2024-12-30,95.61615753173828
2024-12-31,96.69508361816406
2025-01-02,96.39376068115234
2025-01-03,96.36460876464844
2025-01-06,96.92835998535156
2025-01-07,98.19196319580078
2025-01-08,97.05471801757812
2025-01-10,96.47152709960938
2025-01-13,98.15309143066406
2025-01-14,96.86032104492188
2025-01-15,97.28800201416016
2025-01-16,97.88092803955078
2025-01-17,95.17874908447266
2025-01-21,93.54578399658203
2025-01-22,93.00146484375
2025-01-23,93.92486572265625
2025-01-24,92.87510681152344
2025-01-27,95.19819641113281
2025-01-28,94.72190856933594
2025-01-29,95.52867126464844
2025-01-30,96.17991638183594
2025-01-31,96.05355834960938
2025-02-03,96.99639892578125
2025-02-04,88.19975280761719
2025-02-05,87.15970611572266
2025-02-06,85.58506774902344
2025-02-07,84.83661651611328
2025-02-10,83.98125457763672
2025-02-11,84.1173324584961
2025-02-12,83.27169036865234
2025-02-13,82.05668640136719
2025-02-14,80.6861572265625
2025-02-18,80.95832061767578
2025-02-19,83.20365142822266
2025-02-20,85.22541809082031
2025-02-21,86.99446868896484
2025-02-24,88.71491241455078
2025-02-25,88.87043762207031
2025-02-26,86.8778305053711
2025-02-27,88.04423522949219
2025-02-28,89.66748046875
2025-03-03,90.54228973388672
2025-03-04,89.96880340576172
2025-03-05,90.58116912841797
2025-03-06,91.36849212646484
2025-03-07,92.00029754638672
2025-03-10,92.5640640258789
2025-03-11,92.07805633544922
2025-03-12,90.73668670654297
2025-03-13,92.0586166381836
2025-03-14,91.92254638671875
2025-03-17,92.9323501586914
2025-03-18,92.86372375488281
2025-03-19,92.17743682861328
2025-03-20,92.87352752685547
2025-03-21,91.2852783203125
2025-03-24,90.50094604492188
2025-03-25,86.14796447753906
2025-03-26,86.38326263427734
2025-03-27,85.88325500488281
2025-03-28,87.48131561279297
2025-03-31,88.00092315673828
2025-04-01,85.41266632080078
2025-04-02,84.90284729003906
2025-04-03,84.69696807861328
2025-04-04,79.8733901977539
2025-04-07,79.58907318115234
2025-04-08,77.40277099609375
2025-04-09,80.30477142333984
2025-04-10,76.03021240234375
2025-04-11,77.62826538085938
2025-04-14,77.61846160888672
2025-04-15,76.85375213623047
2025-04-16,74.9615707397461
2025-04-17,76.47138977050781
2025-04-21,76.32432556152344
2025-04-22,77.4223861694336
2025-04-23,77.19689178466797
2025-04-24,78.27532958984375
2025-04-25,81.11849975585938
2025-04-28,81.55968475341797
2025-04-29,83.04988861083984
2025-04-30,83.53028106689453
2025-05-01,81.62831115722656
2025-05-02,81.54988098144531
2025-05-05,81.21653747558594
2025-05-06,77.49101257324219
2025-05-07,77.56944274902344
2025-05-08,76.12825012207031
2025-05-09,74.4811782836914
2025-05-12,78.85376739501953
2025-05-13,75.12823486328125
2025-05-14,72.03016662597656
2025-05-15,73.3341064453125
2025-05-16,74.56940460205078
2025-05-19,75.71648406982422
2025-05-20,76.44197845458984
2025-05-21,75.47138977050781
2025-05-22,76.31452178955078
2025-05-23,76.05962371826172
2025-05-27,76.06941986083984
2025-05-28,74.67725372314453
2025-05-29,74.90274810791016
2025-05-30,75.33412170410156
2025-06-02,74.75568389892578
2025-06-03,75.62824249267578
2025-06-04,76.73609924316406
2025-06-05,76.09883880615234
2025-06-06,77.4223861694336
2025-06-09,77.77532958984375
2025-06-10,79.7557373046875
2025-06-11,78.74592590332031
2025-06-12,80.2165298461914
2025-06-13,80.10868835449219
2025-06-16,80.16809844970703
2025-06-17,77.51431274414062
2025-06-18,78.51443481445312
2025-06-20,78.28668212890625
2025-06-23,79.37592315673828
2025-06-24,79.53435516357422
2025-06-25,78.89070892333984
2025-06-26,78.05892944335938
2025-06-27,78.32628631591797
2025-06-30,78.38570404052734
2025-07-01,81.00978088378906
2025-07-02,81.5841064453125
2025-07-03,80.13838958740234
2025-07-07,80.10868835449219
2025-07-08,80.57408905029297
2025-07-09,82.89119720458984
2025-07-10,83.19815826416016
2025-07-11,82.54462432861328
2025-07-14,82.8515853881836
2025-07-15,80.72261810302734
2025-07-16,81.62371826171875
2025-07-17,80.72261810302734
2025-07-18,79.1778793334961
2025-07-21,78.53423309326172
2025-07-22,80.81173706054688
2025-07-23,83.15856170654297
2025-07-24,83.28728485107422
2025-07-25,83.88141632080078
2025-07-28,83.2377700805664
2025-07-29,81.82176208496094
2025-07-30,80.95037078857422
2025-07-31,77.35588073730469
2025-08-01,78.51443481445312
2025-08-04,79.078857421875
2025-08-05,79.99976348876953
2025-08-06,78.6629638671875
2025-08-07,79.58386993408203
2025-08-08,79.90074157714844
2025-08-11,79.2471923828125
2025-08-12,79.51455688476562
2025-08-13,81.9009780883789
2025-08-14,81.95049285888672
2025-08-15,83.38630676269531
2025-08-18,83.39620971679688
2025-08-19,84.0992660522461
2025-08-20,83.8319091796875
2025-08-21,85.2380142211914
2025-08-22,86.5154037475586
2025-08-25,84.47554779052734
2025-08-26,84.15867614746094
2025-08-27,83.24767303466797
2025-08-28,82.39608764648438
2025-08-29,83.29718780517578
2025-09-02,84.64389038085938
2025-09-03,83.35659790039062
2025-09-04,83.22787475585938
2025-09-05,83.88141632080078
2025-09-08,83.2674789428711
2025-09-09,83.78239440917969
2025-09-10,83.20806884765625
2025-09-11,84.3171157836914
2025-09-12,82.0
2025-09-15,81.0199966430664
2025-09-16,81.08999633789062
2025-09-17,81.13999938964844
2025-09-18,81.52999877929688
2025-09-19,81.51000213623047
2025-09-22,80.4000015258789
2025-09-23,79.95999908447266
2025-09-24,79.66999816894531
2025-09-25,77.5999984741211
2025-09-26,78.55999755859375
2025-09-29,78.58000183105469
2025-09-30,83.93000030517578
2025-10-01,90.12999725341797
2025-10-02,89.51000213623047
2025-10-03,89.19000244140625
2025-10-06,88.80000305175781
2025-10-07,87.61000061035156
2025-10-08,86.4000015258789
2025-10-09,87.5
2025-10-10,85.98999786376953
2025-10-13,85.69999694824219
2025-10-14,84.69999694824219
2025-10-15,84.11000061035156
2025-10-16,83.91999816894531
2025-10-17,84.79000091552734
2025-10-20,86.31999969482422
2025-10-21,87.62000274658203
2025-10-22,87.61000061035156
2025-10-23,87.18000030517578
2025-10-24,87.48999786376953
2025-10-27,88.0
2025-10-28,87.02999877929688
2025-10-29,86.8499984741211
