date,MSFT
2020-01-02,152.79112243652344
2020-01-03,150.8886260986328
2020-01-06,151.27859497070312
2020-01-07,149.8993377685547
2020-01-08,152.28692626953125
2020-01-09,154.18943786621094
2020-01-10,153.4760284423828
2020-01-13,155.3214874267578
2020-01-14,154.2274932861328
2020-01-15,155.22630310058594
2020-01-16,158.070556640625
2020-01-17,158.95529174804688
2020-01-21,158.384521484375
2020-01-22,157.6234893798828
2020-01-23,158.5938262939453
2020-01-24,156.99569702148438
2020-01-27,154.3702392578125
2020-01-28,157.39520263671875
2020-01-29,159.8494415283203
2020-01-30,164.3583984375
2020-01-31,161.93267822265625
2020-02-03,165.88047790527344
2020-02-04,171.34063720703125
2020-02-05,171.1313934326172
2020-02-06,174.6795654296875
2020-02-07,174.92694091796875
2020-02-10,179.50250244140625
2020-02-11,175.45010375976562
2020-02-12,175.7069854736328
2020-02-13,174.75570678710938
2020-02-14,176.31576538085938
2020-02-18,178.10409545898438
2020-02-19,178.63827514648438
2020-02-20,175.9102020263672
2020-02-21,170.34922790527344
2020-02-24,163.00454711914062
2020-02-25,160.31471252441406
2020-02-26,162.31777954101562
2020-02-27,150.8810272216797
2020-02-28,154.5343017578125
2020-03-02,164.81687927246094
2020-03-03,156.91896057128906
2020-03-04,162.6802520751953
2020-03-05,158.59774780273438
2020-03-06,154.11463928222656
2020-03-09,143.6698760986328
2020-03-10,153.49462890625
2020-03-11,146.54098510742188
2020-03-12,132.643310546875
2020-03-13,151.50103759765625
2020-03-16,129.17124938964844
2020-03-17,139.8068084716797
2020-03-18,133.9214630126953
2020-03-19,136.12489318847656
2020-03-20,131.01222229003906
2020-03-23,129.70538330078125
2020-03-24,141.49508666992188
2020-03-25,140.1406707763672
2020-03-26,148.9065399169922
2020-03-27,142.79232788085938
2020-03-30,152.83644104003906
2020-03-31,150.4327392578125
2020-04-01,145.09115600585938
2020-04-02,148.09579467773438
2020-04-03,146.73171997070312
2020-04-06,157.64389038085938
2020-04-07,155.94602966308594
2020-04-08,157.51034545898438
2020-04-09,157.5198974609375
2020-04-13,157.8728485107422
2020-04-14,165.6848907470703
2020-04-15,163.9488983154297
2020-04-16,168.87078857421875
2020-04-17,170.3588104248047
2020-04-20,166.9821319580078
2020-04-21,160.0762176513672
2020-04-22,165.5132293701172
2020-04-23,163.51011657714844
2020-04-24,166.49569702148438
2020-04-27,166.01873779296875
2020-04-28,161.97438049316406
2020-04-29,169.24278259277344
2020-04-30,170.9406280517578
2020-05-01,166.51478576660156
2020-05-04,170.5877227783203
2020-05-05,172.4191131591797
2020-05-06,174.1169891357422
2020-05-07,175.12808227539062
2020-05-08,176.1582794189453
2020-05-11,178.12319946289062
2020-05-12,174.08837890625
2020-05-13,171.4557342529297
2020-05-14,172.1997528076172
2020-05-15,174.70838928222656
2020-05-18,176.37762451171875
2020-05-19,175.1566925048828
2020-05-20,177.58624267578125
2020-05-21,175.4532012939453
2020-05-22,175.52972412109375
2020-05-26,173.67410278320312
2020-05-27,173.90365600585938
2020-05-28,173.51144409179688
2020-05-29,175.28106689453125
2020-06-01,174.87930297851562
2020-06-02,176.8688507080078
2020-06-03,177.2992706298828
2020-06-04,174.96536254882812
2020-06-05,179.0592498779297
2020-06-08,180.16880798339844
2020-06-09,181.5461883544922
2020-06-10,188.2801055908203
2020-06-11,178.16973876953125
2020-06-12,179.5758056640625
2020-06-15,180.72360229492188
2020-06-16,185.1522674560547
2020-06-17,185.79315185546875
2020-06-18,187.78269958496094
2020-06-19,186.6635284423828
2020-06-22,191.84783935546875
2020-06-23,193.12957763671875
2020-06-24,189.23658752441406
2020-06-25,191.62783813476562
2020-06-26,187.79225158691406
2020-06-29,189.81051635742188
2020-06-30,194.66000366210938
2020-07-01,195.79824829101562
2020-07-02,197.29042053222656
2020-07-06,201.5373077392578
2020-07-07,199.19387817382812
2020-07-08,203.5747528076172
2020-07-09,204.99990844726562
2020-07-10,204.378173828125
2020-07-13,198.06520080566406
2020-07-14,199.28953552246094
2020-07-15,198.99302673339844
2020-07-16,195.05213928222656
2020-07-17,194.05740356445312
2020-07-20,202.398193359375
2020-07-21,199.672119140625
2020-07-22,202.5416717529297
2020-07-23,193.73219299316406
2020-07-24,192.5460968017578
2020-07-27,194.9851837158203
2020-07-28,193.23484802246094
2020-07-29,195.1861114501953
2020-07-30,195.0330352783203
2020-07-31,196.0947723388672
2020-08-03,207.12338256835938
2020-08-04,204.01470947265625
2020-08-05,203.67991638183594
2020-08-06,206.94161987304688
2020-08-07,203.23992919921875
2020-08-10,199.19387817382812
2020-08-11,194.53562927246094
2020-08-12,200.09303283691406
2020-08-13,199.62429809570312
2020-08-14,199.81561279296875
2020-08-17,201.1355743408203
2020-08-18,202.29295349121094
2020-08-19,201.06568908691406
2020-08-20,205.74476623535156
2020-08-21,204.24900817871094
2020-08-24,204.89137268066406
2020-08-25,207.55694580078125
2020-08-26,212.04421997070312
2020-08-27,217.25062561035156
2020-08-28,219.48472595214844
2020-08-31,216.24392700195312
2020-09-01,217.91224670410156
2020-09-02,222.1119384765625
2020-09-03,208.35279846191406
2020-09-04,205.42832946777344
2020-09-08,194.3155517578125
2020-09-09,202.59022521972656
2020-09-10,196.9139404296875
2020-09-11,195.62908935546875
2020-09-14,196.9523468017578
2020-09-15,200.18357849121094
2020-09-16,196.60716247558594
2020-09-17,194.55526733398438
2020-09-18,192.1389923095703
2020-09-21,194.20050048828125
2020-09-22,198.8795623779297
2020-09-23,192.33082580566406
2020-09-24,194.82374572753906
2020-09-25,199.2631378173828
2020-09-28,200.81637573242188
2020-09-29,198.72618103027344
2020-09-30,201.66976928710938
2020-10-01,203.71206665039062
2020-10-02,197.70022583007812
2020-10-05,201.7176971435547
2020-10-06,197.43173217773438
2020-10-07,201.19033813476562
2020-10-08,201.90945434570312
2020-10-09,206.92416381835938
2020-10-12,212.28392028808594
2020-10-13,213.68386840820312
2020-10-14,211.7661895751953
2020-10-15,210.61557006835938
2020-10-16,210.61557006835938
2020-10-19,205.39959716796875
2020-10-20,205.81185913085938
2020-10-21,205.95567321777344
2020-10-22,206.0419921875
2020-10-23,207.3267822265625
2020-10-26,201.43002319335938
2020-10-27,204.46954345703125
2020-10-28,194.33470153808594
2020-10-29,196.290771484375
2020-10-30,194.1333770751953
2020-11-02,193.99913024902344
2020-11-03,197.93032836914062
2020-11-04,207.48023986816406
2020-11-05,214.09613037109375
2020-11-06,214.5084228515625
2020-11-09,209.3978729248047
2020-11-10,202.32171630859375
2020-11-11,207.6336212158203
2020-11-12,206.56936645507812
2020-11-13,207.59527587890625
2020-11-16,208.28561401367188
2020-11-17,205.62969970703125
2020-11-18,202.91868591308594
2020-11-19,204.2069091796875
2020-11-20,202.25538635253906
2020-11-23,201.98626708984375
2020-11-24,205.5912322998047
2020-11-25,205.60086059570312
2020-11-27,206.90826416015625
2020-11-30,205.7931365966797
2020-12-01,207.85037231445312
2020-12-02,207.04281616210938
2020-12-03,205.95655822753906
2020-12-04,206.0718994140625
2020-12-07,206.00460815429688
2020-12-08,207.65809631347656
2020-12-09,203.61087036132812
2020-12-10,202.38035583496094
2020-12-11,205.014404296875
2020-12-14,205.9180908203125
2020-12-15,205.850830078125
2020-12-16,210.80166625976562
2020-12-17,210.93626403808594
2020-12-18,210.1383514404297
2020-12-21,213.98373413085938
2020-12-22,215.28152465820312
2020-12-23,212.47442626953125
2020-12-24,214.1375274658203
2020-12-28,216.26205444335938
2020-12-29,215.4833526611328
2020-12-30,213.10888671875
2020-12-31,213.8202667236328
2021-01-04,209.2731475830078
2021-01-05,209.47506713867188
2021-01-06,204.04348754882812
2021-01-07,209.84994506835938
2021-01-08,211.12852478027344
2021-01-11,209.0808868408203
2021-01-12,206.61985778808594
2021-01-13,207.975341796875
2021-01-14,204.78375244140625
2021-01-15,204.42803955078125
2021-01-19,208.07147216796875
2021-01-20,215.6660614013672
2021-01-21,216.2716522216797
2021-01-22,217.21376037597656
2021-01-25,220.65538024902344
2021-01-26,223.3471221923828
2021-01-27,223.8950653076172
2021-01-28,229.6919403076172
2021-01-29,222.99143981933594
2021-02-01,230.38409423828125
2021-02-02,230.24951171875
2021-02-03,233.60452270507812
2021-02-04,232.6528778076172
2021-02-05,232.83551025390625
2021-02-08,233.09507751464844
2021-02-09,234.3448028564453
2021-02-10,233.43154907226562
2021-02-11,235.03695678710938
2021-02-12,235.5176239013672
2021-02-16,234.27748107910156
2021-02-17,235.2989044189453
2021-02-18,234.90380859375
2021-02-19,232.18658447265625
2021-02-22,225.96205139160156
2021-02-23,224.76727294921875
2021-02-24,226.00062561035156
2021-02-25,220.64324951171875
2021-02-26,223.9097137451172
2021-03-01,228.3035125732422
2021-03-02,225.3453826904297
2021-03-03,219.26536560058594
2021-03-04,218.46566772460938
2021-03-05,223.15809631347656
2021-03-08,219.10157775878906
2021-03-09,225.2586669921875
2021-03-10,223.9482421875
2021-03-11,228.486572265625
2021-03-12,227.1568603515625
2021-03-15,226.25112915039062
2021-03-16,229.04539489746094
2021-03-17,228.39984130859375
2021-03-18,222.3101806640625
2021-03-19,221.9536895751953
2021-03-22,227.3881072998047
2021-03-23,228.920166015625
2021-03-24,226.87745666503906
2021-03-25,223.8711395263672
2021-03-26,227.86026000976562
2021-03-29,226.6654510498047
2021-03-30,223.39898681640625
2021-03-31,227.1761474609375
2021-04-01,233.5163116455078
2021-04-05,239.99136352539062
2021-04-06,238.82545471191406
2021-04-07,240.79107666015625
2021-04-08,244.01898193359375
2021-04-09,246.52418518066406
2021-04-12,246.58201599121094
2021-04-13,249.0679931640625
2021-04-14,246.27366638183594
2021-04-15,250.04112243652344
2021-04-16,251.2360076904297
2021-04-19,249.30886840820312
2021-04-20,248.8463592529297
2021-04-21,251.081787109375
2021-04-22,247.796142578125
2021-04-23,251.63099670410156
2021-04-26,252.0164337158203
2021-04-27,252.42103576660156
2021-04-28,245.28123474121094
2021-04-29,243.3059539794922
2021-04-30,242.9879608154297
2021-05-03,242.6796417236328
2021-05-04,238.75799560546875
2021-05-05,237.48611450195312
2021-05-06,240.6272430419922
2021-05-07,243.25782775878906
2021-05-10,238.17022705078125
2021-05-11,237.25486755371094
2021-05-12,230.2884063720703
2021-05-13,234.17149353027344
2021-05-14,239.10484313964844
2021-05-17,236.24314880371094
2021-05-18,234.2196807861328
2021-05-19,234.7991485595703
2021-05-20,238.04415893554688
2021-05-21,236.77899169921875
2021-05-24,242.19699096679688
2021-05-25,243.1048126220703
2021-05-26,242.8826904296875
2021-05-27,240.7772674560547
2021-05-28,241.13462829589844
2021-06-01,238.9326629638672
2021-06-02,238.83612060546875
2021-06-03,237.30050659179688
2021-06-04,242.20664978027344
2021-06-07,245.1232452392578
2021-06-08,243.9257354736328
2021-06-09,244.91078186035156
2021-06-10,248.43588256835938
2021-06-11,249.0636444091797
2021-06-14,250.99517822265625
2021-06-15,249.5175018310547
2021-06-16,248.57110595703125
2021-06-17,251.97056579589844
2021-06-18,250.55093383789062
2021-06-21,253.64144897460938
2021-06-22,256.4228820800781
2021-06-23,256.1910705566406
2021-06-24,257.5624694824219
2021-06-25,255.9495849609375
2021-06-28,259.52294921875
2021-06-29,262.1112060546875
2021-06-30,261.6283264160156
2021-07-01,262.3044128417969
2021-07-02,268.1473083496094
2021-07-06,268.15704345703125
2021-07-07,270.34930419921875
2021-07-08,267.92523193359375
2021-07-09,268.4273986816406
2021-07-12,267.8285827636719
2021-07-13,271.36334228515625
2021-07-14,272.841064453125
2021-07-15,271.41162109375
2021-07-16,271.14129638671875
2021-07-19,267.5292053222656
2021-07-20,269.7601623535156
2021-07-21,271.76898193359375
2021-07-22,276.3468322753906
2021-07-23,279.7559509277344
2021-07-26,279.1571350097656
2021-07-27,276.7330627441406
2021-07-28,276.4241027832031
2021-07-29,276.6944885253906
2021-07-30,275.1589050292969
2021-08-02,275.07196044921875
2021-08-03,277.2931823730469
2021-08-04,276.7041320800781
2021-08-05,279.61114501953125
2021-08-06,279.55316162109375
2021-08-09,278.46185302734375
2021-08-10,276.6365051269531
2021-08-11,277.1290588378906
2021-08-12,279.8912048339844
2021-08-13,282.8271789550781
2021-08-16,284.5172424316406
2021-08-17,283.0491943359375
2021-08-18,281.3172302246094
2021-08-19,287.16162109375
2021-08-20,294.505859375
2021-08-23,294.7864990234375
2021-08-24,292.8222961425781
2021-08-25,292.2320556640625
2021-08-26,289.4065246582031
2021-08-27,290.0162048339844
2021-08-30,293.7608337402344
2021-08-31,292.106201171875
2021-09-01,292.0578308105469
2021-09-02,291.39984130859375
2021-09-03,291.3901672363281
2021-09-07,290.46124267578125
2021-09-08,290.4902648925781
2021-09-09,287.62615966796875
2021-09-10,286.13592529296875
2021-09-13,287.3745422363281
2021-09-14,290.08392333984375
2021-09-15,294.9510498046875
2021-09-16,295.3381652832031
2021-09-17,290.1612548828125
2021-09-20,284.7715759277344
2021-09-21,285.2554931640625
2021-09-22,288.9130859375
2021-09-23,289.8612976074219
2021-09-24,289.6580810546875
2021-09-27,284.6459045410156
2021-09-28,274.3406982421875
2021-09-29,274.8051452636719
2021-09-30,272.79241943359375
2021-10-01,279.739990234375
2021-10-04,273.9439392089844
2021-10-05,279.4109802246094
2021-10-06,283.6200866699219
2021-10-07,285.3038635253906
2021-10-08,285.3038635253906
2021-10-11,284.7038879394531
2021-10-12,283.3976135253906
2021-10-13,286.716552734375
2021-10-14,292.94805908203125
2021-10-15,294.36077880859375
2021-10-18,297.3410949707031
2021-10-19,298.2506408691406
2021-10-20,297.4571228027344
2021-10-21,300.69873046875
2021-10-22,299.15045166015625
2021-10-25,298.15386962890625
2021-10-26,300.0696716308594
2021-10-27,312.7069091796875
2021-10-28,313.8487548828125
2021-10-29,320.88330078125
2021-11-01,318.7061767578125
2021-11-02,322.344482421875
2021-11-03,323.1862487792969
2021-11-04,325.5473327636719
2021-11-05,325.1795654296875
2021-11-08,326.0794677734375
2021-11-09,325.0731201171875
2021-11-10,320.0898742675781
2021-11-11,321.6671142578125
2021-11-12,325.8182678222656
2021-11-15,325.1893005371094
2021-11-16,328.51788330078125
2021-11-17,328.7408447265625
2021-11-18,330.8250732421875
2021-11-19,332.6087341308594
2021-11-22,329.4291687011719
2021-11-23,327.344970703125
2021-11-24,327.56787109375
2021-11-26,319.5896911621094
2021-11-29,326.32708740234375
2021-11-30,320.4718933105469
2021-12-01,319.9775085449219
2021-12-02,319.405517578125
2021-12-03,313.1239318847656
2021-12-06,316.2065124511719
2021-12-07,324.6693420410156
2021-12-08,324.7179260253906
2021-12-09,322.9051513671875
2021-12-10,332.05621337890625
2021-12-13,329.01226806640625
2021-12-14,318.29071044921875
2021-12-15,324.40765380859375
2021-12-16,314.9560241699219
2021-12-17,313.88970947265625
2021-12-20,310.1188049316406
2021-12-21,317.27288818359375
2021-12-22,323.0020751953125
2021-12-23,324.4464111328125
2021-12-27,331.96893310546875
2021-12-28,330.8056640625
2021-12-29,331.4842529296875
2021-12-30,328.9347839355469
2021-12-31,326.0265808105469
2022-01-03,324.5045471191406
2022-01-04,318.9402770996094
2022-01-05,306.69683837890625
2022-01-06,304.2733459472656
2022-01-07,304.428466796875
2022-01-10,304.6513671875
2022-01-11,305.33966064453125
2022-01-12,308.52899169921875
2022-01-13,295.4712219238281
2022-01-14,300.70599365234375
2022-01-18,293.3870544433594
2022-01-19,294.04620361328125
2022-01-20,292.36920166015625
2022-01-21,286.96966552734375
2022-01-24,287.2992248535156
2022-01-25,279.66046142578125
2022-01-26,287.6288757324219
2022-01-27,290.66302490234375
2022-01-28,298.82537841796875
2022-01-31,301.4621276855469
2022-02-01,299.3100891113281
2022-02-02,303.8662109375
2022-02-03,292.0299072265625
2022-02-04,296.57635498046875
2022-02-07,291.7390441894531
2022-02-08,295.23858642578125
2022-02-09,301.68499755859375
2022-02-10,293.12530517578125
2022-02-11,286.0098876953125
2022-02-14,285.97119140625
2022-02-15,291.2737731933594
2022-02-16,290.933837890625
2022-02-17,282.4146423339844
2022-02-18,279.69476318359375
2022-02-22,279.4907531738281
2022-02-23,272.2538146972656
2022-02-24,286.16424560546875
2022-02-25,288.8064270019531
2022-02-28,290.24407958984375
2022-03-01,286.513916015625
2022-03-02,291.6040344238281
2022-03-03,287.45623779296875
2022-03-04,281.56951904296875
2022-03-07,270.9327087402344
2022-03-08,267.96026611328125
2022-03-09,280.24835205078125
2022-03-10,277.4216003417969
2022-03-11,272.0594787597656
2022-03-14,268.5333251953125
2022-03-15,278.93701171875
2022-03-16,285.969970703125
2022-03-17,286.7762451171875
2022-03-18,291.83721923828125
2022-03-21,290.603515625
2022-03-22,295.36334228515625
2022-03-23,290.924072265625
2022-03-24,295.4022521972656
2022-03-25,294.9942321777344
2022-03-28,301.8134460449219
2022-03-29,306.3887634277344
2022-03-30,304.883056640625
2022-03-31,299.49176025390625
2022-04-01,300.5700988769531
2022-04-04,305.9612731933594
2022-04-05,301.98834228515625
2022-04-06,290.933837890625
2022-04-07,292.75030517578125
2022-04-08,288.4761657714844
2022-04-11,277.10107421875
2022-04-12,273.99261474609375
2022-04-13,279.3935852050781
2022-04-14,271.82635498046875
2022-04-18,272.4966735839844
2022-04-19,277.1399230957031
2022-04-20,278.16961669921875
2022-04-21,272.7784118652344
2022-04-22,266.19232177734375
2022-04-25,272.6909484863281
2022-04-26,262.4912414550781
2022-04-27,275.1195068359375
2022-04-28,281.3460693359375
2022-04-29,269.58245849609375
2022-05-02,276.3336486816406
2022-05-03,273.7206115722656
2022-05-04,281.68609619140625
2022-05-05,269.4173583984375
2022-05-06,266.8722839355469
2022-05-09,257.0125427246094
2022-05-10,261.7918395996094
2022-05-11,253.0978240966797
2022-05-12,248.0465545654297
2022-05-13,253.65151977539062
2022-05-16,254.02072143554688
2022-05-17,259.1885070800781
2022-05-18,247.38772583007812
2022-05-19,246.47250366210938
2022-05-20,245.9077606201172
2022-05-23,253.7846221923828
2022-05-24,252.78182983398438
2022-05-25,255.6053924560547
2022-05-26,258.89642333984375
2022-05-27,266.0430908203125
2022-05-31,264.70916748046875
2022-06-01,265.24468994140625
2022-06-02,267.34771728515625
2022-06-03,262.90789794921875
2022-06-06,261.67132568359375
2022-06-07,265.32257080078125
2022-06-08,263.2876281738281
2022-06-09,257.8155822753906
2022-06-10,246.32644653320312
2022-06-13,235.8790283203125
2022-06-14,238.05032348632812
2022-06-15,245.1288604736328
2022-06-16,238.51768493652344
2022-06-17,241.12709045410156
2022-06-21,247.0567169189453
2022-06-22,246.4627685546875
2022-06-23,252.04177856445312
2022-06-24,260.64898681640625
2022-06-27,257.9129638671875
2022-06-28,249.72450256347656
2022-06-29,253.4049835205078
2022-06-30,250.0652618408203
2022-07-01,252.7428436279297
2022-07-05,255.92672729492188
2022-07-06,259.1982116699219
2022-07-07,261.33050537109375
2022-07-08,260.61004638671875
2022-07-11,257.54302978515625
2022-07-12,246.98851013183594
2022-07-13,246.0635528564453
2022-07-14,247.38772583007812
2022-07-15,249.9582061767578
2022-07-18,247.55325317382812
2022-07-19,252.69422912597656
2022-07-20,255.36203002929688
2022-07-21,257.8642883300781
2022-07-22,253.5022735595703
2022-07-25,252.0126190185547
2022-07-26,245.26515197753906
2022-07-27,261.6615905761719
2022-07-28,269.1296081542969
2022-07-29,273.3454895019531
2022-08-01,270.68743896484375
2022-08-02,267.58148193359375
2022-08-03,275.02996826171875
2022-08-04,276.1789245605469
2022-08-05,275.4583435058594
2022-08-08,272.93658447265625
2022-08-09,274.8644714355469
2022-08-10,281.5437927246094
2022-08-11,279.4601135253906
2022-08-12,284.22137451171875
2022-08-15,285.7402038574219
2022-08-16,285.0002136230469
2022-08-17,284.2489318847656
2022-08-18,283.12689208984375
2022-08-19,279.20440673828125
2022-08-22,271.00836181640625
2022-08-23,269.7301025390625
2022-08-24,269.09588623046875
2022-08-25,272.0815734863281
2022-08-26,261.5827941894531
2022-08-29,258.792236328125
2022-08-30,256.58709716796875
2022-08-31,255.1234893798828
2022-09-01,254.07943725585938
2022-09-02,249.84478759765625
2022-09-06,247.10299682617188
2022-09-07,251.82546997070312
2022-09-08,252.2450714111328
2022-09-09,258.0408935546875
2022-09-12,260.17767333984375
2022-09-13,245.8735809326172
2022-09-14,246.0980224609375
2022-09-15,239.42401123046875
2022-09-16,238.79954528808594
2022-09-19,238.5848846435547
2022-09-20,236.56512451171875
2022-09-21,233.15005493164062
2022-09-22,235.13079833984375
2022-09-23,232.1450653076172
2022-09-26,231.6864776611328
2022-09-27,230.67169189453125
2022-09-28,235.21861267089844
2022-09-29,231.7352752685547
2022-09-30,227.24693298339844
2022-10-03,234.8966522216797
2022-10-04,242.83905029296875
2022-10-05,243.15130615234375
2022-10-06,240.79978942871094
2022-10-07,228.5543975830078
2022-10-10,223.685546875
2022-10-11,219.93875122070312
2022-10-12,220.27047729492188
2022-10-13,228.5543975830078
2022-10-14,223.01226806640625
2022-10-17,231.76455688476562
2022-10-18,232.7110137939453
2022-10-19,230.74002075195312
2022-10-20,230.41802978515625
2022-10-21,236.24314880371094
2022-10-24,241.24864196777344
2022-10-25,244.5758514404297
2022-10-26,225.7052764892578
2022-10-27,221.24620056152344
2022-10-28,230.1448211669922
2022-10-31,226.49562072753906
2022-11-01,222.6317596435547
2022-11-02,214.7576141357422
2022-11-03,209.0496063232422
2022-11-04,216.01629638671875
2022-11-07,222.3390350341797
2022-11-08,223.31472778320312
2022-11-09,219.0605926513672
2022-11-10,237.08226013183594
2022-11-11,241.11203002929688
2022-11-14,235.68698120117188
2022-11-15,236.0968017578125
2022-11-16,236.52731323242188
2022-11-17,236.47837829589844
2022-11-18,236.0282745361328
2022-11-21,236.8404083251953
2022-11-22,239.75628662109375
2022-11-23,242.2513885498047
2022-11-25,242.16334533691406
2022-11-28,236.55667114257812
2022-11-29,235.15745544433594
2022-11-30,249.648681640625
2022-12-01,249.20835876464844
2022-12-02,249.53128051757812
2022-12-05,244.81500244140625
2022-12-06,239.84434509277344
2022-12-07,239.11048889160156
2022-12-08,242.0752716064453
2022-12-09,240.1378936767578
2022-12-12,247.07530212402344
2022-12-13,251.39035034179688
2022-12-14,251.6839141845703
2022-12-15,243.65061950683594
2022-12-16,239.42361450195312
2022-12-19,235.2748565673828
2022-12-20,236.59579467773438
2022-12-21,239.16917419433594
2022-12-22,233.06350708007812
2022-12-23,233.59182739257812
2022-12-27,231.85997009277344
2022-12-28,229.48226928710938
2022-12-29,235.8228302001953
2022-12-30,234.65843200683594
2023-01-03,234.42359924316406
2023-01-04,224.16915893554688
2023-01-05,217.52529907226562
2023-01-06,220.08888244628906
2023-01-09,222.23175048828125
2023-01-10,223.92453002929688
2023-01-11,230.69557189941406
2023-01-12,233.3765869140625
2023-01-13,234.08108520507812
2023-01-17,235.17698669433594
2023-01-18,230.7347412109375
2023-01-19,226.93821716308594
2023-01-20,235.0498046875
2023-01-23,237.3590087890625
2023-01-24,236.83062744140625
2023-01-25,235.43142700195312
2023-01-26,242.662353515625
2023-01-27,242.8189239501953
2023-01-30,237.48622131347656
2023-01-31,242.4764404296875
2023-02-01,247.3101043701172
2023-02-02,258.90509033203125
2023-02-03,252.78956604003906
2023-02-06,251.2436065673828
2023-02-07,261.8013916015625
2023-02-08,260.9892578125
2023-02-09,257.9461669921875
2023-02-10,257.4373474121094
2023-02-13,265.48040771484375
2023-02-14,266.3121032714844
2023-02-15,264.18353271484375
2023-02-16,257.1502685546875
2023-02-17,253.1382598876953
2023-02-21,247.85108947753906
2023-02-22,246.71322631835938
2023-02-23,249.91102600097656
2023-02-24,244.4668731689453
2023-02-27,245.38894653320312
2023-02-28,244.6630859375
2023-03-01,241.57313537597656
2023-03-02,246.32086181640625
2023-03-03,250.42112731933594
2023-03-06,251.97097778320312
2023-03-07,249.30287170410156
2023-03-08,248.86143493652344
2023-03-09,247.50778198242188
2023-03-10,243.848876953125
2023-03-13,249.07723999023438
2023-03-14,255.8162078857422
2023-03-15,260.3775634765625
2023-03-16,270.9324035644531
2023-03-17,274.1007080078125
2023-03-20,267.0380859375
2023-03-21,268.5585021972656
2023-03-22,267.0968933105469
2023-03-23,272.3644714355469
2023-03-24,275.2190246582031
2023-03-27,271.1089172363281
2023-03-28,269.9808044433594
2023-03-29,275.16009521484375
2023-03-30,278.6325988769531
2023-03-31,282.801513671875
2023-04-03,281.7519836425781
2023-04-04,281.702880859375
2023-04-05,278.9171142578125
2023-04-06,286.03863525390625
2023-04-10,283.8708190917969
2023-04-11,277.4358215332031
2023-04-12,278.0832824707031
2023-04-13,284.31219482421875
2023-04-14,280.6827697753906
2023-04-17,283.2919921875
2023-04-18,282.8702392578125
2023-04-19,282.9486999511719
2023-04-20,280.6532897949219
2023-04-21,280.30999755859375
2023-04-24,276.39605712890625
2023-04-25,270.1672668457031
2023-04-26,289.7367248535156
2023-04-27,299.0162658691406
2023-04-28,301.3999328613281
2023-05-01,299.7323913574219
2023-05-02,299.5851745605469
2023-05-03,298.594482421875
2023-05-04,299.5851745605469
2023-05-05,304.7253112792969
2023-05-08,302.7634582519531
2023-05-09,301.1448669433594
2023-05-10,306.3536376953125
2023-05-11,304.19561767578125
2023-05-12,303.0773620605469
2023-05-15,303.55804443359375
2023-05-16,305.7944641113281
2023-05-17,308.68475341796875
2023-05-18,313.12823486328125
2023-05-19,312.9512634277344
2023-05-22,315.74322509765625
2023-05-23,309.9234313964844
2023-05-24,308.53729248046875
2023-05-25,320.4029541015625
2023-05-26,327.2550048828125
2023-05-30,325.6034240722656
2023-05-31,322.8311767578125
2023-06-01,326.9501953125
2023-06-02,329.72247314453125
2023-06-05,330.25335693359375
2023-06-06,328.0315856933594
2023-06-07,317.906005859375
2023-06-08,319.754150390625
2023-06-09,321.25823974609375
2023-06-12,326.2325744628906
2023-06-13,328.6312561035156
2023-06-14,331.629638671875
2023-06-15,342.20751953125
2023-06-16,336.53515625
2023-06-20,332.32763671875
2023-06-21,327.91363525390625
2023-06-22,333.95953369140625
2023-06-23,329.348876953125
2023-06-26,323.03759765625
2023-06-27,328.90655517578125
2023-06-28,330.16485595703125
2023-06-29,329.3783874511719
2023-06-30,334.7755126953125
2023-07-03,332.2686462402344
2023-07-05,332.4259338378906
2023-07-06,335.49310302734375
2023-07-07,331.5116882324219
2023-07-10,326.212890625
2023-07-11,326.8420715332031
2023-07-12,331.4920349121094
2023-07-13,336.8595886230469
2023-07-14,339.3959655761719
2023-07-17,339.8776550292969
2023-07-18,353.4046630859375
2023-07-19,349.0693359375
2023-07-20,340.9983825683594
2023-07-21,337.9508056640625
2023-07-24,339.2680969238281
2023-07-25,345.03875732421875
2023-07-26,332.0523376464844
2023-07-27,325.1216735839844
2023-07-28,332.6421813964844
2023-07-31,330.2336730957031
2023-08-01,330.6466064453125
2023-08-02,321.95623779296875
2023-08-03,321.13043212890625
2023-08-04,322.2314453125
2023-08-07,324.5220031738281
2023-08-08,320.5307312011719
2023-08-09,316.7754211425781
2023-08-10,317.46356201171875
2023-08-11,315.5760803222656
2023-08-14,318.5548095703125
2023-08-15,316.4116516113281
2023-08-16,315.6432800292969
2023-08-17,312.1755676269531
2023-08-18,311.781494140625
2023-08-21,317.1013488769531
2023-08-22,317.67266845703125
2023-08-23,322.145263671875
2023-08-24,315.21966552734375
2023-08-25,318.1849670410156
2023-08-28,318.894287109375
2023-08-29,323.5343322753906
2023-08-30,323.9087219238281
2023-08-31,322.89398193359375
2023-09-01,323.7806701660156
2023-09-05,328.5980224609375
2023-09-06,327.93798828125
2023-09-07,325.0120849609375
2023-09-08,329.307373046875
2023-09-11,332.9228515625
2023-09-12,326.8444519042969
2023-09-13,331.0707702636719
2023-09-14,333.671630859375
2023-09-15,325.3175354003906
2023-09-18,324.1747131347656
2023-09-19,323.770751953125
2023-09-20,316.00775146484375
2023-09-21,314.78619384765625
2023-09-22,312.3036193847656
2023-09-25,312.82574462890625
2023-09-26,307.5058898925781
2023-09-27,308.1462707519531
2023-09-28,308.9836730957031
2023-09-29,311.06231689453125
2023-10-02,317.0224609375
2023-10-03,308.7373962402344
2023-10-04,314.224609375
2023-10-05,314.6186828613281
2023-10-06,322.4014587402344
2023-10-09,324.92340087890625
2023-10-10,323.5146484375
2023-10-11,327.48486328125
2023-10-12,326.2435607910156
2023-10-13,322.8644714355469
2023-10-16,327.70159912109375
2023-10-17,327.1301574707031
2023-10-18,325.2091064453125
2023-10-19,326.4011535644531
2023-10-20,321.8202209472656
2023-10-23,324.4308776855469
2023-10-24,325.62286376953125
2023-10-25,335.61236572265625
2023-10-26,323.0220947265625
2023-10-27,324.91357421875
2023-10-30,332.3022155761719
2023-10-31,333.0903015136719
2023-11-01,340.93218994140625
2023-11-02,343.14874267578125
2023-11-03,347.5622253417969
2023-11-06,351.23687744140625
2023-11-07,355.177490234375
2023-11-08,357.807861328125
2023-11-09,355.3351135253906
2023-11-10,364.18182373046875
2023-11-13,361.2362365722656
2023-11-14,364.7729187011719
2023-11-15,364.9209899902344
2023-11-16,371.33746337890625
2023-11-17,365.0986633300781
2023-11-20,372.5911865234375
2023-11-21,368.2773132324219
2023-11-22,372.9958801269531
2023-11-24,372.5812683105469
2023-11-27,373.7461242675781
2023-11-28,377.7835693359375
2023-11-29,373.9830627441406
2023-11-30,374.042236328125
2023-12-01,369.6988220214844
2023-12-04,364.39776611328125
2023-12-05,367.734375
2023-12-06,364.0621337890625
2023-12-07,366.1845397949219
2023-12-08,369.42236328125
2023-12-11,366.530029296875
2023-12-12,369.5704040527344
2023-12-13,369.56060791015625
2023-12-14,361.2290344238281
2023-12-15,365.9674072265625
2023-12-18,367.8626403808594
2023-12-19,368.46484375
2023-12-20,365.8587341308594
2023-12-21,368.74127197265625
2023-12-22,369.76788330078125
2023-12-26,369.84686279296875
2023-12-27,369.26446533203125
2023-12-28,370.4588928222656
2023-12-29,371.2091064453125
2024-01-02,366.10552978515625
2024-01-03,365.8389892578125
2024-01-04,363.2132263183594
2024-01-05,363.0256042480469
2024-01-08,369.8764953613281
2024-01-09,370.9623718261719
2024-01-10,377.8526611328125
2024-01-11,379.68878173828125
2024-01-12,383.47943115234375
2024-01-16,385.2563171386719
2024-01-17,384.4665832519531
2024-01-18,388.81005859375
2024-01-19,393.5483703613281
2024-01-22,391.41619873046875
2024-01-23,393.7754821777344
2024-01-24,397.3884582519531
2024-01-25,399.66876220703125
2024-01-26,398.7408142089844
2024-01-29,404.4564208984375
2024-01-30,403.3409729003906
2024-01-31,392.472412109375
2024-02-01,398.5927734375
2024-02-02,405.93719482421875
2024-02-05,400.4387512207031
2024-02-06,400.28076171875
2024-02-07,408.7308349609375
2024-02-08,408.7900695800781
2024-02-09,415.1473388671875
2024-02-12,409.92529296875
2024-02-13,401.10015869140625
2024-02-14,404.9769592285156
2024-02-15,402.0792541503906
2024-02-16,399.6067810058594
2024-02-20,398.3507385253906
2024-02-21,397.74749755859375
2024-02-22,407.11309814453125
2024-02-23,405.81756591796875
2024-02-26,403.04840087890625
2024-02-27,402.98907470703125
2024-02-28,403.2264404296875
2024-02-29,409.08123779296875
2024-03-01,410.9206848144531
2024-03-04,410.3470764160156
2024-03-05,398.2122802734375
2024-03-06,397.6584777832031
2024-03-07,404.63079833984375
2024-03-08,401.7430114746094
2024-03-11,400.0616760253906
2024-03-12,410.703125
2024-03-13,410.5251159667969
2024-03-14,420.5335388183594
2024-03-15,411.83056640625
2024-03-18,412.72064208984375
2024-03-19,416.76556396484375
2024-03-20,420.54351806640625
2024-03-21,424.6378479003906
2024-03-22,424.0147705078125
2024-03-25,418.1995544433594
2024-03-26,417.0028991699219
2024-03-27,416.7853088378906
2024-03-28,416.08319091796875
2024-04-01,419.8907470703125
2024-04-02,416.79522705078125
2024-04-03,415.816162109375
2024-04-04,413.27447509765625
2024-04-05,420.83026123046875
2024-04-08,419.9104919433594
2024-04-09,421.58184814453125
2024-04-10,418.5951232910156
2024-04-11,423.21368408203125
2024-04-12,417.2501525878906
2024-04-15,409.08123779296875
2024-04-16,410.01080322265625
2024-04-17,407.3009948730469
2024-04-18,399.814453125
2024-04-19,394.7212219238281
2024-04-22,396.5409240722656
2024-04-23,403.0780944824219
2024-04-24,404.5516662597656
2024-04-25,394.64208984375
2024-04-26,401.8418884277344
2024-04-29,397.8167419433594
2024-04-30,385.0390930175781
2024-05-01,390.5872497558594
2024-05-02,393.4552917480469
2024-05-03,402.1781311035156
2024-05-06,408.9823303222656
2024-05-07,404.8285827636719
2024-05-08,406.0153503417969
2024-05-09,407.7757568359375
2024-05-10,410.1690673828125
2024-05-13,409.1602783203125
2024-05-14,411.9690246582031
2024-05-15,419.1718444824219
2024-05-16,417.10113525390625
2024-05-17,416.328369140625
2024-05-20,421.4109802246094
2024-05-21,425.0768127441406
2024-05-22,426.5431213378906
2024-05-23,423.0556335449219
2024-05-24,426.18646240234375
2024-05-28,426.3450012207031
2024-05-29,425.2056579589844
2024-05-30,410.8395690917969
2024-05-31,411.2953186035156
2024-06-03,409.7001647949219
2024-06-04,412.22662353515625
2024-06-05,420.09326171875
2024-06-06,420.5985412597656
2024-06-07,419.93475341796875
2024-06-10,423.9175720214844
2024-06-11,428.6831970214844
2024-06-12,436.98577880859375
2024-06-13,437.5009460449219
2024-06-14,438.4818115234375
2024-06-17,444.2282409667969
2024-06-18,442.21697998046875
2024-06-20,441.58294677734375
2024-06-21,445.6252136230469
2024-06-24,443.5347595214844
2024-06-25,446.784423828125
2024-06-26,447.9832763671875
2024-06-27,448.6668701171875
2024-06-28,442.82135009765625
2024-07-01,452.51104736328125
2024-07-02,455.0374450683594
2024-07-03,456.513671875
2024-07-05,463.240966796875
2024-07-08,461.9331970214844
2024-07-09,455.2950744628906
2024-07-10,461.94305419921875
2024-07-11,450.49981689453125
2024-07-12,449.3603820800781
2024-07-15,449.7666015625
2024-07-16,445.3675842285156
2024-07-17,439.42303466796875
2024-07-18,436.3021545410156
2024-07-19,433.0722351074219
2024-07-22,438.848388671875
2024-07-23,440.7407531738281
2024-07-24,424.9381103515625
2024-07-25,414.5351257324219
2024-07-26,421.34161376953125
2024-07-29,422.78814697265625
2024-07-30,419.0133972167969
2024-07-31,414.4855651855469
2024-08-01,413.2569885253906
2024-08-02,404.7166442871094
2024-08-05,391.4998474121094
2024-08-06,395.9186706542969
2024-08-07,394.7495422363281
2024-08-08,398.97021484375
2024-08-09,402.2694396972656
2024-08-12,403.0521545410156
2024-08-13,410.1856689453125
2024-08-14,413.00933837890625
2024-08-15,417.8926086425781
2024-08-16,415.35174560546875
2024-08-19,418.3889465332031
2024-08-20,421.63458251953125
2024-08-21,420.9794921875
2024-08-22,412.4534606933594
2024-08-23,413.6842346191406
2024-08-26,410.4088439941406
2024-08-27,410.7562255859375
2024-08-28,407.54034423828125
2024-08-29,410.0415954589844
2024-08-30,414.03167724609375
2024-09-03,406.3890380859375
2024-09-04,405.8530578613281
2024-09-05,405.34686279296875
2024-09-06,398.70672607421875
2024-09-09,402.6967468261719
2024-09-10,411.11358642578125
2024-09-11,419.8876953125
2024-09-12,423.81817626953125
2024-09-13,427.3814392089844
2024-09-16,428.1258239746094
2024-09-17,431.9074401855469
2024-09-18,427.5997619628906
2024-09-19,435.42108154296875
2024-09-20,432.0265197753906
2024-09-23,430.2796630859375
2024-09-24,425.9720153808594
2024-09-25,428.89007568359375
2024-09-26,428.09600830078125
2024-09-27,424.8305358886719
2024-09-30,427.0935974121094
2024-10-01,417.55523681640625
2024-10-02,414.021728515625
2024-10-03,413.4361267089844
2024-10-04,412.959716796875
2024-10-07,406.48828125
2024-10-08,411.6197509765625
2024-10-09,414.3492431640625
2024-10-10,412.7413024902344
2024-10-11,413.2177734375
2024-10-14,416.0167541503906
2024-10-15,415.61968994140625
2024-10-16,413.01922607421875
2024-10-17,413.6147766113281
2024-10-18,415.0440368652344
2024-10-21,415.659423828125
2024-10-22,424.32440185546875
2024-10-23,421.4360656738281
2024-10-24,421.5650939941406
2024-10-25,424.9595642089844
2024-10-28,423.41119384765625
2024-10-29,428.7313232421875
2024-10-30,429.3069763183594
2024-10-31,403.3220520019531
2024-11-01,407.31207275390625
2024-11-04,405.41632080078125
2024-11-05,408.3939514160156
2024-11-06,417.0489807128906
2024-11-07,422.2598571777344
2024-11-08,419.39141845703125
2024-11-11,414.8951721191406
2024-11-12,419.87774658203125
2024-11-13,422.0315856933594
2024-11-14,423.7090148925781
2024-11-15,411.9075927734375
2024-11-18,412.66192626953125
2024-11-19,414.67681884765625
2024-11-20,412.3939208984375
2024-11-21,410.6137390136719
2024-11-22,414.7211608886719
2024-11-25,416.5013732910156
2024-11-26,425.6510925292969
2024-11-27,420.67840576171875
2024-11-29,421.1458435058594
2024-12-02,428.624755859375
2024-12-03,428.84356689453125
2024-12-04,435.0295715332031
2024-12-05,440.2011413574219
2024-12-06,441.1459655761719
2024-12-09,443.58251953125
2024-12-10,440.9072570800781
2024-12-11,446.5363464355469
2024-12-12,447.1032409667969
2024-12-13,444.82574462890625
2024-12-16,449.12213134765625
2024-12-17,451.9764099121094
2024-12-18,434.9997253417969
2024-12-19,434.6416931152344
2024-12-20,434.21405029296875
2024-12-23,432.8714599609375
2024-12-24,436.9291076660156
2024-12-26,435.7157897949219
2024-12-27,428.1772155761719
2024-12-30,422.50836181640625
2024-12-31,419.1965637207031
2025-01-02,416.2925109863281
2025-01-03,421.0364990234375
2025-01-06,425.5118713378906
2025-01-07,420.0617980957031
2025-01-08,422.23980712890625
2025-01-10,416.6605224609375
2025-01-13,414.9101257324219
2025-01-14,413.3984375
2025-01-15,423.98028564453125
2025-01-16,422.25970458984375
2025-01-17,426.6854248046875
2025-01-21,426.1583251953125
2025-01-22,443.7616271972656
2025-01-23,444.2687683105469
2025-01-24,441.63330078125
2025-01-27,432.1852111816406
2025-01-28,444.7561340332031
2025-01-29,439.9127197265625
2025-01-30,412.7221374511719
2025-01-31,412.791748046875
2025-02-03,408.67437744140625
2025-02-04,410.116455078125
2025-02-05,411.0314636230469
2025-02-06,413.5475769042969
2025-02-07,407.5107727050781
2025-02-10,409.96728515625
2025-02-11,409.1915283203125
2025-02-12,406.8046569824219
2025-02-13,408.29644775390625
2025-02-14,406.1979675292969
2025-02-18,407.4013977050781
2025-02-19,412.5033264160156
2025-02-20,414.6857604980469
2025-02-21,406.793212890625
2025-02-24,402.59783935546875
2025-02-25,396.5190124511719
2025-02-26,398.3426818847656
2025-02-27,391.1676330566406
2025-02-28,395.6121520996094
2025-03-03,387.14166259765625
2025-03-04,387.26123046875
2025-03-05,399.628173828125
2025-03-06,395.5125427246094
2025-03-07,391.9449462890625
2025-03-10,378.840576171875
2025-03-11,379.1296081542969
2025-03-12,381.9397888183594
2025-03-13,377.45538330078125
2025-03-14,387.21142578125
2025-03-17,387.3509521484375
2025-03-18,382.1889343261719
2025-03-19,386.4739990234375
2025-03-20,385.4974060058594
2025-03-21,389.9020690917969
2025-03-24,391.7157287597656
2025-03-25,393.7885437011719
2025-03-26,388.6165466308594
2025-03-27,389.2243957519531
2025-03-28,377.48529052734375
2025-03-31,374.087158203125
2025-04-01,380.863525390625
2025-04-02,380.813720703125
2025-04-03,371.8150329589844
2025-04-04,358.5910949707031
2025-04-07,356.61798095703125
2025-04-08,353.3294372558594
2025-04-09,389.1347351074219
2025-04-10,380.0264587402344
2025-04-11,387.101806640625
2025-04-14,386.4640197753906
2025-04-15,384.3912658691406
2025-04-16,370.32025146484375
2025-04-17,366.5035400390625
2025-04-21,357.87359619140625
2025-04-22,365.5469055175781
2025-04-23,373.09063720703125
2025-04-24,385.9557800292969
2025-04-25,390.4900207519531
2025-04-28,389.80242919921875
2025-04-29,392.67242431640625
2025-04-30,393.88818359375
2025-05-01,423.9235534667969
2025-05-02,433.769287109375
2025-05-05,434.65618896484375
2025-05-06,431.8061218261719
2025-05-07,431.8459777832031
2025-05-08,436.6492614746094
2025-05-09,437.2073059082031
2025-05-12,447.7007751464844
2025-05-13,447.5812072753906
2025-05-14,451.36798095703125
2025-05-15,452.3863220214844
2025-05-16,453.5244445800781
2025-05-19,458.11688232421875
2025-05-20,457.4180603027344
2025-05-21,451.8272399902344
2025-05-22,454.11346435546875
2025-05-23,449.441162109375
2025-05-27,459.93389892578125
2025-05-28,456.609375
2025-05-29,457.9272155761719
2025-05-30,459.60443115234375
2025-06-02,461.2118225097656
2025-06-03,462.2101745605469
2025-06-04,463.1086730957031
2025-06-05,466.91241455078125
2025-06-06,469.6080017089844
2025-06-09,471.97412109375
2025-06-10,470.1471252441406
2025-06-11,471.8443298339844
2025-06-12,478.0840759277344
2025-06-13,474.18048095703125
2025-06-16,478.3536376953125
2025-06-17,477.25543212890625
2025-06-18,479.4518127441406
2025-06-20,476.6164855957031
2025-06-23,485.2023620605469
2025-06-24,489.30560302734375
2025-06-25,491.4620666503906
2025-06-26,496.6335754394531
2025-06-27,495.1260681152344
2025-06-30,496.5936584472656
2025-07-01,491.242431640625
2025-07-02,490.2840270996094
2025-07-03,498.02130126953125
2025-07-07,496.90313720703125
2025-07-08,495.804931640625
2025-07-09,502.68365478515625
2025-07-10,500.656982421875
2025-07-11,502.49395751953125
2025-07-14,502.1944274902344
2025-07-15,504.9898376464844
2025-07-16,504.7901611328125
2025-07-17,510.8601989746094
2025-07-18,509.212890625
2025-07-21,509.2228698730469
2025-07-22,504.44073486328125
2025-07-23,505.0397644042969
2025-07-24,510.0415344238281
2025-07-25,512.866943359375
2025-07-28,511.65887451171875
2025-07-29,511.728759765625
2025-07-30,512.3976440429688
2025-07-31,532.6243896484375
2025-08-01,523.2498168945312
2025-08-04,534.7609252929688
2025-08-05,526.8838500976562
2025-08-06,524.0784912109375
2025-08-07,519.9852294921875
2025-08-08,521.1832275390625
2025-08-11,520.9136962890625
2025-08-12,528.3713989257812
2025-08-13,519.7256469726562
2025-08-14,521.6224975585938
2025-08-15,519.3162841796875
2025-08-18,516.2512817382812
2025-08-19,508.933349609375
2025-08-20,504.8900146484375
2025-08-21,504.239990234375
2025-08-22,507.2300109863281
2025-08-25,504.260009765625
2025-08-26,502.0400085449219
2025-08-27,506.739990234375
2025-08-28,509.6400146484375
2025-08-29,506.69000244140625
2025-09-02,505.1199951171875
2025-09-03,505.3500061035156
2025-09-04,507.9700012207031
2025-09-05,495.0
2025-09-08,498.20001220703125
2025-09-09,498.4100036621094
2025-09-10,500.3699951171875
2025-09-11,501.010009765625
2025-09-12,509.8999938964844
2025-09-15,515.3599853515625
2025-09-16,509.0400085449219
2025-09-17,510.0199890136719
2025-09-18,508.45001220703125
2025-09-19,517.9299926757812
2025-09-22,514.4500122070312
2025-09-23,509.2300109863281
2025-09-24,510.1499938964844
2025-09-25,507.0299987792969
2025-09-26,511.4599914550781
2025-09-29,514.5999755859375
2025-09-30,517.9500122070312
2025-10-01,519.7100219726562
2025-10-02,515.739990234375
2025-10-03,517.3499755859375
2025-10-06,528.5700073242188
2025-10-07,523.97998046875
2025-10-08,524.8499755859375
2025-10-09,522.4000244140625
2025-10-10,510.9599914550781
2025-10-13,514.0499877929688
2025-10-14,513.5700073242188
2025-10-15,513.4299926757812
2025-10-16,511.6099853515625
2025-10-17,513.5800170898438
2025-10-20,516.7899780273438
2025-10-21,517.6599731445312
2025-10-22,520.5399780273438
2025-10-23,520.5599975585938
2025-10-24,523.6099853515625
2025-10-27,531.52001953125
2025-10-28,542.0700073242188
2025-10-29,539.1500244140625
