date,PFE
2020-01-02,28.447664260864258
2020-01-03,28.2950382232666
2020-01-06,28.258695602416992
2020-01-07,28.16420555114746
2020-01-08,28.389516830444336
2020-01-09,28.265958786010742
2020-01-10,28.702049255371094
2020-01-13,28.643901824951172
2020-01-14,29.12360382080078
2020-01-15,29.55970001220703
2020-01-16,29.516084671020508
2020-01-17,29.44340705871582
2020-01-21,29.319849014282227
2020-01-22,29.21082305908203
2020-01-23,29.58876609802246
2020-01-24,28.941892623901367
2020-01-27,29.18901824951172
2020-01-28,27.72084617614746
2020-01-29,27.313823699951172
2020-01-30,27.218379974365234
2020-01-31,27.343196868896484
2020-02-03,27.541446685791016
2020-02-04,27.673608779907227
2020-02-05,28.026042938232422
2020-02-06,28.092126846313477
2020-02-07,27.937938690185547
2020-02-10,27.76171875
2020-02-11,27.967300415039062
2020-02-12,27.710315704345703
2020-02-13,27.115585327148438
2020-02-14,26.80720329284668
2020-02-18,26.667695999145508
2020-02-19,26.601619720458984
2020-02-20,26.322601318359375
2020-02-21,26.227144241333008
2020-02-24,25.456193923950195
2020-02-25,24.912851333618164
2020-02-26,25.492908477783203
2020-02-27,25.037677764892578
2020-02-28,24.538393020629883
2020-03-02,25.610389709472656
2020-03-03,25.184524536132812
2020-03-04,26.726430892944336
2020-03-05,26.0362491607666
2020-03-06,25.713180541992188
2020-03-09,24.78803253173828
2020-03-10,25.39745330810547
2020-03-11,23.62058448791504
2020-03-12,22.041961669921875
2020-03-13,24.017078399658203
2020-03-16,22.15944480895996
2020-03-17,23.613245010375977
2020-03-18,23.760089874267578
2020-03-19,22.335660934448242
2020-03-20,21.300382614135742
2020-03-23,20.918577194213867
2020-03-24,21.8070068359375
2020-03-25,21.84371566772461
2020-03-26,23.312206268310547
2020-03-27,22.688098907470703
2020-03-30,23.98771095275879
2020-03-31,23.965679168701172
2020-04-01,23.312206268310547
2020-04-02,24.134553909301758
2020-04-03,24.699922561645508
2020-04-06,25.38277244567871
2020-04-07,24.67789649963379
2020-04-08,25.40479850769043
2020-04-09,25.984848022460938
2020-04-13,25.80129051208496
2020-04-14,26.75580596923828
2020-04-15,26.41071319580078
2020-04-16,26.344619750976562
2020-04-17,27.10089683532715
2020-04-20,26.49147605895996
2020-04-21,26.153724670410156
2020-04-22,26.61629295349121
2020-04-23,26.939361572265625
2020-04-24,27.445999145507812
2020-04-27,28.143524169921875
2020-04-28,27.83513832092285
2020-04-29,27.989328384399414
2020-04-30,28.165546417236328
2020-05-01,27.63689613342285
2020-05-04,27.62221336364746
2020-05-05,28.27568244934082
2020-05-06,28.27568244934082
2020-05-07,27.40806007385254
2020-05-08,27.600862503051758
2020-05-11,28.253437042236328
2020-05-12,27.704679489135742
2020-05-13,27.47479820251465
2020-05-14,28.119958877563477
2020-05-15,28.001310348510742
2020-05-18,28.23118782043457
2020-05-19,27.941986083984375
2020-05-20,27.904909133911133
2020-05-21,27.63052749633789
2020-05-22,27.808500289916992
2020-05-26,27.80109214782715
2020-05-27,27.741762161254883
2020-05-28,28.312768936157227
2020-05-29,28.320178985595703
2020-06-01,26.29572296142578
2020-06-02,26.814807891845703
2020-06-03,26.814807891845703
2020-06-04,26.703575134277344
2020-06-05,26.688745498657227
2020-06-08,27.133686065673828
2020-06-09,26.851890563964844
2020-06-10,26.636838912963867
2020-06-11,24.69394874572754
2020-06-12,25.027652740478516
2020-06-15,24.73844337463379
2020-06-16,24.768104553222656
2020-06-17,24.886754989624023
2020-06-18,24.64945411682129
2020-06-19,24.782939910888672
2020-06-22,24.553054809570312
2020-06-23,24.300922393798828
2020-06-24,23.870820999145508
2020-06-25,23.96722412109375
2020-06-26,23.75958251953125
2020-06-29,24.20452117919922
2020-06-30,24.249013900756836
2020-07-01,25.020240783691406
2020-07-02,25.59123420715332
2020-07-06,25.59123420715332
2020-07-07,25.23529052734375
2020-07-08,25.027652740478516
2020-07-09,24.812597274780273
2020-07-10,25.086977005004883
2020-07-13,26.11032485961914
2020-07-14,26.12516212463379
2020-07-15,26.488521575927734
2020-07-16,26.399538040161133
2020-07-17,26.881549835205078
2020-07-20,27.066946029663086
2020-07-21,27.207834243774414
2020-07-22,28.59455680847168
2020-07-23,28.483320236206055
2020-07-24,27.927148818969727
2020-07-27,27.838172912597656
2020-07-28,28.935672760009766
2020-07-29,29.113649368286133
2020-07-30,29.00881004333496
2020-07-31,28.81412124633789
2020-08-03,28.71677589416504
2020-08-04,28.74673080444336
2020-08-05,28.79166603088379
2020-08-06,28.656877517700195
2020-08-07,28.79166603088379
2020-08-10,28.74673080444336
2020-08-11,28.297447204589844
2020-08-12,28.701805114746094
2020-08-13,28.581993103027344
2020-08-14,28.4996280670166
2020-08-17,28.71677589416504
2020-08-18,28.724267959594727
2020-08-19,28.64938735961914
2020-08-20,28.993850708007812
2020-08-21,29.1136531829834
2020-08-24,29.083694458007812
2020-08-25,28.761707305908203
2020-08-26,28.492143630981445
2020-08-27,28.349863052368164
2020-08-28,28.387304306030273
2020-08-31,28.297447204589844
2020-09-01,27.616031646728516
2020-09-02,27.855655670166016
2020-09-03,27.256603240966797
2020-09-04,27.226654052734375
2020-09-08,26.9046630859375
2020-09-09,27.09187126159668
2020-09-10,26.695003509521484
2020-09-11,27.009496688842773
2020-09-14,27.713380813598633
2020-09-15,27.67593765258789
2020-09-16,27.5411434173584
2020-09-17,27.57110595703125
2020-09-18,27.4288330078125
2020-09-21,26.972057342529297
2020-09-22,27.1442813873291
2020-09-23,26.957080841064453
2020-09-24,26.777368545532227
2020-09-25,26.994525909423828
2020-09-28,27.249114990234375
2020-09-29,27.084381103515625
2020-09-30,27.481243133544922
2020-10-01,27.234142303466797
2020-10-02,27.241626739501953
2020-10-05,27.518695831298828
2020-10-06,27.084381103515625
2020-10-07,27.309019088745117
2020-10-08,27.623519897460938
2020-10-09,27.54863739013672
2020-10-12,27.57110595703125
2020-10-13,27.63100814819336
2020-10-14,27.601057052612305
2020-10-15,27.36892318725586
2020-10-16,28.41725730895996
2020-10-19,28.3049373626709
2020-10-20,28.07280921936035
2020-10-21,27.76579475402832
2020-10-22,28.027877807617188
2020-10-23,28.589487075805664
2020-10-26,28.394794464111328
2020-10-27,28.027877807617188
2020-10-28,26.545238494873047
2020-10-29,26.41793441772461
2020-10-30,26.567699432373047
2020-11-02,27.12931251525879
2020-11-03,27.09935760498047
2020-11-04,27.952999114990234
2020-11-05,27.529348373413086
2020-11-06,27.536914825439453
2020-11-09,29.65513801574707
2020-11-10,29.26175308227539
2020-11-11,29.125581741333008
2020-11-12,28.406896591186523
2020-11-13,29.21636199951172
2020-11-16,28.2404727935791
2020-11-17,28.736860275268555
2020-11-18,28.96012306213379
2020-11-19,28.856468200683594
2020-11-20,29.263120651245117
2020-11-23,29.119592666625977
2020-11-24,29.183382034301758
2020-11-25,29.127567291259766
2020-11-27,29.685714721679688
2020-11-30,30.54686737060547
2020-12-01,31.4239559173584
2020-12-02,32.53229522705078
2020-12-03,31.966175079345703
2020-12-04,32.16550827026367
2020-12-07,32.89110565185547
2020-12-08,33.93565368652344
2020-12-09,33.36952590942383
2020-12-10,33.27383041381836
2020-12-11,32.78744888305664
2020-12-14,31.264490127563477
2020-12-15,30.865808486938477
2020-12-16,30.1721134185791
2020-12-17,30.323606491088867
2020-12-18,30.04452896118164
2020-12-21,29.80532455444336
2020-12-22,29.295011520385742
2020-12-23,29.85315704345703
2020-12-24,29.71761703491211
2020-12-28,29.358800888061523
2020-12-29,29.54219627380371
2020-12-30,29.295011520385742
2020-12-31,29.350826263427734
2021-01-04,29.350826263427734
2021-01-05,29.65382194519043
2021-01-06,29.398672103881836
2021-01-07,29.550172805786133
2021-01-08,29.60597801208496
2021-01-11,30.116291046142578
2021-01-12,29.645849227905273
2021-01-13,29.39069938659668
2021-01-14,29.302982330322266
2021-01-15,29.263120651245117
2021-01-19,29.287038803100586
2021-01-20,29.10365104675293
2021-01-21,29.08769416809082
2021-01-22,29.143508911132812
2021-01-25,29.72559356689453
2021-01-26,29.749507904052734
2021-01-27,28.896329879760742
2021-01-28,28.90439224243164
2021-01-29,28.936634063720703
2021-02-01,28.85603141784668
2021-02-02,28.203144073486328
2021-02-03,28.082229614257812
2021-02-04,28.122539520263672
2021-02-05,28.146718978881836
2021-02-08,28.06611442565918
2021-02-09,28.18702507019043
2021-02-10,28.00163459777832
2021-02-11,27.751766204833984
2021-02-12,27.985515594482422
2021-02-16,27.961334228515625
2021-02-17,28.122539520263672
2021-02-18,27.85654640197754
2021-02-19,27.75981903076172
2021-02-22,27.614736557006836
2021-02-23,27.332622528076172
2021-02-24,27.20366096496582
2021-02-25,27.260080337524414
2021-02-26,26.994089126586914
2021-03-01,27.155298233032227
2021-03-02,27.010208129882812
2021-03-03,27.719526290893555
2021-03-04,27.566370010375977
2021-03-05,27.719526290893555
2021-03-08,27.687284469604492
2021-03-09,27.76788330078125
2021-03-10,28.154783248901367
2021-03-11,27.977455139160156
2021-03-12,28.162843704223633
2021-03-15,28.541675567626953
2021-03-16,28.88021469116211
2021-03-17,28.84796905517578
2021-03-18,28.831851959228516
2021-03-19,28.638404846191406
2021-03-22,29.01723289489746
2021-03-23,28.501375198364258
2021-03-24,28.702880859375
2021-03-25,28.751245498657227
2021-03-26,29.2187442779541
2021-03-29,29.51697540283203
2021-03-30,29.105905532836914
2021-03-31,29.20262908935547
2021-04-01,29.259050369262695
2021-04-05,29.242929458618164
2021-04-06,29.057537078857422
2021-04-07,28.94469451904297
2021-04-08,28.984989166259766
2021-04-09,29.5008544921875
2021-04-12,29.799091339111328
2021-04-13,29.952238082885742
2021-04-14,29.960294723510742
2021-04-15,30.30689811706543
2021-04-16,31.088747024536133
2021-04-19,31.3789119720459
2021-04-20,31.459524154663086
2021-04-21,31.862545013427734
2021-04-22,31.145158767700195
2021-04-23,31.161283493041992
2021-04-26,31.177410125732422
2021-04-27,30.992015838623047
2021-04-28,31.282197952270508
2021-04-29,31.112924575805664
2021-04-30,31.153230667114258
2021-05-03,32.104347229003906
2021-05-04,32.201072692871094
2021-05-05,32.217193603515625
2021-05-06,31.899742126464844
2021-05-07,32.217193603515625
2021-05-10,32.44511032104492
2021-05-11,32.02997589111328
2021-05-12,32.306732177734375
2021-05-13,32.64046096801758
2021-05-14,32.575347900390625
2021-05-17,32.648597717285156
2021-05-18,32.599761962890625
2021-05-19,32.42068862915039
2021-05-20,32.656742095947266
2021-05-21,32.518367767333984
2021-05-24,32.4044075012207
2021-05-25,32.013702392578125
2021-05-26,31.67996597290039
2021-05-27,31.460195541381836
2021-05-28,31.52531623840332
2021-06-01,31.338102340698242
2021-06-02,31.574155807495117
2021-06-03,31.720678329467773
2021-06-04,31.86719512939453
2021-06-07,31.736949920654297
2021-06-08,31.62298583984375
2021-06-09,32.4044075012207
2021-06-10,33.112571716308594
2021-06-11,32.6811637878418
2021-06-14,32.257896423339844
2021-06-15,32.2253303527832
2021-06-16,31.989282608032227
2021-06-17,32.13579559326172
2021-06-18,31.590435028076172
2021-06-21,32.08695602416992
2021-06-22,32.24161148071289
2021-06-23,31.785778045654297
2021-06-24,31.899742126464844
2021-06-25,31.728805541992188
2021-06-28,31.842769622802734
2021-06-29,31.82648277282715
2021-06-30,31.875320434570312
2021-07-01,32.2009162902832
2021-07-02,32.33929443359375
2021-07-06,31.981143951416016
2021-07-07,32.02997589111328
2021-07-08,31.948577880859375
2021-07-09,32.24161148071289
2021-07-12,32.363712310791016
2021-07-13,32.2741813659668
2021-07-14,32.518367767333984
2021-07-15,32.63232421875
2021-07-16,32.84395217895508
2021-07-19,32.6811637878418
2021-07-20,33.41374206542969
2021-07-21,33.389320373535156
2021-07-22,33.755615234375
2021-07-23,33.926551818847656
2021-07-26,34.03236389160156
2021-07-27,34.26841735839844
2021-07-28,35.367286682128906
2021-07-29,35.14552307128906
2021-07-30,35.16195297241211
2021-08-02,36.10649490356445
2021-08-03,37.519222259521484
2021-08-04,37.116756439208984
2021-08-05,37.009979248046875
2021-08-06,37.0181999206543
2021-08-09,37.765625
2021-08-10,39.580806732177734
2021-08-11,38.03666687011719
2021-08-12,38.800533294677734
2021-08-13,39.818992614746094
2021-08-16,40.172176361083984
2021-08-17,41.41241455078125
2021-08-18,40.50071716308594
2021-08-19,40.08182907104492
2021-08-20,40.01612091064453
2021-08-23,41.00994873046875
2021-08-24,39.73686218261719
2021-08-25,39.02228546142578
2021-08-26,38.9155158996582
2021-08-27,38.27485656738281
2021-08-30,38.40627670288086
2021-08-31,37.839542388916016
2021-09-01,37.81490707397461
2021-09-02,38.47197723388672
2021-09-03,38.47197723388672
2021-09-07,38.398067474365234
2021-09-08,38.2009391784668
2021-09-09,37.80669403076172
2021-09-10,37.44529724121094
2021-09-13,36.6157341003418
2021-09-14,36.722511291503906
2021-09-15,36.771785736083984
2021-09-16,36.525386810302734
2021-09-17,36.049007415771484
2021-09-20,36.303619384765625
2021-09-21,36.07364273071289
2021-09-22,36.09828567504883
2021-09-23,36.29540252685547
2021-09-24,36.09007263183594
2021-09-27,35.78616714477539
2021-09-28,35.350860595703125
2021-09-29,35.753318786621094
2021-09-30,35.32622146606445
2021-10-01,35.26051330566406
2021-10-04,34.84162902832031
2021-10-05,34.75948715209961
2021-10-06,34.51308059692383
2021-10-07,35.10445022583008
2021-10-08,34.86626434326172
2021-10-11,34.54594039916992
2021-10-12,34.37345504760742
2021-10-13,34.020267486572266
2021-10-14,34.22561264038086
2021-10-15,34.07777404785156
2021-10-18,33.93813705444336
2021-10-19,34.57057189941406
2021-10-20,35.15372848510742
2021-10-21,35.2030143737793
2021-10-22,35.44941711425781
2021-10-25,35.44120407104492
2021-10-26,35.7779541015625
2021-10-27,35.293365478515625
2021-10-28,35.46585464477539
2021-10-29,35.92580795288086
2021-11-01,35.84366989135742
2021-11-02,37.3303108215332
2021-11-03,36.8128662109375
2021-11-04,36.33229446411133
2021-11-05,40.27622985839844
2021-11-08,40.04423522949219
2021-11-09,39.190826416015625
2021-11-10,40.615943908691406
2021-11-11,41.57706832885742
2021-11-12,41.204219818115234
2021-11-15,41.137943267822266
2021-11-16,41.09649658203125
2021-11-17,42.148773193359375
2021-11-18,42.59619903564453
2021-11-19,42.09077835083008
2021-11-22,42.422203063964844
2021-11-23,42.32277297973633
2021-11-24,42.16534423828125
2021-11-26,44.742164611816406
2021-11-29,43.416473388671875
2021-11-30,44.51845169067383
2021-12-01,45.30558776855469
2021-12-02,43.946746826171875
2021-12-03,44.965877532958984
2021-12-06,42.65419387817383
2021-12-07,42.853050231933594
2021-12-08,42.58790969848633
2021-12-09,43.151336669921875
2021-12-10,43.731327056884766
2021-12-13,45.7364387512207
2021-12-14,46.01814270019531
2021-12-15,48.71924591064453
2021-12-16,50.74921417236328
2021-12-17,49.28266906738281
2021-12-20,50.55864334106445
2021-12-21,48.84353256225586
2021-12-22,49.34065628051758
2021-12-23,48.644683837890625
2021-12-27,49.0506706237793
2021-12-28,48.06468200683594
2021-12-29,47.70840835571289
2021-12-30,48.3878288269043
2021-12-31,48.926387786865234
2022-01-03,46.93785095214844
2022-01-04,45.18130111694336
2022-01-05,46.092716217041016
2022-01-06,45.43815612792969
2022-01-07,46.16728591918945
2022-01-10,46.59813690185547
2022-01-11,46.97098922729492
2022-01-12,46.93785095214844
2022-01-13,46.01814270019531
2022-01-14,45.529300689697266
2022-01-18,44.83330535888672
2022-01-19,44.36102294921875
2022-01-20,44.783592224121094
2022-01-21,43.7396125793457
2022-01-24,42.70391082763672
2022-01-25,43.532474517822266
2022-01-26,43.92189407348633
2022-01-27,44.5563850402832
2022-01-28,45.357845306396484
2022-01-31,43.98868179321289
2022-02-01,44.30592727661133
2022-02-02,44.96546173095703
2022-02-03,44.564735412597656
2022-02-04,44.24748229980469
2022-02-07,44.42280578613281
2022-02-08,43.162166595458984
2022-02-09,42.970157623291016
2022-02-10,42.24383544921875
2022-02-11,42.39409637451172
2022-02-14,41.57594299316406
2022-02-15,41.567596435546875
2022-02-16,41.475765228271484
2022-02-17,40.82456970214844
2022-02-18,40.51566696166992
2022-02-22,39.68082046508789
2022-02-23,39.12980651855469
2022-02-24,38.370079040527344
2022-02-25,39.83942794799805
2022-02-28,39.1882438659668
2022-03-01,38.19476318359375
2022-03-02,39.82273864746094
2022-03-03,39.93126678466797
2022-03-04,40.61585998535156
2022-03-07,40.05649948120117
2022-03-08,39.60567855834961
2022-03-09,40.699337005615234
2022-03-10,41.07502746582031
2022-03-11,41.96832275390625
2022-03-14,43.621341705322266
2022-03-15,43.587947845458984
2022-03-16,44.180702209472656
2022-03-17,45.28271484375
2022-03-18,45.508121490478516
2022-03-21,45.240970611572266
2022-03-22,44.28087615966797
2022-03-23,43.57124328613281
2022-03-24,43.90519332885742
2022-03-25,44.06382751464844
2022-03-28,44.48125076293945
2022-03-29,44.030426025390625
2022-03-30,43.779964447021484
2022-03-31,43.220619201660156
2022-04-01,43.05364227294922
2022-04-04,42.52767562866211
2022-04-05,42.77813720703125
2022-04-06,44.138954162597656
2022-04-07,46.050785064697266
2022-04-08,46.05912399291992
2022-04-11,45.02391052246094
2022-04-12,44.339317321777344
2022-04-13,44.330970764160156
2022-04-14,44.34767532348633
2022-04-18,43.27904510498047
2022-04-19,41.893184661865234
2022-04-20,41.5341911315918
2022-04-21,40.9998893737793
2022-04-22,40.181732177734375
2022-04-25,40.86630630493164
2022-04-26,40.93309783935547
2022-04-27,41.52585220336914
2022-04-28,42.16868591308594
2022-04-29,40.96649169921875
2022-05-02,40.3570442199707
2022-05-03,41.15016555786133
2022-05-04,41.45905685424805
2022-05-05,40.44888687133789
2022-05-06,40.94145584106445
2022-05-09,40.60750198364258
2022-05-10,41.317134857177734
2022-05-11,41.283748626708984
2022-05-12,42.41157531738281
2022-05-13,42.015987396240234
2022-05-16,42.64723587036133
2022-05-17,43.21115493774414
2022-05-18,42.419986724853516
2022-05-19,42.630401611328125
2022-05-20,44.1622428894043
2022-05-23,44.507328033447266
2022-05-24,44.95341491699219
2022-05-25,45.205902099609375
2022-05-26,45.44157409667969
2022-05-27,45.37424087524414
2022-05-31,44.64198684692383
2022-06-01,44.07807540893555
2022-06-02,44.33899688720703
2022-06-03,44.77665328979492
2022-06-06,44.82716369628906
2022-06-07,45.41632080078125
2022-06-08,45.003902435302734
2022-06-09,43.58148956298828
2022-06-10,42.058074951171875
2022-06-13,40.324241638183594
2022-06-14,40.3326530456543
2022-06-15,40.82923889160156
2022-06-16,39.962318420410156
2022-06-17,39.16273880004883
2022-06-21,40.492576599121094
2022-06-22,41.300575256347656
2022-06-23,42.15907287597656
2022-06-24,43.421573638916016
2022-06-27,43.66566467285156
2022-06-28,42.63882827758789
2022-06-29,42.874488830566406
2022-06-30,44.128578186035156
2022-07-01,44.02757263183594
2022-07-05,43.463653564453125
2022-07-06,44.39790725708008
2022-07-07,44.961822509765625
2022-07-08,44.75141143798828
2022-07-11,44.515743255615234
2022-07-12,43.800323486328125
2022-07-13,43.589908599853516
2022-07-14,43.253238677978516
2022-07-15,43.556243896484375
2022-07-18,42.71457290649414
2022-07-19,43.236412048339844
2022-07-20,42.77349090576172
2022-07-21,43.02599334716797
2022-07-22,43.11857986450195
2022-07-25,43.573081970214844
2022-07-26,44.0191535949707
2022-07-27,43.72457504272461
2022-07-28,43.020572662353516
2022-07-29,42.84244918823242
2022-08-01,42.927276611328125
2022-08-02,42.146934509277344
2022-08-03,42.29111862182617
2022-08-04,42.29111862182617
2022-08-05,41.79068374633789
2022-08-08,42.045143127441406
2022-08-09,42.22325897216797
2022-08-10,42.36745834350586
2022-08-11,40.95945358276367
2022-08-12,42.503170013427734
2022-08-15,42.197818756103516
2022-08-16,42.29111862182617
2022-08-17,41.79068374633789
2022-08-18,41.20542907714844
2022-08-19,41.688907623291016
2022-08-22,41.47685623168945
2022-08-23,40.721954345703125
2022-08-24,40.22999954223633
2022-08-25,40.62865447998047
2022-08-26,39.71260070800781
2022-08-29,39.21216583251953
2022-08-30,38.88985061645508
2022-08-31,38.36396408081055
2022-09-01,39.55144500732422
2022-09-02,38.762630462646484
2022-09-06,38.813507080078125
2022-09-07,39.12734603881836
2022-09-08,39.933128356933594
2022-09-09,40.577762603759766
2022-09-12,40.509910583496094
2022-09-13,39.1782341003418
2022-09-14,39.144309997558594
2022-09-15,38.9661865234375
2022-09-16,39.04252243041992
2022-09-19,38.54209518432617
2022-09-20,37.973793029785156
2022-09-21,37.25283432006836
2022-09-22,37.80415344238281
2022-09-23,37.38854217529297
2022-09-26,37.17649841308594
2022-09-27,37.39702224731445
2022-09-28,37.6854133605957
2022-09-29,37.45639419555664
2022-09-30,37.11711883544922
2022-10-03,37.439430236816406
2022-10-04,37.710853576660156
2022-10-05,37.42247009277344
2022-10-06,36.54882049560547
2022-10-07,35.89570999145508
2022-10-10,35.41223907470703
2022-10-11,35.55643081665039
2022-10-12,35.64973068237305
2022-10-13,36.45552062988281
2022-10-14,36.35374450683594
2022-10-17,37.02382278442383
2022-10-18,37.39702224731445
2022-10-19,36.56578826904297
2022-10-20,36.396148681640625
2022-10-21,38.12648010253906
2022-10-24,38.62691116333008
2022-10-25,38.6693229675293
2022-10-26,39.06797409057617
2022-10-27,38.79655075073242
2022-10-28,40.22999954223633
2022-10-31,39.483585357666016
2022-11-01,40.721954345703125
2022-11-02,39.924652099609375
2022-11-03,39.839107513427734
2022-11-04,40.395164489746094
2022-11-07,40.2839469909668
2022-11-08,40.50636291503906
2022-11-09,39.96742630004883
2022-11-10,40.532020568847656
2022-11-11,40.72023391723633
2022-11-14,42.12320327758789
2022-11-15,41.5500373840332
2022-11-16,41.105194091796875
2022-11-17,41.3447265625
2022-11-18,41.259178161621094
2022-11-21,41.216407775878906
2022-11-22,41.986328125
2022-11-23,41.78956604003906
2022-11-25,42.0975341796875
2022-11-28,42.40550994873047
2022-11-29,42.33706283569336
2022-11-30,42.88456344604492
2022-12-01,43.697265625
2022-12-02,43.55182647705078
2022-12-05,43.39784622192383
2022-12-06,42.5252685546875
2022-12-07,42.97867202758789
2022-12-08,44.29608917236328
2022-12-09,44.2447624206543
2022-12-12,44.62117004394531
2022-12-13,45.39963150024414
2022-12-14,46.60584259033203
2022-12-15,45.86159133911133
2022-12-16,43.971012115478516
2022-12-19,43.93678665161133
2022-12-20,43.90257263183594
2022-12-21,44.19343185424805
2022-12-22,44.17632293701172
2022-12-23,44.338863372802734
2022-12-27,43.74003219604492
2022-12-28,43.45772933959961
2022-12-29,43.91112518310547
2022-12-30,43.834136962890625
2023-01-03,43.85124206542969
2023-01-04,42.88456344604492
2023-01-05,42.48249435424805
2023-01-06,43.56037902832031
2023-01-09,41.396053314208984
2023-01-10,40.737342834472656
2023-01-11,40.59191131591797
2023-01-12,40.814334869384766
2023-01-13,40.9340934753418
2023-01-17,39.41992950439453
2023-01-18,38.49601364135742
2023-01-19,38.46179962158203
2023-01-20,38.590126037597656
2023-01-23,38.47890853881836
2023-01-24,38.24793243408203
2023-01-25,38.555904388427734
2023-01-26,38.20193862915039
2023-01-27,37.8048210144043
2023-01-30,37.597618103027344
2023-01-31,38.12424087524414
2023-02-01,37.96021270751953
2023-02-02,38.279640197753906
2023-02-03,38.03791427612305
2023-02-06,37.77891540527344
2023-02-07,37.63215255737305
2023-02-08,37.968841552734375
2023-02-09,37.416324615478516
2023-02-10,37.88251876831055
2023-02-13,37.97747802734375
2023-02-14,37.744380950927734
2023-02-15,37.3990478515625
2023-02-16,37.079620361328125
2023-02-17,37.30409240722656
2023-02-21,36.863792419433594
2023-02-22,36.587528228759766
2023-02-23,36.51846694946289
2023-02-24,36.043643951416016
2023-02-27,35.206214904785156
2023-02-28,35.02492141723633
2023-03-01,34.6882209777832
2023-03-02,35.06808853149414
2023-03-03,35.5256462097168
2023-03-06,35.49111557006836
2023-03-07,34.826358795166016
2023-03-08,34.63642501831055
2023-03-09,34.06663513183594
2023-03-10,34.006202697753906
2023-03-13,34.41196823120117
2023-03-14,34.446502685546875
2023-03-15,34.77455520629883
2023-03-16,34.852256774902344
2023-03-17,34.61915969848633
2023-03-20,35.232120513916016
2023-03-21,35.10261917114258
2023-03-22,34.54146194458008
2023-03-23,34.6882209777832
2023-03-24,34.8695182800293
2023-03-27,34.72275924682617
2023-03-28,34.52419662475586
2023-03-29,34.7486572265625
2023-03-30,34.86089324951172
2023-03-31,35.22348403930664
2023-04-03,35.69831085205078
2023-04-04,35.309814453125
2023-04-05,35.8709716796875
2023-04-06,35.82781219482422
2023-04-10,36.02637481689453
2023-04-11,36.07817459106445
2023-04-12,35.715572357177734
2023-04-13,35.801910400390625
2023-04-14,35.560184478759766
2023-04-17,35.551544189453125
2023-04-18,35.007652282714844
2023-04-19,34.740028381347656
2023-04-20,34.40332794189453
2023-04-21,34.71412658691406
2023-04-24,34.45513153076172
2023-04-25,33.95440673828125
2023-04-26,33.35008239746094
2023-04-27,33.44505310058594
2023-04-28,33.57454299926758
2023-05-01,33.85080337524414
2023-05-02,33.72130584716797
2023-05-03,33.194679260253906
2023-05-04,33.00475311279297
2023-05-05,33.229217529296875
2023-05-08,33.384605407714844
2023-05-09,33.220584869384766
2023-05-10,33.065181732177734
2023-05-11,32.794654846191406
2023-05-12,32.59394073486328
2023-05-15,32.42814254760742
2023-05-16,32.297237396240234
2023-05-17,32.070343017578125
2023-05-18,31.83472442626953
2023-05-19,32.087799072265625
2023-05-22,33.815670013427734
2023-05-23,34.59233856201172
2023-05-24,33.71095657348633
2023-05-25,33.01282501220703
2023-05-26,32.812110900878906
2023-05-30,32.297237396240234
2023-05-31,33.17863082885742
2023-06-01,33.17863082885742
2023-06-02,33.475337982177734
2023-06-05,33.7284049987793
2023-06-06,33.48405456542969
2023-06-07,33.93784713745117
2023-06-08,34.11238098144531
2023-06-09,34.007659912109375
2023-06-12,34.819236755371094
2023-06-13,35.150840759277344
2023-06-14,34.34799575805664
2023-06-15,34.688331604003906
2023-06-16,34.9588623046875
2023-06-20,34.33054733276367
2023-06-21,33.946571350097656
2023-06-22,33.798221588134766
2023-06-23,33.42296600341797
2023-06-26,32.19252014160156
2023-06-27,31.782363891601562
2023-06-28,31.66892433166504
2023-06-29,31.520566940307617
2023-06-30,32.00926208496094
2023-07-03,31.983083724975586
2023-07-05,31.817270278930664
2023-07-06,31.092967987060547
2023-07-07,31.005699157714844
2023-07-10,31.1366024017334
2023-07-11,31.433305740356445
2023-07-12,31.40712547302246
2023-07-13,31.468215942382812
2023-07-14,31.695100784301758
2023-07-17,31.29368019104004
2023-07-18,31.62529182434082
2023-07-19,31.799816131591797
2023-07-20,32.087799072265625
2023-07-21,32.637577056884766
2023-07-24,32.73357009887695
2023-07-25,32.34086990356445
2023-07-26,32.471771240234375
2023-07-27,31.942340850830078
2023-07-28,31.827627182006836
2023-07-31,31.818809509277344
2023-08-01,31.42173194885254
2023-08-02,31.19231414794922
2023-08-03,30.883481979370117
2023-08-04,30.9011287689209
2023-08-07,31.48349952697754
2023-08-08,31.448204040527344
2023-08-09,31.62468910217285
2023-08-10,31.518798828125
2023-08-11,31.801158905029297
2023-08-14,31.827627182006836
2023-08-15,31.227609634399414
2023-08-16,31.307025909423828
2023-08-17,32.21588134765625
2023-08-18,32.348236083984375
2023-08-21,32.65707015991211
2023-08-22,32.50706481933594
2023-08-23,32.348236083984375
2023-08-24,31.907045364379883
2023-08-25,32.101173400878906
2023-08-28,31.951160430908203
2023-08-29,31.89821434020996
2023-08-30,31.677623748779297
2023-08-31,31.21878433227539
2023-09-01,31.57173728942871
2023-09-05,31.21878433227539
2023-09-06,30.327571868896484
2023-09-07,30.24816131591797
2023-09-08,30.22169303894043
2023-09-11,29.948150634765625
2023-09-12,30.133455276489258
2023-09-13,30.071685791015625
2023-09-14,30.133455276489258
2023-09-15,30.0628604888916
2023-09-18,29.68343734741211
2023-09-19,29.99226951599121
2023-09-20,29.665782928466797
2023-09-21,28.986347198486328
2023-09-22,28.845169067382812
2023-09-25,29.10106086730957
2023-09-26,28.589277267456055
2023-09-27,28.324560165405273
2023-09-28,28.315736770629883
2023-09-29,29.26871681213379
2023-10-02,29.948150634765625
2023-10-03,29.912860870361328
2023-10-04,29.392248153686523
2023-10-05,29.53342628479004
2023-10-06,29.23341941833496
2023-10-09,29.295183181762695
2023-10-10,29.26871681213379
2023-10-11,29.215770721435547
2023-10-12,29.04811668395996
2023-10-13,28.333385467529297
2023-10-16,29.356952667236328
2023-10-17,28.89811134338379
2023-10-18,27.715715408325195
2023-10-19,27.521591186523438
2023-10-20,27.045101165771484
2023-10-23,27.212757110595703
2023-10-24,26.85097885131836
2023-10-25,27.115692138671875
2023-10-26,27.495119094848633
2023-10-27,26.568614959716797
2023-10-30,26.956863403320312
2023-10-31,26.965688705444336
2023-11-01,26.921567916870117
2023-11-02,26.912742614746094
2023-11-03,27.583356857299805
2023-11-06,27.512767791748047
2023-11-07,27.574533462524414
2023-11-08,27.195110321044922
2023-11-09,26.542282104492188
2023-11-10,26.363426208496094
2023-11-13,25.916284561157227
2023-11-14,26.166685104370117
2023-11-15,26.998367309570312
2023-11-16,26.62276840209961
2023-11-17,26.75691032409668
2023-11-20,26.810565948486328
2023-11-21,27.096736907958984
2023-11-22,27.1146240234375
2023-11-24,27.275592803955078
2023-11-27,26.953651428222656
2023-11-28,26.551225662231445
2023-11-29,26.899995803833008
2023-11-30,27.24876594543457
2023-12-01,25.85368537902832
2023-12-04,26.1845703125
2023-12-05,26.014657974243164
2023-12-06,25.74637222290039
2023-12-07,25.60328483581543
2023-12-08,25.737428665161133
2023-12-11,25.612228393554688
2023-12-12,25.55857276916504
2023-12-13,23.841550827026367
2023-12-14,23.36758041381836
2023-12-15,23.814722061157227
2023-12-18,24.199262619018555
2023-12-19,25.18297576904297
2023-12-20,24.70900535583496
2023-12-21,25.317113876342773
2023-12-22,25.39760398864746
2023-12-26,25.406543731689453
2023-12-27,25.58540153503418
2023-12-28,25.74637222290039
2023-12-29,25.74637222290039
2024-01-02,26.586994171142578
2024-01-03,26.586994171142578
2024-01-04,26.014657974243164
2024-01-05,26.35448455810547
2024-01-08,26.452852249145508
2024-01-09,26.291881561279297
2024-01-10,25.925230026245117
2024-01-11,25.39760398864746
2024-01-12,25.6658878326416
2024-01-16,25.32605743408203
2024-01-17,25.174030303955078
2024-01-18,25.12037467956543
2024-01-19,25.2902889251709
2024-01-22,25.317113876342773
2024-01-23,25.4244327545166
2024-01-24,25.33500099182129
2024-01-25,24.93559455871582
2024-01-26,24.93559455871582
2024-01-29,24.944673538208008
2024-01-30,24.52711296081543
2024-01-31,24.58157730102539
2024-02-01,24.77220344543457
2024-02-02,24.445417404174805
2024-02-05,24.11863136291504
2024-02-06,24.962827682495117
2024-02-07,25.017292022705078
2024-02-08,25.026369094848633
2024-02-09,25.017292022705078
2024-02-12,25.108068466186523
2024-02-13,24.481725692749023
2024-02-14,24.60881233215332
2024-02-15,24.971906661987305
2024-02-16,25.071758270263672
2024-02-20,25.044525146484375
2024-02-21,25.117145538330078
2024-02-22,25.008214950561523
2024-02-23,25.198841094970703
2024-02-26,24.672353744506836
2024-02-27,24.409109115600586
2024-02-28,24.545270919799805
2024-02-29,24.109554290771484
2024-03-01,24.136789321899414
2024-03-04,23.501367568969727
2024-03-05,23.673839569091797
2024-03-06,24.681428909301758
2024-03-07,24.318334579467773
2024-03-08,24.708662033081055
2024-03-11,25.7525634765625
2024-03-12,25.4257755279541
2024-03-13,25.61640167236328
2024-03-14,25.534704208374023
2024-03-15,25.36223602294922
2024-03-18,25.16253089904785
2024-03-19,25.080835342407227
2024-03-20,25.144376754760742
2024-03-21,25.108068466186523
2024-03-22,24.83574676513672
2024-03-25,24.899288177490234
2024-03-26,25.044525146484375
2024-03-27,25.216997146606445
2024-03-28,25.189762115478516
2024-04-01,25.16253089904785
2024-04-02,25.008214950561523
2024-04-03,24.708662033081055
2024-04-04,24.19124984741211
2024-04-05,24.200326919555664
2024-04-08,24.127710342407227
2024-04-09,24.30925750732422
2024-04-10,23.89169692993164
2024-04-11,23.90985107421875
2024-04-12,23.474138259887695
2024-04-15,23.51952362060547
2024-04-16,23.319822311401367
2024-04-17,23.07473373413086
2024-04-18,23.047500610351562
2024-04-19,23.60122299194336
2024-04-22,23.837234497070312
2024-04-23,23.89169692993164
2024-04-24,23.846309661865234
2024-04-25,22.929492950439453
2024-04-26,23.05657386779785
2024-04-29,23.274433135986328
2024-04-30,23.25628089904785
2024-05-01,24.672353744506836
2024-05-02,25.144376754760742
2024-05-03,25.244226455688477
2024-05-06,25.561939239501953
2024-05-07,25.207918167114258
2024-05-08,25.661788940429688
2024-05-09,25.965862274169922
2024-05-10,25.80921745300293
2024-05-13,26.205432891845703
2024-05-14,26.150144577026367
2024-05-15,26.555572509765625
2024-05-16,26.647716522216797
2024-05-17,26.38971710205078
2024-05-20,26.288362503051758
2024-05-21,26.316001892089844
2024-05-22,27.274290084838867
2024-05-23,26.435789108276367
2024-05-24,26.610858917236328
2024-05-28,26.076433181762695
2024-05-29,25.634143829345703
2024-05-30,25.984289169311523
2024-05-31,26.408145904541016
2024-06-03,27.0070743560791
2024-06-04,27.17293357849121
2024-06-05,27.22821807861328
2024-06-06,26.537145614624023
2024-06-07,26.334430694580078
2024-06-10,25.864503860473633
2024-06-11,25.82764434814453
2024-06-12,25.486719131469727
2024-06-13,25.477502822875977
2024-06-14,25.366931915283203
2024-06-17,24.860145568847656
2024-06-18,25.25636100769043
2024-06-20,25.5604305267334
2024-06-21,25.5604305267334
2024-06-24,26.131717681884766
2024-06-25,25.790788650512695
2024-06-26,25.265575408935547
2024-06-27,25.61571502685547
2024-06-28,25.78157615661621
2024-07-01,26.002717971801758
2024-07-02,25.64335823059082
2024-07-03,25.523574829101562
2024-07-05,25.8460750579834
2024-07-08,25.735504150390625
2024-07-09,25.542003631591797
2024-07-10,26.12250328063965
2024-07-11,26.408145904541016
2024-07-12,26.647716522216797
2024-07-15,26.813573837280273
2024-07-16,27.182146072387695
2024-07-17,27.67050552368164
2024-07-18,27.375646591186523
2024-07-19,27.615217208862305
2024-07-22,27.274290084838867
2024-07-23,27.182146072387695
2024-07-24,27.624431610107422
2024-07-25,27.808717727661133
2024-07-26,28.75249671936035
2024-07-29,28.70577049255371
2024-07-30,29.33184242248535
2024-07-31,28.537574768066406
2024-08-01,28.640361785888672
2024-08-02,28.43478775024414
2024-08-05,27.790029525756836
2024-08-06,27.397567749023438
2024-08-07,26.958385467529297
2024-08-08,26.874286651611328
2024-08-09,26.67805290222168
2024-08-12,26.584611892700195
2024-08-13,26.958385467529297
2024-08-14,26.98641586303711
2024-08-15,26.82756233215332
2024-08-16,26.444446563720703
2024-08-19,26.91166114807129
2024-08-20,27.005104064941406
2024-08-21,27.126583099365234
2024-08-22,26.892972946166992
2024-08-23,27.005104064941406
2024-08-26,27.023794174194336
2024-08-27,26.93035125732422
2024-08-28,26.864940643310547
2024-08-29,26.83690643310547
2024-08-30,27.107892990112305
2024-09-03,26.444446563720703
2024-09-04,26.528545379638672
2024-09-05,26.640674591064453
2024-09-06,26.68739891052246
2024-09-09,27.48166847229004
2024-09-10,27.790029525756836
2024-09-11,27.715272903442383
2024-09-12,27.248058319091797
2024-09-13,27.350847244262695
2024-09-16,28.098392486572266
2024-09-17,27.874126434326172
2024-09-18,27.799373626708984
2024-09-19,27.715272903442383
2024-09-20,27.491010665893555
2024-09-23,27.388221740722656
2024-09-24,27.565763473510742
2024-09-25,27.033138275146484
2024-09-26,27.07051658630371
2024-09-27,27.182645797729492
2024-09-30,27.042482376098633
2024-10-01,26.790185928344727
2024-10-02,26.734119415283203
2024-10-03,26.481822967529297
2024-10-04,26.706087112426758
2024-10-07,27.28543472290039
2024-10-08,27.266746520996094
2024-10-09,28.210525512695312
2024-10-10,27.416255950927734
2024-10-11,27.248058319091797
2024-10-14,27.173303604125977
2024-10-15,27.50969886779785
2024-10-16,27.724618911743164
2024-10-17,27.350847244262695
2024-10-18,27.304121017456055
2024-10-21,27.033138275146484
2024-10-22,26.949039459228516
2024-10-23,26.967729568481445
2024-10-24,26.76215171813965
2024-10-25,26.584611892700195
2024-10-28,26.967729568481445
2024-10-29,26.59395408630371
2024-10-30,26.6500244140625
2024-10-31,26.444446563720703
2024-11-01,26.248214721679688
2024-11-04,25.939851760864258
2024-11-05,26.15477180480957
2024-11-06,25.56608009338379
2024-11-07,25.659523010253906
2024-11-08,25.355857849121094
2024-11-11,24.900365829467773
2024-11-12,24.85291862487793
2024-11-13,25.355857849121094
2024-11-14,24.691598892211914
2024-11-15,23.53388023376465
2024-11-18,23.5908203125
2024-11-19,23.818565368652344
2024-11-20,23.666732788085938
2024-11-21,23.847034454345703
2024-11-22,24.340486526489258
2024-11-25,24.833938598632812
2024-11-26,24.454360961914062
2024-11-27,24.511295318603516
2024-11-29,24.87189483642578
2024-12-02,24.501806259155273
2024-12-03,24.255081176757812
2024-12-04,23.941926956176758
2024-12-05,24.3879337310791
2024-12-06,24.416400909423828
2024-12-09,24.76751136779785
2024-12-10,24.264570236206055
2024-12-11,23.941926956176758
2024-12-12,24.07478141784668
2024-12-13,24.27406120300293
2024-12-16,23.960906982421875
2024-12-17,25.080663681030273
2024-12-18,24.568233489990234
2024-12-19,24.454360961914062
2024-12-20,25.014240264892578
2024-12-23,25.34636878967285
2024-12-24,25.37483787536621
2024-12-26,25.204025268554688
2024-12-27,25.26096534729004
2024-12-30,25.07117462158203
2024-12-31,25.175559997558594
2025-01-02,25.251476287841797
2025-01-03,25.23249626159668
2025-01-06,25.517179489135742
2025-01-07,25.74492645263672
2025-01-08,25.488712310791016
2025-01-10,25.355857849121094
2025-01-13,25.431774139404297
2025-01-14,25.06168556213379
2025-01-15,24.881383895874023
2025-01-16,25.137601852416992
2025-01-17,24.95730209350586
2025-01-21,25.279943466186523
2025-01-22,24.68210792541504
2025-01-23,25.090152740478516
2025-01-24,25.167325973510742
2025-01-27,25.910093307495117
2025-01-28,25.803985595703125
2025-01-29,25.6785831451416
2025-01-30,25.95832633972168
2025-01-31,25.58211898803711
2025-02-03,25.273435592651367
2025-02-04,24.955106735229492
2025-02-05,25.504947662353516
2025-02-06,24.916519165039062
2025-02-07,24.829702377319336
2025-02-10,24.955106735229492
2025-02-11,24.62713050842285
2025-02-12,24.569250106811523
2025-02-13,24.733238220214844
2025-02-14,24.62713050842285
2025-02-18,24.656068801879883
2025-02-19,24.974397659301758
2025-02-20,24.984045028686523
2025-02-21,25.369897842407227
2025-02-24,25.707521438598633
2025-02-25,25.794336318969727
2025-02-26,25.485654830932617
2025-02-27,25.176971435546875
2025-02-28,25.49530029296875
2025-03-03,25.321666717529297
2025-03-04,24.8393497467041
2025-03-05,25.02263069152832
2025-03-06,25.31201934814453
2025-03-07,25.784690856933594
2025-03-10,25.697874069213867
2025-03-11,25.070859909057617
2025-03-12,24.800764083862305
2025-03-13,24.69465446472168
2025-03-14,24.810409545898438
2025-03-17,25.128738403320312
2025-03-18,25.379545211791992
2025-03-19,25.2830810546875
2025-03-20,25.263790130615234
2025-03-21,25.350605010986328
2025-03-24,25.21555519104004
2025-03-25,24.646421432495117
2025-03-26,24.318445205688477
2025-03-27,24.125520706176758
2025-03-28,24.318445205688477
2025-03-31,24.443849563598633
2025-04-01,23.672142028808594
2025-04-02,23.82648468017578
2025-04-03,23.43098258972168
2025-04-04,22.157663345336914
2025-04-07,21.829687118530273
2025-04-08,21.067626953125
2025-04-09,21.694639205932617
2025-04-10,20.82646942138672
2025-04-11,21.135150909423828
2025-04-14,21.337724685668945
2025-04-15,21.646408081054688
2025-04-16,21.260555267333984
2025-04-17,21.35701560974121
2025-04-21,21.260555267333984
2025-04-22,21.733224868774414
2025-04-23,21.598175048828125
2025-04-24,21.974384307861328
2025-04-25,22.109432220458984
2025-04-28,22.234834671020508
2025-04-29,22.948665618896484
2025-04-30,23.54673957824707
2025-05-01,23.083715438842773
2025-05-02,23.344165802001953
2025-05-05,23.025836944580078
2025-05-06,22.070844650268555
2025-05-07,21.984031677246094
2025-05-08,22.157663345336914
2025-05-09,21.902074813842773
2025-05-12,22.698335647583008
2025-05-13,22.482067108154297
2025-05-14,21.646486282348633
2025-05-15,22.21664810180664
2025-05-16,22.442745208740234
2025-05-19,22.609861373901367
2025-05-20,23.121042251586914
2025-05-21,22.649185180664062
2025-05-22,22.649185180664062
2025-05-23,22.9244327545166
2025-05-27,23.209514617919922
2025-05-28,22.786808013916016
2025-05-29,23.052228927612305
2025-05-30,23.091550827026367
2025-06-02,23.062057495117188
2025-06-03,22.95392608642578
2025-06-04,22.99324607849121
2025-06-05,22.727827072143555
2025-06-06,22.95392608642578
2025-06-09,23.56340789794922
2025-06-10,23.88780975341797
2025-06-11,24.064756393432617
2025-06-12,24.418651580810547
2025-06-13,24.123741149902344
2025-06-16,23.986114501953125
2025-06-17,23.592899322509766
2025-06-18,23.474933624267578
2025-06-20,23.56340789794922
2025-06-23,23.622390747070312
2025-06-24,23.897640228271484
2025-06-25,23.84848976135254
2025-06-26,23.828828811645508
2025-06-27,23.77967643737793
2025-06-30,23.828828811645508
2025-07-01,24.615259170532227
2025-07-02,24.8905086517334
2025-07-03,24.94948959350586
2025-07-07,24.811864852905273
2025-07-08,25.185420989990234
2025-07-09,25.12643814086914
2025-07-10,25.34270668029785
2025-07-11,25.21491050720215
2025-07-14,24.920000076293945
2025-07-15,24.19255256652832
2025-07-16,24.19255256652832
2025-07-17,24.163061141967773
2025-07-18,24.0549259185791
2025-07-21,23.84848976135254
2025-07-22,24.71356201171875
2025-07-23,24.92983055114746
2025-07-24,24.920000076293945
2025-07-25,24.790000915527344
2025-07-28,24.309999465942383
2025-07-29,24.299999237060547
2025-07-30,23.809999465942383
2025-07-31,23.290000915527344
2025-08-01,23.489999771118164
2025-08-04,23.530000686645508
2025-08-05,24.75
2025-08-06,23.93000030517578
2025-08-07,24.229999542236328
2025-08-08,24.579999923706055
2025-08-11,24.579999923706055
2025-08-12,24.649999618530273
2025-08-13,25.15999984741211
2025-08-14,25.110000610351562
2025-08-15,25.139999389648438
2025-08-18,25.06999969482422
2025-08-19,25.31999969482422
2025-08-20,25.3799991607666
2025-08-21,25.739999771118164
2025-08-22,25.8799991607666
2025-08-25,25.139999389648438
2025-08-26,24.920000076293945
2025-08-27,25.06999969482422
2025-08-28,24.600000381469727
2025-08-29,24.760000228881836
2025-09-02,24.979999542236328
2025-09-03,24.790000915527344
2025-09-04,24.540000915527344
2025-09-05,24.8799991607666
2025-09-08,24.549999237060547
2025-09-09,24.709999084472656
2025-09-10,24.56999969482422
2025-09-11,24.860000610351562
2025-09-12,23.8700008392334
2025-09-15,23.969999313354492
2025-09-16,23.899999618530273
2025-09-17,24.049999237060547
2025-09-18,24.149999618530273
2025-09-19,24.030000686645508
2025-09-22,24.040000915527344
2025-09-23,24.1299991607666
2025-09-24,24.09000015258789
2025-09-25,23.600000381469727
2025-09-26,23.760000228881836
2025-09-29,23.850000381469727
2025-09-30,25.479999542236328
2025-10-01,27.209999084472656
2025-10-02,27.079999923706055
2025-10-03,27.3700008392334
2025-10-06,26.43000030517578
2025-10-07,26.270000457763672
2025-10-08,25.68000030517578
2025-10-09,25.239999771118164
2025-10-10,24.780000686645508
2025-10-13,24.729999542236328
2025-10-14,24.520000457763672
2025-10-15,24.389999389648438
2025-10-16,24.229999542236328
2025-10-17,24.510000228881836
2025-10-20,24.690000534057617
2025-10-21,24.850000381469727
2025-10-22,24.719999313354492
2025-10-23,24.670000076293945
2025-10-24,24.760000228881836
2025-10-27,24.770000457763672
2025-10-28,24.5
2025-10-29,24.4950008392334
