date,SLB
2020-01-02,35.14986801147461
2020-01-03,35.491127014160156
2020-01-06,35.71864318847656
2020-01-07,35.53488540649414
2020-01-08,34.4848518371582
2020-01-09,34.87861251831055
2020-01-10,34.85236358642578
2020-01-13,34.32734298706055
2020-01-14,34.58985137939453
2020-01-15,33.53982925415039
2020-01-16,33.93357849121094
2020-01-17,33.57481384277344
2020-01-21,32.332279205322266
2020-01-22,32.09602355957031
2020-01-23,31.87726593017578
2020-01-24,31.299755096435547
2020-01-27,29.71595001220703
2020-01-28,29.71595001220703
2020-01-29,29.51468849182129
2020-01-30,29.785951614379883
2020-01-31,29.322181701660156
2020-02-03,29.278438568115234
2020-02-04,29.81220054626465
2020-02-05,30.687219619750977
2020-02-06,30.197208404541016
2020-02-07,30.11845588684082
2020-02-10,30.057205200195312
2020-02-11,30.447904586791992
2020-02-12,31.122753143310547
2020-02-13,30.785322189331055
2020-02-14,30.563337326049805
2020-02-18,29.879621505737305
2020-02-19,30.447904586791992
2020-02-20,30.03944969177246
2020-02-21,29.648752212524414
2020-02-24,27.46438217163086
2020-02-25,26.052541732788086
2020-02-26,25.200103759765625
2020-02-27,23.83265495300293
2020-02-28,24.054643630981445
2020-03-02,24.67621612548828
2020-03-03,23.806018829345703
2020-03-04,24.045766830444336
2020-03-05,22.935821533203125
2020-03-06,21.177677154541016
2020-03-09,15.370468139648438
2020-03-10,16.15186309814453
2020-03-11,15.432623863220215
2020-03-12,12.804283142089844
2020-03-13,14.349319458007812
2020-03-16,12.795402526855469
2020-03-17,12.431344985961914
2020-03-18,10.699836730957031
2020-03-19,12.315909385681152
2020-03-20,12.67996883392334
2020-03-23,11.392436027526855
2020-03-24,13.008509635925293
2020-03-25,12.964115142822266
2020-03-26,13.781030654907227
2020-03-27,12.218233108520508
2020-03-30,11.792015075683594
2020-03-31,11.978487014770508
2020-04-01,11.179327964782715
2020-04-02,12.324786186218262
2020-04-03,12.688848495483398
2020-04-06,13.914222717285156
2020-04-07,14.624587059020996
2020-04-08,15.343830108642578
2020-04-09,14.624587059020996
2020-04-13,14.162851333618164
2020-04-14,13.798788070678711
2020-04-15,13.079547882080078
2020-04-16,12.475741386413574
2020-04-17,13.567920684814453
2020-04-20,13.505763053894043
2020-04-21,13.044026374816895
2020-04-22,13.621200561523438
2020-04-23,14.668981552124023
2020-04-24,14.304924011230469
2020-04-27,14.251644134521484
2020-04-28,14.340441703796387
2020-04-29,16.160741806030273
2020-04-30,14.935370445251465
2020-05-01,13.985259056091309
2020-05-04,14.411476135253906
2020-05-05,14.429237365722656
2020-05-06,14.047414779663086
2020-05-07,14.85545539855957
2020-05-08,16.027549743652344
2020-05-11,15.414859771728516
2020-05-12,15.166237831115723
2020-05-13,14.074056625366211
2020-05-14,14.296045303344727
2020-05-15,14.162851333618164
2020-05-18,15.938755989074707
2020-05-19,15.19287395477295
2020-05-20,16.16962242126465
2020-05-21,15.796680450439453
2020-05-22,15.610211372375488
2020-05-26,16.338335037231445
2020-05-27,16.915502548217773
2020-05-28,16.68463134765625
2020-05-29,16.40049171447754
2020-06-01,16.364973068237305
2020-06-02,16.861154556274414
2020-06-03,17.531665802001953
2020-06-04,18.17536163330078
2020-06-05,19.659423828125
2020-06-08,21.143489837646484
2020-06-09,20.124311447143555
2020-06-10,18.73858070373535
2020-06-11,16.548248291015625
2020-06-12,16.98631477355957
2020-06-15,17.272396087646484
2020-06-16,17.47801971435547
2020-06-17,17.728349685668945
2020-06-18,18.0412540435791
2020-06-19,17.621061325073242
2020-06-22,17.719409942626953
2020-06-23,17.495901107788086
2020-06-24,15.96713638305664
2020-06-25,16.467790603637695
2020-06-26,15.59164810180664
2020-06-29,16.101238250732422
2020-06-30,16.44096565246582
2020-07-01,15.841971397399902
2020-07-02,16.074413299560547
2020-07-06,16.76280975341797
2020-07-07,16.25322151184082
2020-07-08,16.154878616333008
2020-07-09,15.314499855041504
2020-07-10,15.90455436706543
2020-07-13,15.538008689880371
2020-07-14,16.44096565246582
2020-07-15,16.896913528442383
2020-07-16,16.825389862060547
2020-07-17,16.646589279174805
2020-07-20,16.485668182373047
2020-07-21,17.486967086791992
2020-07-22,17.138303756713867
2020-07-23,17.254518508911133
2020-07-24,17.415437698364258
2020-07-27,17.59425163269043
2020-07-28,17.12041473388672
2020-07-29,17.370742797851562
2020-07-30,16.485668182373047
2020-07-31,16.217456817626953
2020-08-03,16.735986709594727
2020-08-04,17.191938400268555
2020-08-05,17.433319091796875
2020-08-06,17.272396087646484
2020-08-07,17.54954719543457
2020-08-10,18.077011108398438
2020-08-11,18.148536682128906
2020-08-12,18.202180862426758
2020-08-13,17.764110565185547
2020-08-14,17.942907333374023
2020-08-17,17.889266967773438
2020-08-18,17.674705505371094
2020-08-19,17.6300048828125
2020-08-20,16.78069305419922
2020-08-21,16.610828399658203
2020-08-24,17.47801971435547
2020-08-25,17.21875762939453
2020-08-26,16.6912899017334
2020-08-27,16.71811294555664
2020-08-28,17.361801147460938
2020-08-31,16.995254516601562
2020-09-01,16.765771865844727
2020-09-02,16.891765594482422
2020-09-03,17.206737518310547
2020-09-04,17.37772560119629
2020-09-08,16.540786743164062
2020-09-09,16.747770309448242
2020-09-10,15.937832832336426
2020-09-11,16.081819534301758
2020-09-14,16.22580909729004
2020-09-15,16.378801345825195
2020-09-16,17.260732650756836
2020-09-17,17.17074203491211
2020-09-18,16.855764389038086
2020-09-21,15.541861534118652
2020-09-22,15.595853805541992
2020-09-23,14.947903633117676
2020-09-24,14.956902503967285
2020-09-25,14.326950073242188
2020-09-28,14.803915023803711
2020-09-29,14.038970947265625
2020-09-30,14.002973556518555
2020-10-01,13.508010864257812
2020-10-02,14.011972427368164
2020-10-05,14.46193790435791
2020-10-06,14.101967811584473
2020-10-07,14.353948593139648
2020-10-08,14.785916328430176
2020-10-09,14.605928421020508
2020-10-12,14.506937980651855
2020-10-13,14.155961990356445
2020-10-14,14.353948593139648
2020-10-15,14.776918411254883
2020-10-16,13.472013473510742
2020-10-19,13.508010864257812
2020-10-20,13.939977645874023
2020-10-21,13.508010864257812
2020-10-22,13.768991470336914
2020-10-23,13.85898494720459
2020-10-26,13.651998519897461
2020-10-27,13.580004692077637
2020-10-28,12.761067390441895
2020-10-29,13.004048347473145
2020-10-30,13.445013999938965
2020-11-02,14.02097225189209
2020-11-03,14.18295955657959
2020-11-04,14.37194538116455
2020-11-05,13.966976165771484
2020-11-06,13.696996688842773
2020-11-09,16.423799514770508
2020-11-10,16.477792739868164
2020-11-11,15.937832832336426
2020-11-12,15.568856239318848
2020-11-13,16.198810577392578
2020-11-16,18.034683227539062
2020-11-17,18.079669952392578
2020-11-18,17.971683502197266
2020-11-19,18.41265106201172
2020-11-20,18.18766212463379
2020-11-23,19.44757652282715
2020-11-24,20.00553321838379
2020-11-25,19.888538360595703
2020-11-27,19.69055938720703
2020-11-30,18.709630966186523
2020-12-01,19.076311111450195
2020-12-02,19.592369079589844
2020-12-03,19.98168182373047
2020-12-04,21.231103897094727
2020-12-07,20.669775009155273
2020-12-08,21.03192138671875
2020-12-09,21.15867805480957
2020-12-10,21.167724609375
2020-12-11,20.76936149597168
2020-12-14,20.081274032592773
2020-12-15,20.79652214050293
2020-12-16,20.67882537841797
2020-12-17,20.76030731201172
2020-12-18,20.198974609375
2020-12-21,19.7191219329834
2020-12-22,19.338869094848633
2020-12-23,19.845876693725586
2020-12-24,19.592369079589844
2020-12-28,19.528993606567383
2020-12-29,19.35697364807129
2020-12-30,19.809663772583008
2020-12-31,19.76439094543457
2021-01-04,19.8730411529541
2021-01-05,20.941383361816406
2021-01-06,22.100269317626953
2021-01-07,22.525793075561523
2021-01-08,22.489585876464844
2021-01-11,22.625391006469727
2021-01-12,23.666566848754883
2021-01-13,23.050912857055664
2021-01-14,23.503604888916016
2021-01-15,22.55295181274414
2021-01-19,23.01469612121582
2021-01-20,22.951326370239258
2021-01-21,21.90108299255371
2021-01-22,22.100269317626953
2021-01-25,21.493663787841797
2021-01-26,20.588289260864258
2021-01-27,19.746280670166016
2021-01-28,20.49774932861328
2021-01-29,20.108434677124023
2021-02-01,20.063169479370117
2021-02-02,20.380046844482422
2021-02-03,21.89203643798828
2021-02-04,22.462419509887695
2021-02-05,22.643491744995117
2021-02-08,23.530765533447266
2021-02-09,23.539819717407227
2021-02-10,24.101154327392578
2021-02-11,23.87480926513672
2021-02-12,24.236957550048828
2021-02-16,24.387048721313477
2021-02-17,24.441627502441406
2021-02-18,23.26820945739746
2021-02-19,23.759410858154297
2021-02-22,25.05107307434082
2021-02-23,25.23299789428711
2021-02-24,26.7520694732666
2021-02-25,25.93341064453125
2021-02-26,25.38763427734375
2021-03-01,26.12442970275879
2021-03-02,25.596851348876953
2021-03-03,25.806060791015625
2021-03-04,25.997087478637695
2021-03-05,26.44280242919922
2021-03-08,27.02495765686035
2021-03-09,26.69749641418457
2021-03-10,27.243268966674805
2021-03-11,26.742977142333984
2021-03-12,26.38822364807129
2021-03-15,26.488283157348633
2021-03-16,25.524078369140625
2021-03-17,25.751487731933594
2021-03-18,24.787282943725586
2021-03-19,24.605356216430664
2021-03-22,25.151132583618164
2021-03-23,24.259702682495117
2021-03-24,24.941917419433594
2021-03-25,24.923725128173828
2021-03-26,25.751487731933594
2021-03-29,25.196611404418945
2021-03-30,24.759994506835938
2021-03-31,24.73270606994629
2021-04-01,25.56046485900879
2021-04-05,25.060169219970703
2021-04-06,24.960111618041992
2021-04-07,24.878246307373047
2021-04-08,24.61445426940918
2021-04-09,24.341564178466797
2021-04-12,24.141447067260742
2021-04-13,23.68663787841797
2021-04-14,24.841854095458984
2021-04-15,24.250608444213867
2021-04-16,23.91404151916504
2021-04-19,24.132354736328125
2021-04-20,22.968032836914062
2021-04-21,23.404653549194336
2021-04-22,22.968032836914062
2021-04-23,23.38646125793457
2021-04-26,23.986814498901367
2021-04-27,23.81397819519043
2021-04-28,24.88734245300293
2021-04-29,25.305767059326172
2021-04-30,24.605356216430664
2021-05-03,25.669614791870117
2021-05-04,25.824254989624023
2021-05-05,27.598026275634766
2021-05-06,27.95277976989746
2021-05-07,29.00794219970703
2021-05-10,28.771438598632812
2021-05-11,28.434879302978516
2021-05-12,29.198963165283203
2021-05-13,28.889690399169922
2021-05-14,29.844797134399414
2021-05-17,30.972726821899414
2021-05-18,30.081298828125
2021-05-19,29.108001708984375
2021-05-20,28.898788452148438
2021-05-21,29.062519073486328
2021-05-24,28.835119247436523
2021-05-25,28.416688919067383
2021-05-26,28.69866943359375
2021-05-27,28.507648468017578
2021-05-28,28.498552322387695
2021-06-01,30.07394027709961
2021-06-02,32.38451385498047
2021-06-03,33.352577209472656
2021-06-04,33.2612419128418
2021-06-07,32.72241973876953
2021-06-08,32.78635787963867
2021-06-09,32.658485412597656
2021-06-10,31.909610748291016
2021-06-11,31.86394500732422
2021-06-14,31.096797943115234
2021-06-15,31.22466468811035
2021-06-16,31.08767318725586
2021-06-17,29.65384292602539
2021-06-18,28.576181411743164
2021-06-21,30.247461318969727
2021-06-22,30.15614128112793
2021-06-23,30.028284072875977
2021-06-24,30.375322341918945
2021-06-25,30.457517623901367
2021-06-28,29.24286651611328
2021-06-29,29.115009307861328
2021-06-30,29.233732223510742
2021-07-01,30.201799392700195
2021-07-02,29.94608497619629
2021-07-06,28.46658706665039
2021-07-07,28.019086837768555
2021-07-08,27.882095336914062
2021-07-09,28.48485565185547
2021-07-12,28.51224708557129
2021-07-13,27.955158233642578
2021-07-14,26.987091064453125
2021-07-15,26.238210678100586
2021-07-16,25.452800750732422
2021-07-19,24.338611602783203
2021-07-20,24.877445220947266
2021-07-21,25.964235305786133
2021-07-22,25.553258895874023
2021-07-23,25.945966720581055
2021-07-26,26.90489959716797
2021-07-27,26.649181365966797
2021-07-28,26.77704429626465
2021-07-29,27.069286346435547
2021-07-30,26.32953643798828
2021-08-02,26.028160095214844
2021-08-03,26.393468856811523
2021-08-04,25.233619689941406
2021-08-05,25.49846649169922
2021-08-06,25.955101013183594
2021-08-09,25.562397003173828
2021-08-10,25.955101013183594
2021-08-11,26.46653175354004
2021-08-12,26.07382583618164
2021-08-13,25.891170501708984
2021-08-16,25.370609283447266
2021-08-17,24.83177947998047
2021-08-18,24.484737396240234
2021-08-19,24.146827697753906
2021-08-20,24.165096282958984
2021-08-23,25.105758666992188
2021-08-24,25.772441864013672
2021-08-25,25.982498168945312
2021-08-26,25.690250396728516
2021-08-27,26.55785369873047
2021-08-30,25.827238082885742
2021-08-31,25.721755981445312
2021-09-01,25.66671371459961
2021-09-02,26.2446231842041
2021-09-03,25.767616271972656
2021-09-07,25.52911376953125
2021-09-08,24.45584487915039
2021-09-09,24.41914939880371
2021-09-10,24.56592559814453
2021-09-13,25.78596305847168
2021-09-14,25.382341384887695
2021-09-15,26.82253646850586
2021-09-16,26.473953247070312
2021-09-17,25.969423294067383
2021-09-20,24.997066497802734
2021-09-21,24.703523635864258
2021-09-22,24.90533447265625
2021-09-23,26.492305755615234
2021-09-24,26.611555099487305
2021-09-27,27.694000244140625
2021-09-28,28.35447120666504
2021-09-29,27.822418212890625
2021-09-30,27.189470291137695
2021-10-01,27.849939346313477
2021-10-04,28.326950073242188
2021-10-05,28.060922622680664
2021-10-06,27.46466636657715
2021-10-07,28.45537567138672
2021-10-08,29.042463302612305
2021-10-11,29.77631950378418
2021-10-12,30.161598205566406
2021-10-13,30.051517486572266
2021-10-14,30.748680114746094
2021-10-15,31.18899917602539
2021-10-18,31.33576774597168
2021-10-19,31.684356689453125
2021-10-20,31.867828369140625
2021-10-21,31.464204788208008
2021-10-22,31.1064395904541
2021-10-25,31.519237518310547
2021-10-26,31.427499771118164
2021-10-27,29.84970474243164
2021-10-28,30.546875
2021-10-29,29.59285545349121
2021-11-01,30.546875
2021-11-02,30.455141067504883
2021-11-03,30.253332138061523
2021-11-04,30.409273147583008
2021-11-05,30.73950958251953
2021-11-08,31.464204788208008
2021-11-09,31.317419052124023
2021-11-10,30.023998260498047
2021-11-11,30.069862365722656
2021-11-12,30.051517486572266
2021-11-15,30.01482582092285
2021-11-16,30.1707706451416
2021-11-17,29.409395217895508
2021-11-18,29.225929260253906
2021-11-19,27.56557273864746
2021-11-22,27.831594467163086
2021-11-23,28.602144241333008
2021-11-24,28.81313133239746
2021-11-26,27.244508743286133
2021-11-29,27.19864273071289
2021-11-30,26.420225143432617
2021-12-01,26.14385986328125
2021-12-02,27.009798049926758
2021-12-03,26.93609619140625
2021-12-06,27.645429611206055
2021-12-07,28.336332321166992
2021-12-08,28.61269187927246
2021-12-09,28.207366943359375
2021-12-10,28.5482120513916
2021-12-13,27.47960662841797
2021-12-14,27.33221435546875
2021-12-15,27.000581741333008
2021-12-16,27.359853744506836
2021-12-17,26.6873722076416
2021-12-20,26.226768493652344
2021-12-21,27.129554748535156
2021-12-22,27.17561149597168
2021-12-23,27.240095138549805
2021-12-27,27.488819122314453
2021-12-28,27.737548828125
2021-12-29,27.313793182373047
2021-12-30,27.47039794921875
2021-12-31,27.590152740478516
2022-01-03,29.220685958862305
2022-01-04,30.63935089111328
2022-01-05,30.63935089111328
2022-01-06,31.367097854614258
2022-01-07,32.269893646240234
2022-01-10,32.352806091308594
2022-01-11,33.60563659667969
2022-01-12,33.57799530029297
2022-01-13,33.32006072998047
2022-01-14,34.83083724975586
2022-01-18,34.58210754394531
2022-01-19,34.17678451538086
2022-01-20,34.1307258605957
2022-01-21,33.495094299316406
2022-01-24,33.716182708740234
2022-01-25,35.73362731933594
2022-01-26,36.66404342651367
2022-01-27,35.79811477661133
2022-01-28,36.553497314453125
2022-01-31,35.9915657043457
2022-02-01,36.40610122680664
2022-02-02,36.15738296508789
2022-02-03,35.5401725769043
2022-02-04,35.47568893432617
2022-02-07,37.09700393676758
2022-02-08,35.946537017822266
2022-02-09,36.4085693359375
2022-02-10,36.1960334777832
2022-02-11,37.53594970703125
2022-02-14,36.31616973876953
2022-02-15,37.046180725097656
2022-02-16,38.52470016479492
2022-02-17,37.98875427246094
2022-02-18,37.15707778930664
2022-02-22,36.547176361083984
2022-02-23,36.72276306152344
2022-02-24,35.41057205200195
2022-02-25,36.45477294921875
2022-02-28,36.26072311401367
2022-03-01,34.8099250793457
2022-03-02,36.26072311401367
2022-03-03,35.59539031982422
2022-03-04,35.98349380493164
2022-03-07,38.9035758972168
2022-03-08,41.657325744628906
2022-03-09,39.32865524291992
2022-03-10,40.104881286621094
2022-03-11,39.64284896850586
2022-03-14,38.39533996582031
2022-03-15,36.279205322265625
2022-03-16,35.00398254394531
2022-03-17,36.510223388671875
2022-03-18,36.71352767944336
2022-03-21,38.062660217285156
2022-03-22,38.0719108581543
2022-03-23,39.19004440307617
2022-03-24,39.4025764465332
2022-03-25,40.363624572753906
2022-03-28,38.56167221069336
2022-03-29,39.39333724975586
2022-03-30,39.005226135253906
2022-03-31,38.17356491088867
2022-04-01,38.52470016479492
2022-04-04,38.39533996582031
2022-04-05,37.388092041015625
2022-04-06,37.68379211425781
2022-04-07,37.859375
2022-04-08,39.31941223144531
2022-04-11,38.192039489746094
2022-04-12,38.376853942871094
2022-04-13,39.337894439697266
2022-04-14,39.96626663208008
2022-04-18,40.363624572753906
2022-04-19,40.13259506225586
2022-04-20,39.439537048339844
2022-04-21,37.56367492675781
2022-04-22,38.48774719238281
2022-04-25,35.752479553222656
2022-04-26,36.53794479370117
2022-04-27,36.916812896728516
2022-04-28,37.06467056274414
2022-04-29,36.04819107055664
2022-05-02,36.140602111816406
2022-05-03,37.10163497924805
2022-05-04,39.36561584472656
2022-05-05,38.88509750366211
2022-05-06,39.76296615600586
2022-05-09,35.151832580566406
2022-05-10,35.01322555541992
2022-05-11,35.4567756652832
2022-05-12,36.0666618347168
2022-05-13,37.64684295654297
2022-05-16,38.9405403137207
2022-05-17,39.68904495239258
2022-05-18,38.00723648071289
2022-05-19,37.74849319458008
2022-05-20,37.997989654541016
2022-05-23,40.4837532043457
2022-05-24,40.566925048828125
2022-05-25,41.629600524902344
2022-05-26,43.14508056640625
2022-05-27,44.5496826171875
2022-05-31,42.6252326965332
2022-06-01,43.29299545288086
2022-06-02,42.9405632019043
2022-06-03,44.02568054199219
2022-06-06,43.7938117980957
2022-06-07,45.37974166870117
2022-06-08,45.97330093383789
2022-06-09,44.647056579589844
2022-06-10,43.784542083740234
2022-06-13,41.104225158691406
2022-06-14,40.084049224853516
2022-06-15,38.507389068603516
2022-06-16,35.6879768371582
2022-06-17,33.98147964477539
2022-06-21,36.00330352783203
2022-06-22,34.79762268066406
2022-06-23,32.441917419433594
2022-06-24,32.51612091064453
2022-06-27,33.285888671875
2022-06-28,34.28752899169922
2022-06-29,33.55485534667969
2022-06-30,33.16532897949219
2022-07-01,33.06330871582031
2022-07-05,30.911640167236328
2022-07-06,30.355178833007812
2022-07-07,31.885459899902344
2022-07-08,31.829811096191406
2022-07-11,30.948740005493164
2022-07-12,30.355178833007812
2022-07-13,29.947101593017578
2022-07-14,29.056760787963867
2022-07-15,29.95638084411621
2022-07-18,30.72615623474121
2022-07-19,31.73706817626953
2022-07-20,31.662872314453125
2022-07-21,31.189878463745117
2022-07-22,32.525390625
2022-07-25,33.54557418823242
2022-07-26,33.01693344116211
2022-07-27,33.6939697265625
2022-07-28,33.118953704833984
2022-07-29,34.34318161010742
2022-08-01,33.758888244628906
2022-08-02,34.0278434753418
2022-08-03,32.96128845214844
2022-08-04,31.486661911010742
2022-08-05,32.145137786865234
2022-08-08,32.13587188720703
2022-08-09,32.451194763183594
2022-08-10,32.38627243041992
2022-08-11,34.21333312988281
2022-08-12,34.4451904296875
2022-08-15,33.16532897949219
2022-08-16,32.99839401245117
2022-08-17,32.83144760131836
2022-08-18,34.43592834472656
2022-08-19,34.42665100097656
2022-08-22,34.24115753173828
2022-08-23,36.504119873046875
2022-08-24,37.01420974731445
2022-08-25,37.25534439086914
2022-08-26,36.55976486206055
2022-08-29,37.45010757446289
2022-08-30,35.87346267700195
2022-08-31,35.38191223144531
2022-09-01,34.176239013671875
2022-09-02,35.30772018432617
2022-09-06,34.80923843383789
2022-09-07,34.52973175048828
2022-09-08,35.56394958496094
2022-09-09,36.94289779663086
2022-09-12,37.40876007080078
2022-09-13,35.84346008300781
2022-09-14,37.49261474609375
2022-09-15,36.92426300048828
2022-09-16,35.75028610229492
2022-09-19,36.309322357177734
2022-09-20,35.87141036987305
2022-09-21,35.01423645019531
2022-09-22,35.61984634399414
2022-09-23,32.610374450683594
2022-09-26,31.548208236694336
2022-09-27,31.66001319885254
2022-09-28,33.02033233642578
2022-09-29,33.51415252685547
2022-09-30,33.44892883300781
2022-10-03,35.685062408447266
2022-10-04,36.4490852355957
2022-10-05,38.73180389404297
2022-10-06,39.5890007019043
2022-10-07,39.68217086791992
2022-10-10,39.253570556640625
2022-10-11,38.90884017944336
2022-10-12,39.15108108520508
2022-10-13,41.17292785644531
2022-10-14,39.281524658203125
2022-10-17,39.9337272644043
2022-10-18,40.39959716796875
2022-10-19,42.36553192138672
2022-10-20,42.570518493652344
2022-10-21,46.96825408935547
2022-10-24,48.58945083618164
2022-10-25,48.88761520385742
2022-10-26,48.617408752441406
2022-10-27,48.151546478271484
2022-10-28,47.005531311035156
2022-10-31,48.47764587402344
2022-11-01,48.030426025390625
2022-11-02,47.648414611816406
2022-11-03,48.26334762573242
2022-11-04,49.4745979309082
2022-11-07,51.067840576171875
2022-11-08,50.95603561401367
2022-11-09,49.44664001464844
2022-11-10,49.4745979309082
2022-11-11,51.077171325683594
2022-11-14,50.37836456298828
2022-11-15,50.93739700317383
2022-11-16,49.372108459472656
2022-11-17,49.22303009033203
2022-11-18,49.791385650634766
2022-11-21,48.70125961303711
2022-11-22,49.977725982666016
2022-11-23,47.9092903137207
2022-11-25,47.359580993652344
2022-11-28,46.47443771362305
2022-11-29,47.564552307128906
2022-11-30,48.030426025390625
2022-12-01,48.22608184814453
2022-12-02,49.18575668334961
2022-12-05,47.872032165527344
2022-12-06,47.56818771362305
2022-12-07,46.55847930908203
2022-12-08,46.67066955566406
2022-12-09,43.912689208984375
2022-12-12,45.9040412902832
2022-12-13,47.727108001708984
2022-12-14,47.1474723815918
2022-12-15,46.848304748535156
2022-12-16,46.16582107543945
2022-12-19,46.58652877807617
2022-12-20,48.390899658203125
2022-12-21,49.84000778198242
2022-12-22,48.044986724853516
2022-12-23,49.54084396362305
2022-12-27,50.01765060424805
2022-12-28,49.17622375488281
2022-12-29,49.46604919433594
2022-12-30,49.980255126953125
2023-01-03,48.14781951904297
2023-01-04,48.33481216430664
2023-01-05,49.241668701171875
2023-01-06,50.952552795410156
2023-01-09,52.01835250854492
2023-01-10,52.31752395629883
2023-01-11,52.65408706665039
2023-01-12,54.22473907470703
2023-01-13,54.48651123046875
2023-01-17,54.65479278564453
2023-01-18,53.41136932373047
2023-01-19,53.64509582519531
2023-01-20,53.61704635620117
2023-01-23,52.224037170410156
2023-01-24,51.85941696166992
2023-01-25,52.58864974975586
2023-01-26,53.7292366027832
2023-01-27,53.26177978515625
2023-01-30,52.67279052734375
2023-01-31,53.27113342285156
2023-02-01,52.07444763183594
2023-02-02,48.886409759521484
2023-02-03,49.213626861572266
2023-02-06,49.63433074951172
2023-02-07,50.62063217163086
2023-02-08,51.39088439941406
2023-02-09,50.57366943359375
2023-02-10,52.94078826904297
2023-02-13,53.833160400390625
2023-02-14,53.37287139892578
2023-02-15,52.59324264526367
2023-02-16,52.395973205566406
2023-02-17,50.104000091552734
2023-02-21,50.160362243652344
2023-02-22,49.23041915893555
2023-02-23,50.0852165222168
2023-02-24,50.64881134033203
2023-02-27,51.099693298339844
2023-02-28,49.98189163208008
2023-03-01,51.559967041015625
2023-03-02,51.94509506225586
2023-03-03,52.59324264526367
2023-03-06,51.99205780029297
2023-03-07,50.76153564453125
2023-03-08,50.291866302490234
2023-03-09,49.02376937866211
2023-03-10,47.90596008300781
2023-03-13,45.87700271606445
2023-03-14,46.36545944213867
2023-03-15,42.570556640625
2023-03-16,43.378379821777344
2023-03-17,41.96937942504883
2023-03-20,43.41595458984375
2023-03-21,45.350982666015625
2023-03-22,44.52436447143555
2023-03-23,42.72084045410156
2023-03-24,41.86605453491211
2023-03-27,43.932579040527344
2023-03-28,44.74980545043945
2023-03-29,45.74549865722656
2023-03-30,45.78306579589844
2023-03-31,46.1212272644043
2023-04-03,49.155277252197266
2023-04-04,47.39872741699219
2023-04-05,47.62416458129883
2023-04-06,46.60968017578125
2023-04-10,47.00421142578125
2023-04-11,48.03746795654297
2023-04-12,48.826507568359375
2023-04-13,48.741973876953125
2023-04-14,49.29617691040039
2023-04-17,48.901649475097656
2023-04-18,49.004974365234375
2023-04-19,49.437076568603516
2023-04-20,48.81711959838867
2023-04-21,46.77876281738281
2023-04-24,47.17328643798828
2023-04-25,45.98972702026367
2023-04-26,44.881309509277344
2023-04-27,45.050384521484375
2023-04-28,46.35606384277344
2023-05-01,46.16819763183594
2023-05-02,43.378379821777344
2023-05-03,42.523582458496094
2023-05-04,42.335716247558594
2023-05-05,42.97446060180664
2023-05-08,43.78229522705078
2023-05-09,44.308319091796875
2023-05-10,43.07779312133789
2023-05-11,41.4621467590332
2023-05-12,41.39638137817383
2023-05-15,41.89423370361328
2023-05-16,40.62613296508789
2023-05-17,41.8003044128418
2023-05-18,42.129066467285156
2023-05-19,42.523582458496094
2023-05-22,43.20930099487305
2023-05-23,43.26566696166992
2023-05-24,43.42534255981445
2023-05-25,42.420257568359375
2023-05-26,41.781517028808594
2023-05-30,41.621822357177734
2023-05-31,40.23161315917969
2023-06-01,42.251182556152344
2023-06-02,43.932579040527344
2023-06-05,43.41595458984375
2023-06-06,44.34150695800781
2023-06-07,45.45594787597656
2023-06-08,44.813724517822266
2023-06-09,44.889278411865234
2023-06-12,44.40761184692383
2023-06-13,45.29539108276367
2023-06-14,44.643733978271484
2023-06-15,45.238731384277344
2023-06-16,45.12538528442383
2023-06-20,44.634281158447266
2023-06-21,45.106502532958984
2023-06-22,44.23761749267578
2023-06-23,44.00151062011719
2023-06-26,44.728729248046875
2023-06-27,45.46539306640625
2023-06-28,45.890384674072266
2023-06-29,45.77705764770508
2023-06-30,46.39094924926758
2023-07-03,46.72149658203125
2023-07-05,46.560943603515625
2023-07-06,46.39094924926758
2023-07-07,50.385929107666016
2023-07-10,50.640926361083984
2023-07-11,52.93592071533203
2023-07-12,53.530921936035156
2023-07-13,54.22980499267578
2023-07-14,53.95591735839844
2023-07-17,53.370357513427734
2023-07-18,53.814247131347656
2023-07-19,54.17313766479492
2023-07-20,54.07869338989258
2023-07-21,52.898136138916016
2023-07-24,53.852027893066406
2023-07-25,54.664249420166016
2023-07-26,54.465904235839844
2023-07-27,53.852027893066406
2023-07-28,53.97480392456055
2023-07-31,55.09869384765625
2023-08-01,54.40924835205078
2023-08-02,54.27702713012695
2023-08-03,54.75869369506836
2023-08-04,54.465904235839844
2023-08-07,54.74924850463867
2023-08-08,55.25924301147461
2023-08-09,56.203678131103516
2023-08-10,55.646461486816406
2023-08-11,56.33591079711914
2023-08-14,56.213130950927734
2023-08-15,55.08924102783203
2023-08-16,54.560359954833984
2023-08-17,54.67369079589844
2023-08-18,54.805912017822266
2023-08-21,54.24869155883789
2023-08-22,53.27592086791992
2023-08-23,54.67369079589844
2023-08-24,53.63480758666992
2023-08-25,53.323143005371094
2023-08-28,54.617027282714844
2023-08-29,54.98535919189453
2023-08-30,55.72201156616211
2023-08-31,55.684242248535156
2023-09-01,56.77980041503906
2023-09-05,57.10224151611328
2023-09-06,57.851470947265625
2023-09-07,57.69024658203125
2023-09-08,57.06431579589844
2023-09-11,57.63334274291992
2023-09-12,58.89468765258789
2023-09-13,57.49108123779297
2023-09-14,58.42050552368164
2023-09-15,57.453147888183594
2023-09-18,58.05063247680664
2023-09-19,57.31089401245117
2023-09-20,56.70392608642578
2023-09-21,55.783992767333984
2023-09-22,55.992637634277344
2023-09-25,56.751338958740234
2023-09-26,56.0779914855957
2023-09-27,57.661800384521484
2023-09-28,57.79456329345703
2023-09-29,55.290828704833984
2023-10-02,54.94941329956055
2023-10-03,55.58483123779297
2023-10-04,52.94832229614258
2023-10-05,52.5405158996582
2023-10-06,52.82503128051758
2023-10-09,55.23393249511719
2023-10-10,55.59431076049805
2023-10-11,55.727088928222656
2023-10-12,55.35721969604492
2023-10-13,55.91676330566406
2023-10-16,56.38147735595703
2023-10-17,57.13070297241211
2023-10-18,57.4626350402832
2023-10-19,56.87464141845703
2023-10-20,55.205482482910156
2023-10-23,55.80295944213867
2023-10-24,54.05793380737305
2023-10-25,53.69754409790039
2023-10-26,52.98625946044922
2023-10-27,52.94832229614258
2023-10-30,53.4889030456543
2023-10-31,52.78709411621094
2023-11-01,52.97677230834961
2023-11-02,54.399349212646484
2023-11-03,53.93463897705078
2023-11-06,53.56476974487305
2023-11-07,50.57735824584961
2023-11-08,50.19800567626953
2023-11-09,50.01781463623047
2023-11-10,50.54890823364258
2023-11-13,51.21277618408203
2023-11-14,51.544708251953125
2023-11-15,50.90929412841797
2023-11-16,49.42033004760742
2023-11-17,50.122135162353516
2023-11-20,50.01781463623047
2023-11-21,49.99884796142578
2023-11-22,49.809165954589844
2023-11-24,49.88503646850586
2023-11-27,49.837623596191406
2023-11-28,49.61000442504883
2023-11-29,49.192718505859375
2023-11-30,49.353946685791016
2023-12-01,49.68587112426758
2023-12-04,49.344459533691406
2023-12-05,48.2294921875
2023-12-06,46.8191032409668
2023-12-07,46.18061828613281
2023-12-08,46.5046272277832
2023-12-11,46.83816909790039
2023-12-12,46.73333740234375
2023-12-13,46.87628173828125
2023-12-14,49.95435333251953
2023-12-15,49.73517608642578
2023-12-18,49.82093811035156
2023-12-19,50.488014221191406
2023-12-20,50.078243255615234
2023-12-21,50.10683059692383
2023-12-22,50.583316802978516
2023-12-26,51.15509033203125
2023-12-27,50.53566360473633
2023-12-28,49.78282165527344
2023-12-29,49.59223175048828
2024-01-02,49.53504943847656
2024-01-03,50.17353439331055
2024-01-04,49.258689880371094
2024-01-05,49.420692443847656
2024-01-08,47.953128814697266
2024-01-09,46.27591323852539
2024-01-10,46.17108917236328
2024-01-11,46.5046272277832
2024-01-12,47.60053634643555
2024-01-16,46.028141021728516
2024-01-17,45.637428283691406
2024-01-18,46.27591323852539
2024-01-19,47.30511474609375
2024-01-22,48.29619598388672
2024-01-23,48.04842758178711
2024-01-24,49.2396354675293
2024-01-25,50.00200653076172
2024-01-26,50.43083953857422
2024-01-29,50.69766616821289
2024-01-30,47.02875900268555
2024-01-31,46.409332275390625
2024-02-01,46.69521713256836
2024-02-02,46.69521713256836
2024-02-05,46.266387939453125
2024-02-06,46.012413024902344
2024-02-07,45.475711822509766
2024-02-08,45.801570892333984
2024-02-09,45.1211051940918
2024-02-12,46.13700485229492
2024-02-13,45.600303649902344
2024-02-14,45.76323318481445
2024-02-15,46.55869674682617
2024-02-16,46.549110412597656
2024-02-20,46.50119400024414
2024-02-21,47.162479400634766
2024-02-22,47.21040344238281
2024-02-23,46.78871536254883
2024-02-26,46.539527893066406
2024-02-27,46.443687438964844
2024-02-28,46.15617370605469
2024-02-29,46.31909942626953
2024-03-01,47.296661376953125
2024-03-04,47.363739013671875
2024-03-05,47.59375762939453
2024-03-06,47.948368072509766
2024-03-07,48.66716003417969
2024-03-08,48.3029670715332
2024-03-11,49.385948181152344
2024-03-12,49.42428970336914
2024-03-13,50.38268280029297
2024-03-14,51.015220642089844
2024-03-15,50.67020034790039
2024-03-18,51.2068977355957
2024-03-19,52.21321105957031
2024-03-20,52.13653564453125
2024-03-21,52.17487335205078
2024-03-22,51.74360275268555
2024-03-25,52.05028533935547
2024-03-26,51.82027053833008
2024-03-27,52.61573791503906
2024-03-28,52.529483795166016
2024-04-01,52.92242431640625
2024-04-02,52.40488815307617
2024-04-03,52.57740020751953
2024-04-04,52.01194763183594
2024-04-05,52.74032211303711
2024-04-08,51.79151916503906
2024-04-09,51.916107177734375
2024-04-10,51.944862365722656
2024-04-11,51.75318145751953
2024-04-12,49.83639907836914
2024-04-15,49.5201301574707
2024-04-16,49.27095031738281
2024-04-17,48.695919036865234
2024-04-18,48.820499420166016
2024-04-19,47.77585220336914
2024-04-22,47.44999694824219
2024-04-23,47.48833465576172
2024-04-24,47.06664276123047
2024-04-25,47.38291549682617
2024-04-26,47.15290451049805
2024-04-29,47.162479400634766
2024-04-30,45.50446319580078
2024-05-01,45.197784423828125
2024-05-02,45.600303649902344
2024-05-03,45.676979064941406
2024-05-06,45.96449279785156
2024-05-07,46.16575622558594
2024-05-08,45.868656158447266
2024-05-09,46.46285629272461
2024-05-10,46.482025146484375
2024-05-13,46.72162628173828
2024-05-14,46.59703063964844
2024-05-15,46.299930572509766
2024-05-16,46.40534973144531
2024-05-17,46.568275451660156
2024-05-20,46.223262786865234
2024-05-21,46.280765533447266
2024-05-22,44.54607391357422
2024-05-23,44.392730712890625
2024-05-24,44.316062927246094
2024-05-28,44.593997955322266
2024-05-29,43.74102020263672
2024-05-30,43.6931037902832
2024-05-31,43.98061752319336
2024-06-03,42.23634719848633
2024-06-04,41.60380935668945
2024-06-05,41.66650390625
2024-06-06,42.110172271728516
2024-06-07,42.96857833862305
2024-06-10,43.38331604003906
2024-06-11,43.3640251159668
2024-06-12,43.122901916503906
2024-06-13,42.25484848022461
2024-06-14,41.473602294921875
2024-06-17,42.081241607666016
2024-06-18,42.86248016357422
2024-06-20,43.846275329589844
2024-06-21,44.03917694091797
2024-06-24,45.79457092285156
2024-06-25,45.83314895629883
2024-06-26,44.58894348144531
2024-06-27,45.34125900268555
2024-06-28,45.505218505859375
2024-07-01,44.9265251159668
2024-07-02,45.032615661621094
2024-07-03,45.63060760498047
2024-07-05,44.50213623046875
2024-07-08,44.59859085083008
2024-07-09,43.59551239013672
2024-07-10,43.67266845703125
2024-07-11,44.55036163330078
2024-07-12,44.77220153808594
2024-07-15,46.257530212402344
2024-07-16,46.99055862426758
2024-07-17,47.16416931152344
2024-07-18,46.99055862426758
2024-07-19,47.90683364868164
2024-07-22,47.68498992919922
2024-07-23,47.308837890625
2024-07-24,46.32504653930664
2024-07-25,46.51795196533203
2024-07-26,47.096649169921875
2024-07-29,46.16108322143555
2024-07-30,45.91995620727539
2024-07-31,46.57582092285156
2024-08-01,45.00367736816406
2024-08-02,43.33509063720703
2024-08-05,42.216270446777344
2024-08-06,41.859405517578125
2024-08-07,41.33856964111328
2024-08-08,42.13911056518555
2024-08-09,42.00407791137695
2024-08-12,42.341651916503906
2024-08-13,42.216270446777344
2024-08-14,42.22591018676758
2024-08-15,43.44118881225586
2024-08-16,43.19041442871094
2024-08-19,43.74983215332031
2024-08-20,42.467037200927734
2024-08-21,42.631004333496094
2024-08-22,42.55384063720703
2024-08-23,43.518341064453125
2024-08-26,43.98130416870117
2024-08-27,43.44118881225586
2024-08-28,42.18733596801758
2024-08-29,42.61170959472656
2024-08-30,42.428462982177734
2024-09-03,40.78881072998047
2024-09-04,40.11408615112305
2024-09-05,40.01700973510742
2024-09-06,39.43451690673828
2024-09-09,39.230648040771484
2024-09-10,38.4345817565918
2024-09-11,38.4151611328125
2024-09-12,38.63844680786133
2024-09-13,38.79378128051758
2024-09-16,39.22093963623047
2024-09-17,40.28883743286133
2024-09-18,40.2111701965332
2024-09-19,41.50235366821289
2024-09-20,41.172279357910156
2024-09-23,41.647979736328125
2024-09-24,41.725643157958984
2024-09-25,40.58979034423828
2024-09-26,39.96846008300781
2024-09-27,41.055782318115234
2024-09-30,40.72570037841797
2024-10-01,41.880977630615234
2024-10-02,42.657623291015625
2024-10-03,43.579898834228516
2024-10-04,44.133262634277344
2024-10-07,44.25947189331055
2024-10-08,42.85179138183594
2024-10-09,42.91974639892578
2024-10-10,43.29835891723633
2024-10-11,43.47311019897461
2024-10-14,43.39544677734375
2024-10-15,41.69651794433594
2024-10-16,42.40521240234375
2024-10-17,42.70616912841797
2024-10-18,40.69657897949219
2024-10-21,41.19169235229492
2024-10-22,40.7062873840332
2024-10-23,40.90045166015625
2024-10-24,40.04613494873047
2024-10-25,40.52183532714844
2024-10-28,40.182044982910156
2024-10-29,39.25006103515625
2024-10-30,38.97823715209961
2024-10-31,38.90057373046875
2024-11-01,38.599613189697266
2024-11-04,39.143272399902344
2024-11-05,39.3665657043457
2024-11-06,42.49258804321289
2024-11-07,41.97805404663086
2024-11-08,41.919803619384766
2024-11-11,42.99740982055664
2024-11-12,43.03624725341797
2024-11-13,42.317840576171875
2024-11-14,42.18192672729492
2024-11-15,41.919803619384766
2024-11-18,42.220760345458984
2024-11-19,41.842140197753906
2024-11-20,42.259586334228516
2024-11-21,42.77412414550781
2024-11-22,42.93915939331055
2024-11-25,42.47317123413086
2024-11-26,42.2110481262207
2024-11-27,42.38579559326172
2024-11-29,42.657623291015625
2024-12-02,42.35667419433594
2024-12-03,42.37609100341797
2024-12-04,41.755714416503906
2024-12-05,41.05229187011719
2024-12-06,40.01670455932617
2024-12-09,40.22186279296875
2024-12-10,39.928775787353516
2024-12-11,40.60289001464844
2024-12-12,40.15347671508789
2024-12-13,39.29374694824219
2024-12-16,38.96157455444336
2024-12-17,38.03345489501953
2024-12-18,36.47030258178711
2024-12-19,36.059974670410156
2024-12-20,35.98181915283203
2024-12-23,36.40190887451172
2024-12-24,36.861087799072266
2024-12-26,36.861087799072266
2024-12-27,36.92947769165039
2024-12-30,36.939247131347656
2024-12-31,37.4570426940918
2025-01-02,37.51565933227539
2025-01-03,37.70128631591797
2025-01-06,37.86737060546875
2025-01-07,38.463321685791016
2025-01-08,37.91621780395508
2025-01-10,37.7305908203125
2025-01-13,38.93226623535156
2025-01-14,38.951805114746094
2025-01-15,39.704071044921875
2025-01-16,40.14371109008789
2025-01-17,42.57637023925781
2025-01-21,42.73268508911133
2025-01-22,40.6712760925293
2025-01-23,41.06206512451172
2025-01-24,41.277000427246094
2025-01-27,41.5603141784668
2025-01-28,40.368412017822266
2025-01-29,39.997161865234375
2025-01-30,40.07532501220703
2025-01-31,39.35236358642578
2025-02-03,39.23512649536133
2025-02-04,40.27071762084961
2025-02-05,40.14775085449219
2025-02-06,39.40007781982422
2025-02-07,39.50829315185547
2025-02-10,40.54125213623047
2025-02-11,41.10200500488281
2025-02-12,40.77736282348633
2025-02-13,41.39714050292969
2025-02-14,41.07249069213867
2025-02-18,41.9578857421875
2025-02-19,41.495513916015625
2025-02-20,41.908695220947266
2025-02-21,41.06265640258789
2025-02-24,40.85606002807617
2025-02-25,40.34449768066406
2025-02-26,39.94115447998047
2025-02-27,40.24612045288086
2025-02-28,40.98395538330078
2025-03-03,39.17381286621094
2025-03-04,38.445823669433594
2025-03-05,38.790138244628906
2025-03-06,39.114784240722656
2025-03-07,40.69865798950195
2025-03-10,40.47239303588867
2025-03-11,39.429595947265625
2025-03-12,39.40007781982422
2025-03-13,39.28202819824219
2025-03-14,40.43303680419922
2025-03-17,40.75768280029297
2025-03-18,40.462554931640625
2025-03-19,40.413368225097656
2025-03-20,40.61011505126953
2025-03-21,40.324825286865234
2025-03-24,41.0233039855957
2025-03-25,41.59388732910156
2025-03-26,41.73161697387695
2025-03-27,41.416812896728516
2025-03-28,41.20038604736328
2025-03-31,41.12167739868164
2025-04-01,41.51519012451172
2025-04-02,41.50535202026367
2025-04-03,38.573707580566406
2025-04-04,34.215599060058594
2025-04-07,32.60221481323242
2025-04-08,31.4315242767334
2025-04-09,35.39612579345703
2025-04-10,32.0119514465332
2025-04-11,33.408905029296875
2025-04-14,33.36955261230469
2025-04-15,33.21215057373047
2025-04-16,33.5958251953125
2025-04-17,34.540245056152344
2025-04-21,34.058197021484375
2025-04-22,34.04835891723633
2025-04-23,33.47776794433594
2025-04-24,34.363162994384766
2025-04-25,33.95981979370117
2025-04-28,33.546634674072266
2025-04-29,33.55647277832031
2025-04-30,32.71043014526367
2025-05-01,33.19247817993164
2025-05-02,34.166412353515625
2025-05-05,33.21215057373047
2025-05-06,33.03507614135742
2025-05-07,32.95637130737305
2025-05-08,33.763065338134766
2025-05-09,33.98933029174805
2025-05-12,35.26823425292969
2025-05-13,35.524017333984375
2025-05-14,35.42564010620117
2025-05-15,35.14034652709961
2025-05-16,35.18953323364258
2025-05-19,34.540245056152344
2025-05-20,34.009010314941406
2025-05-21,33.32036590576172
2025-05-22,33.20231246948242
2025-05-23,33.113773345947266
2025-05-27,33.379390716552734
2025-05-28,33.03507614135742
2025-05-29,33.13344955444336
2025-05-30,32.513671875
2025-06-02,32.79896545410156
2025-06-03,33.55647277832031
2025-06-04,32.97611618041992
2025-06-05,32.817386627197266
2025-06-06,33.601112365722656
2025-06-09,33.84912872314453
2025-06-10,35.23801803588867
2025-06-11,35.40666580200195
2025-06-12,35.347145080566406
2025-06-13,36.01182174682617
2025-06-16,35.62491989135742
2025-06-17,35.79357147216797
2025-06-18,35.56539535522461
2025-06-20,35.555477142333984
2025-06-23,33.46222686767578
2025-06-24,33.23405075073242
2025-06-25,32.91659164428711
2025-06-26,33.56143569946289
2025-06-27,33.7400016784668
2025-06-30,33.53166961669922
2025-07-01,34.920555114746094
2025-07-02,35.62491989135742
2025-07-03,35.36698532104492
2025-07-07,34.672542572021484
2025-07-08,36.24991989135742
2025-07-09,35.96221923828125
2025-07-10,36.359046936035156
2025-07-11,37.0138053894043
2025-07-14,35.93246078491211
2025-07-15,34.791587829589844
2025-07-16,34.315399169921875
2025-07-17,34.39476013183594
2025-07-18,33.05548095703125
2025-07-21,33.27373504638672
2025-07-22,34.077301025390625
2025-07-23,34.86103057861328
2025-07-24,34.96023941040039
2025-07-25,35.18841552734375
2025-07-28,35.71420669555664
2025-07-29,35.347145080566406
2025-07-30,33.89873123168945
2025-07-31,33.53166961669922
2025-08-01,32.78762435913086
2025-08-04,32.61897659301758
2025-08-05,33.23405075073242
2025-08-06,32.5991325378418
2025-08-07,32.52968978881836
2025-08-08,32.60905075073242
2025-08-11,32.11302185058594
2025-08-12,32.678497314453125
2025-08-13,33.283653259277344
2025-08-14,32.956275939941406
2025-08-15,32.72810363769531
2025-08-18,33.035640716552734
2025-08-19,33.075321197509766
2025-08-20,33.09516525268555
2025-08-21,33.54159164428711
2025-08-22,35.327301025390625
2025-08-25,35.36698532104492
2025-08-26,35.03960418701172
2025-08-27,35.69436264038086
2025-08-28,36.19039535522461
2025-08-29,36.54753875732422
2025-09-02,35.6150016784668
2025-09-03,35.0
2025-09-04,36.0099983215332
2025-09-05,35.81999969482422
2025-09-08,35.779998779296875
2025-09-09,35.779998779296875
2025-09-10,36.15999984741211
2025-09-11,36.029998779296875
2025-09-12,35.56999969482422
2025-09-15,34.77000045776367
2025-09-16,35.2400016784668
2025-09-17,34.790000915527344
2025-09-18,34.7400016784668
2025-09-19,34.43000030517578
2025-09-22,33.91999816894531
2025-09-23,34.4900016784668
2025-09-24,34.61000061035156
2025-09-25,34.59000015258789
2025-09-26,35.52000045776367
2025-09-29,35.11000061035156
2025-09-30,34.369998931884766
2025-10-01,35.09000015258789
2025-10-02,34.11000061035156
2025-10-03,34.2599983215332
2025-10-06,34.59000015258789
2025-10-07,34.40999984741211
2025-10-08,33.970001220703125
2025-10-09,33.130001068115234
2025-10-10,31.719999313354492
2025-10-13,32.27000045776367
2025-10-14,32.56999969482422
2025-10-15,32.56999969482422
2025-10-16,32.91999816894531
2025-10-17,32.630001068115234
2025-10-20,33.43000030517578
2025-10-21,33.52000045776367
2025-10-22,34.900001525878906
2025-10-23,36.0099983215332
2025-10-24,35.83000183105469
2025-10-27,36.15999984741211
2025-10-28,35.86000061035156
2025-10-29,36.744998931884766
