date,XOM
2020-01-02,54.131065368652344
2020-01-03,53.695884704589844
2020-01-06,54.10816192626953
2020-01-07,53.66534423828125
2020-01-08,52.856056213378906
2020-01-09,53.260704040527344
2020-01-10,52.78733825683594
2020-01-13,53.29124069213867
2020-01-14,52.83314514160156
2020-01-15,52.749168395996094
2020-01-16,52.54303741455078
2020-01-17,52.34450912475586
2020-01-21,51.59629821777344
2020-01-22,51.298545837402344
2020-01-23,50.97787857055664
2020-01-24,50.634315490722656
2020-01-27,49.42800521850586
2020-01-28,49.35929489135742
2020-01-29,48.9470100402832
2020-01-30,49.46617889404297
2020-01-31,47.42766571044922
2020-02-03,46.366432189941406
2020-02-04,45.78618240356445
2020-02-05,47.89339828491211
2020-02-06,47.24443817138672
2020-02-07,46.9314079284668
2020-02-10,46.43576431274414
2020-02-11,46.87720489501953
2020-02-12,47.450286865234375
2020-02-13,47.186981201171875
2020-02-14,46.97014236450195
2020-02-18,46.373809814453125
2020-02-19,46.73006057739258
2020-02-20,46.35831832885742
2020-02-21,45.79297637939453
2020-02-24,43.64775466918945
2020-02-25,41.97495651245117
2020-02-26,41.053375244140625
2020-02-27,38.5828857421875
2020-02-28,39.83749008178711
2020-03-02,41.72713851928711
2020-03-03,39.72906494140625
2020-03-04,40.59645080566406
2020-03-05,38.807472229003906
2020-03-06,36.93331527709961
2020-03-09,32.418304443359375
2020-03-10,33.618690490722656
2020-03-11,32.511234283447266
2020-03-12,28.793893814086914
2020-03-13,29.52187156677246
2020-03-16,26.710636138916016
2020-03-17,28.507347106933594
2020-03-18,25.649641036987305
2020-03-19,26.664159774780273
2020-03-20,25.3553524017334
2020-03-23,24.356319427490234
2020-03-24,27.44635772705078
2020-03-25,28.879079818725586
2020-03-26,30.063982009887695
2020-03-27,28.615768432617188
2020-03-30,29.04171371459961
2020-03-31,29.40570831298828
2020-04-01,29.064950942993164
2020-04-02,31.287607192993164
2020-04-03,30.36602020263672
2020-04-06,31.341815948486328
2020-04-07,31.93813705444336
2020-04-08,33.95944595336914
2020-04-09,33.4018440246582
2020-04-13,33.11529541015625
2020-04-14,32.85973358154297
2020-04-15,31.349565505981445
2020-04-16,30.319555282592773
2020-04-17,33.47154998779297
2020-04-20,31.891674041748047
2020-04-21,31.721302032470703
2020-04-22,32.62740707397461
2020-04-23,33.6496696472168
2020-04-24,33.866512298583984
2020-04-27,34.02914047241211
2020-04-28,34.82682800292969
2020-04-29,36.75519943237305
2020-04-30,35.988487243652344
2020-05-01,33.409584045410156
2020-05-04,34.75712585449219
2020-05-05,34.71840286254883
2020-05-06,34.06787109375
2020-05-07,34.26148223876953
2020-05-08,35.7639045715332
2020-05-11,35.42314910888672
2020-05-12,34.8310546875
2020-05-13,33.10213088989258
2020-05-14,33.39423370361328
2020-05-15,33.15739822387695
2020-05-18,35.79419708251953
2020-05-19,34.68894577026367
2020-05-20,35.8178825378418
2020-05-21,35.17841339111328
2020-05-22,35.209983825683594
2020-05-26,36.24419403076172
2020-05-27,36.50470733642578
2020-05-28,35.5573616027832
2020-05-29,35.89682388305664
2020-06-01,36.53628158569336
2020-06-02,37.34943389892578
2020-06-03,38.87308883666992
2020-06-04,38.76256561279297
2020-06-05,41.90463638305664
2020-06-08,43.215145111083984
2020-06-09,42.25198745727539
2020-06-10,39.98624038696289
2020-06-11,36.457340240478516
2020-06-12,37.2389030456543
2020-06-15,37.21522521972656
2020-06-16,38.052059173583984
2020-06-17,36.812599182128906
2020-06-18,37.04154968261719
2020-06-19,36.2994499206543
2020-06-22,36.64680862426758
2020-06-23,36.86787414550781
2020-06-24,35.13104248046875
2020-06-25,35.65998458862305
2020-06-26,34.436317443847656
2020-06-29,34.98893737792969
2020-06-30,35.30472183227539
2020-07-01,34.50736618041992
2020-07-02,34.799476623535156
2020-07-06,35.04419708251953
2020-07-07,34.13632583618164
2020-07-08,34.05738067626953
2020-07-09,32.65213394165039
2020-07-10,33.6705436706543
2020-07-13,33.678436279296875
2020-07-14,34.79157257080078
2020-07-15,35.23367691040039
2020-07-16,34.957359313964844
2020-07-17,34.35737228393555
2020-07-20,33.552127838134766
2020-07-21,35.24946975708008
2020-07-22,34.428428649902344
2020-07-23,34.499481201171875
2020-07-24,34.28632354736328
2020-07-27,34.79157257080078
2020-07-28,34.38105010986328
2020-07-29,34.760005950927734
2020-07-30,33.05475997924805
2020-07-31,33.22055435180664
2020-08-03,33.354759216308594
2020-08-04,34.31790542602539
2020-08-05,34.617897033691406
2020-08-06,34.452110290527344
2020-08-07,34.29421615600586
2020-08-10,35.138946533203125
2020-08-11,35.50209045410156
2020-08-12,35.49404525756836
2020-08-13,34.62460708618164
2020-08-14,34.777565002441406
2020-08-17,34.326744079589844
2020-08-18,34.15768051147461
2020-08-19,33.7793083190918
2020-08-20,33.26409149169922
2020-08-21,33.014530181884766
2020-08-24,33.98862838745117
2020-08-25,32.909873962402344
2020-08-26,32.20948791503906
2020-08-27,31.992143630981445
2020-08-28,32.756919860839844
2020-08-31,32.153141021728516
2020-09-01,31.742570877075195
2020-09-02,31.549354553222656
2020-09-03,31.48497200012207
2020-09-04,31.4608097076416
2020-09-08,30.736284255981445
2020-09-09,30.55112648010254
2020-09-10,29.786333084106445
2020-09-11,29.705841064453125
2020-09-14,29.512632369995117
2020-09-15,29.19865608215332
2020-09-16,30.43841552734375
2020-09-17,30.43036651611328
2020-09-18,29.939294815063477
2020-09-21,29.327470779418945
2020-09-22,28.602935791015625
2020-09-23,27.685192108154297
2020-09-24,27.62883949279785
2020-09-25,27.88645362854004
2020-09-28,28.425827026367188
2020-09-29,27.596637725830078
2020-09-30,27.63689422607422
2020-10-01,26.67084312438965
2020-10-02,26.550090789794922
2020-10-05,27.161914825439453
2020-10-06,26.880159378051758
2020-10-07,26.968708038330078
2020-10-08,28.385576248168945
2020-10-09,27.96695899963379
2020-10-12,27.878398895263672
2020-10-13,27.54833221435547
2020-10-14,27.491987228393555
2020-10-15,27.733495712280273
2020-10-16,27.45172882080078
2020-10-19,26.90431022644043
2020-10-20,27.129722595214844
2020-10-21,26.694995880126953
2020-10-22,28.06355857849121
2020-10-23,27.50003433227539
2020-10-26,26.84795570373535
2020-10-27,26.42128562927246
2020-10-28,25.414987564086914
2020-10-29,26.542041778564453
2020-10-30,26.260282516479492
2020-11-02,27.363176345825195
2020-11-03,26.89625358581543
2020-11-04,26.751354217529297
2020-11-05,26.703048706054688
2020-11-06,26.389081954956055
2020-11-09,29.72998809814453
2020-11-10,30.389554977416992
2020-11-11,30.07625961303711
2020-11-12,29.04568862915039
2020-11-13,29.746477127075195
2020-11-16,31.461341857910156
2020-11-17,31.881820678710938
2020-11-18,30.678112030029297
2020-11-19,30.834754943847656
2020-11-20,30.455503463745117
2020-11-23,32.45069885253906
2020-11-24,34.61077880859375
2020-11-25,33.64616775512695
2020-11-27,33.1349983215332
2020-11-30,31.43661117553711
2020-12-01,31.741666793823242
2020-12-02,32.92887878417969
2020-12-03,33.1514892578125
2020-12-04,34.36343765258789
2020-12-07,33.720367431640625
2020-12-08,34.82514572143555
2020-12-09,35.28683853149414
2020-12-10,36.284427642822266
2020-12-11,36.111297607421875
2020-12-14,34.80865478515625
2020-12-15,35.484710693359375
2020-12-16,36.02885055541992
2020-12-17,35.84746551513672
2020-12-18,35.229122161865234
2020-12-21,34.5860595703125
2020-12-22,34.00068283081055
2020-12-23,34.437644958496094
2020-12-24,34.297489166259766
2020-12-28,34.41291046142578
2020-12-29,34.02541732788086
2020-12-30,34.297489166259766
2020-12-31,33.98418426513672
2021-01-04,34.21504592895508
2021-01-05,35.86396408081055
2021-01-06,36.77909851074219
2021-01-07,37.067665100097656
2021-01-08,37.47990036010742
2021-01-11,38.617645263671875
2021-01-12,39.47509765625
2021-01-13,39.920291900634766
2021-01-14,41.478519439697266
2021-01-15,39.483333587646484
2021-01-19,40.26657485961914
2021-01-20,40.835445404052734
2021-01-21,39.66471862792969
2021-01-22,39.10407638549805
2021-01-25,38.667118072509766
2021-01-26,37.81792068481445
2021-01-27,37.38920211791992
2021-01-28,37.974571228027344
2021-01-29,36.96873474121094
2021-02-01,37.03469467163086
2021-02-02,37.620052337646484
2021-02-03,39.09584045410156
2021-02-04,39.84608840942383
2021-02-05,41.18171310424805
2021-02-08,42.954307556152344
2021-02-09,42.451229095458984
2021-02-10,42.8620719909668
2021-02-11,41.78884506225586
2021-02-12,42.3589973449707
2021-02-16,43.633460998535156
2021-02-17,44.312599182128906
2021-02-18,43.6166877746582
2021-02-19,43.910152435302734
2021-02-22,45.52837371826172
2021-02-23,46.15721893310547
2021-02-24,47.54068374633789
2021-02-25,46.752532958984375
2021-02-26,45.58706283569336
2021-03-01,47.28913497924805
2021-03-02,47.012447357177734
2021-03-03,47.3897590637207
2021-03-04,49.225982666015625
2021-03-05,51.08736801147461
2021-03-08,51.03706741333008
2021-03-09,50.24890899658203
2021-03-10,51.79167556762695
2021-03-11,51.405975341796875
2021-03-12,51.95936584472656
2021-03-15,50.63459396362305
2021-03-16,49.56136703491211
2021-03-17,49.77936553955078
2021-03-18,47.6329231262207
2021-03-19,47.36460494995117
2021-03-22,46.878292083740234
2021-03-23,46.29976272583008
2021-03-24,47.23883819580078
2021-03-25,47.10468673706055
2021-03-26,48.38752365112305
2021-03-29,48.127601623535156
2021-03-30,47.53229904174805
2021-03-31,46.811222076416016
2021-04-01,48.11922073364258
2021-04-05,47.37298583984375
2021-04-06,47.23883819580078
2021-04-07,47.448455810546875
2021-04-08,46.95376205444336
2021-04-09,46.844757080078125
2021-04-12,46.53453063964844
2021-04-13,46.71060562133789
2021-04-14,48.06052780151367
2021-04-15,47.77544021606445
2021-04-16,47.50714111328125
2021-04-19,47.35622787475586
2021-04-20,46.35845947265625
2021-04-21,46.95376205444336
2021-04-22,46.341678619384766
2021-04-23,46.59321975708008
2021-04-26,46.68545150756836
2021-04-27,47.29752731323242
2021-04-28,48.7229118347168
2021-04-29,49.418827056884766
2021-04-30,47.993446350097656
2021-05-03,49.31821823120117
2021-05-04,49.62843704223633
2021-05-05,51.12090301513672
2021-05-06,51.60721206665039
2021-05-07,52.34505081176758
2021-05-10,52.470821380615234
2021-05-11,50.80229568481445
2021-05-12,51.07450485229492
2021-05-13,50.445003509521484
2021-05-14,51.695491790771484
2021-05-17,52.90345764160156
2021-05-18,51.40626907348633
2021-05-19,50.172786712646484
2021-05-20,50.05369186401367
2021-05-21,50.12175750732422
2021-05-24,50.70871353149414
2021-05-25,49.560306549072266
2021-05-26,50.13875961303711
2021-05-27,49.815513610839844
2021-05-28,49.65388107299805
2021-06-01,51.431793212890625
2021-06-02,51.84011459350586
2021-06-03,52.04427719116211
2021-06-04,52.27396011352539
2021-06-07,51.933692932128906
2021-06-08,52.852420806884766
2021-06-09,53.294761657714844
2021-06-10,53.37983703613281
2021-06-11,52.88644027709961
2021-06-14,52.80137252807617
2021-06-15,54.723899841308594
2021-06-16,54.52824401855469
2021-06-17,52.73331832885742
2021-06-18,51.38075637817383
2021-06-21,53.24373245239258
2021-06-22,54.2645378112793
2021-06-23,54.66435623168945
2021-06-24,54.88552474975586
2021-06-25,55.0046272277832
2021-06-28,53.60101318359375
2021-06-29,53.26923751831055
2021-06-30,53.66055679321289
2021-07-01,53.81367492675781
2021-07-02,53.73711013793945
2021-07-06,52.205902099609375
2021-07-07,51.38926315307617
2021-07-08,51.15957260131836
2021-07-09,52.08679962158203
2021-07-12,52.035762786865234
2021-07-13,51.78907012939453
2021-07-14,50.64065933227539
2021-07-15,50.147274017333984
2021-07-16,48.76066970825195
2021-07-19,47.0848388671875
2021-07-20,47.603755950927734
2021-07-21,49.13496780395508
2021-07-22,48.58203125
2021-07-23,48.52248764038086
2021-07-26,49.7474479675293
2021-07-27,49.19451141357422
2021-07-28,49.526275634765625
2021-07-29,50.13025665283203
2021-07-30,48.97333526611328
2021-08-02,48.98185348510742
2021-08-03,49.509273529052734
2021-08-04,48.35234832763672
2021-08-05,48.65858459472656
2021-08-06,49.22004318237305
2021-08-09,48.65858459472656
2021-08-10,49.49224090576172
2021-08-11,49.63686752319336
2021-08-12,49.524600982666016
2021-08-13,49.02375030517578
2021-08-16,48.3069953918457
2021-08-17,47.978851318359375
2021-08-18,46.96849822998047
2021-08-19,45.53499221801758
2021-08-20,45.54364013671875
2021-08-23,47.41754913330078
2021-08-24,47.806129455566406
2021-08-25,47.89249038696289
2021-08-26,47.24483108520508
2021-08-27,48.16019058227539
2021-08-30,47.6334342956543
2021-08-31,47.08075714111328
2021-09-01,46.43309020996094
2021-09-02,47.56434631347656
2021-09-03,47.382991790771484
2021-09-07,47.106666564941406
2021-09-08,46.67488479614258
2021-09-09,46.70943069458008
2021-09-10,46.614444732666016
2021-09-13,47.81476974487305
2021-09-14,47.13257598876953
2021-09-15,48.72150421142578
2021-09-16,48.203372955322266
2021-09-17,47.6334342956543
2021-09-20,46.364013671875
2021-09-21,46.32084274291992
2021-09-22,47.676597595214844
2021-09-23,49.291446685791016
2021-09-24,49.731849670410156
2021-09-27,51.20853042602539
2021-09-28,51.74392318725586
2021-09-29,51.70938491821289
2021-09-30,50.794029235839844
2021-10-01,52.616119384765625
2021-10-04,53.29832458496094
2021-10-05,53.211971282958984
2021-10-06,52.23614501953125
2021-10-07,52.382957458496094
2021-10-08,53.695552825927734
2021-10-11,53.16014862060547
2021-10-12,52.88381576538086
2021-10-13,52.73700714111328
2021-10-14,53.54011154174805
2021-10-15,54.04961013793945
2021-10-18,54.023704528808594
2021-10-19,54.8354377746582
2021-10-20,55.1376838684082
2021-10-21,54.135963439941406
2021-10-22,54.507286071777344
2021-10-25,55.5694580078125
2021-10-26,56.85614776611328
2021-10-27,55.37947463989258
2021-10-28,55.534915924072266
2021-10-29,55.67308807373047
2021-11-01,56.674800872802734
2021-11-02,55.975337982177734
2021-11-03,55.20676040649414
2021-11-04,55.621273040771484
2021-11-05,56.14803695678711
2021-11-08,56.75252914428711
2021-11-09,57.30520248413086
2021-11-10,56.17624282836914
2021-11-11,56.28125762939453
2021-11-12,55.85244369506836
2021-11-15,56.333770751953125
2021-11-16,56.90262222290039
2021-11-17,56.28125762939453
2021-11-18,55.66865158081055
2021-11-19,53.09569549560547
2021-11-22,53.8308219909668
2021-11-23,55.24858093261719
2021-11-24,55.55488967895508
2021-11-26,53.60329055786133
2021-11-29,53.90083694458008
2021-11-30,52.369319915771484
2021-12-01,52.325557708740234
2021-12-02,53.62954330444336
2021-12-03,53.28822326660156
2021-12-06,53.89208984375
2021-12-07,54.49594497680664
2021-12-08,54.653480529785156
2021-12-09,54.793495178222656
2021-12-10,55.14356231689453
2021-12-13,53.935848236083984
2021-12-14,53.85707473754883
2021-12-15,53.620792388916016
2021-12-16,53.70830535888672
2021-12-17,52.53559494018555
2021-12-20,51.774208068847656
2021-12-21,52.94691848754883
2021-12-22,53.375755310058594
2021-12-23,53.40200424194336
2021-12-27,54.163394927978516
2021-12-28,53.98834991455078
2021-12-29,53.515769958496094
2021-12-30,53.20071029663086
2021-12-31,53.5507698059082
2022-01-03,55.607398986816406
2022-01-04,57.699012756347656
2022-01-05,58.4166374206543
2022-01-06,59.79063034057617
2022-01-07,60.28071975708008
2022-01-10,59.921905517578125
2022-01-11,62.44236373901367
2022-01-12,62.25857925415039
2022-01-13,61.81224822998047
2022-01-14,62.89743423461914
2022-01-18,63.95638656616211
2022-01-19,63.98263168334961
2022-01-20,64.1226577758789
2022-01-21,63.15999221801758
2022-01-24,63.70258712768555
2022-01-25,65.5754165649414
2022-01-26,64.91029357910156
2022-01-27,65.74169921875
2022-01-28,65.88172149658203
2022-01-31,66.4768295288086
2022-02-01,70.73883819580078
2022-02-02,70.5550537109375
2022-02-03,69.73240661621094
2022-02-04,71.24642944335938
2022-02-07,72.10408020019531
2022-02-08,70.23999786376953
2022-02-09,69.90374755859375
2022-02-10,69.23126220703125
2022-02-11,70.97442626953125
2022-02-14,69.88607025146484
2022-02-15,69.01005554199219
2022-02-16,69.32859802246094
2022-02-17,69.22241973876953
2022-02-18,68.45259094238281
2022-02-22,67.65620422363281
2022-02-23,67.9305191040039
2022-02-24,67.07221221923828
2022-02-25,68.87732696533203
2022-02-28,69.3905258178711
2022-03-01,70.05419158935547
2022-03-02,71.25757598876953
2022-03-03,71.70886993408203
2022-03-04,74.40766906738281
2022-03-07,77.08879852294922
2022-03-08,77.67279052734375
2022-03-09,73.25736999511719
2022-03-10,75.53144836425781
2022-03-11,75.1421127319336
2022-03-14,72.45213317871094
2022-03-15,68.32872009277344
2022-03-16,68.07210540771484
2022-03-17,69.88607025146484
2022-03-18,69.61174011230469
2022-03-21,72.73529815673828
2022-03-22,72.416748046875
2022-03-23,73.55821990966797
2022-03-24,73.77943420410156
2022-03-25,75.3898696899414
2022-03-28,73.27505493164062
2022-03-29,72.88572692871094
2022-03-30,74.13336944580078
2022-03-31,73.08039093017578
2022-04-01,73.54936218261719
2022-04-04,73.58477020263672
2022-04-05,73.20426940917969
2022-04-06,74.0183334350586
2022-04-07,75.25714111328125
2022-04-08,76.84103393554688
2022-04-11,74.19530487060547
2022-04-12,75.74382019042969
2022-04-13,76.81448364257812
2022-04-14,77.71704864501953
2022-04-18,78.3541488647461
2022-04-19,77.65510559082031
2022-04-20,77.83207702636719
2022-04-21,77.00916290283203
2022-04-22,75.32792663574219
2022-04-25,72.78839111328125
2022-04-26,72.81493377685547
2022-04-27,74.89435577392578
2022-04-28,77.15957641601562
2022-04-29,75.43412017822266
2022-05-02,76.4605484008789
2022-05-03,78.03559112548828
2022-05-04,81.14144134521484
2022-05-05,79.91149139404297
2022-05-06,81.13259887695312
2022-05-09,74.73506927490234
2022-05-10,75.2305908203125
2022-05-11,76.79680633544922
2022-05-12,77.14542388916016
2022-05-13,79.43385314941406
2022-05-16,81.30215454101562
2022-05-17,82.339111328125
2022-05-18,81.03398132324219
2022-05-19,81.47200012207031
2022-05-20,82.11563110351562
2022-05-23,83.93028259277344
2022-05-24,84.38618469238281
2022-05-25,86.08462524414062
2022-05-26,86.3885726928711
2022-05-27,87.23778533935547
2022-05-31,85.81645202636719
2022-06-01,87.46125793457031
2022-06-02,87.3093032836914
2022-06-03,88.57867431640625
2022-06-06,88.35519409179688
2022-06-07,92.40464782714844
2022-06-08,93.49522399902344
2022-06-09,91.4749755859375
2022-06-10,89.8033447265625
2022-06-13,85.68235778808594
2022-06-14,85.90583801269531
2022-06-15,84.82418823242188
2022-06-16,81.69548797607422
2022-06-17,76.98450469970703
2022-06-21,81.77594757080078
2022-06-22,78.53993225097656
2022-06-23,76.17103576660156
2022-06-24,77.68177032470703
2022-06-27,79.58582305908203
2022-06-28,81.79381561279297
2022-06-29,78.77235412597656
2022-06-30,76.55543518066406
2022-07-01,78.26282501220703
2022-07-05,75.81348419189453
2022-07-06,74.4457778930664
2022-07-07,76.82361602783203
2022-07-08,76.94876861572266
2022-07-11,76.55543518066406
2022-07-12,75.5363540649414
2022-07-13,75.84030151367188
2022-07-14,74.32063293457031
2022-07-15,75.57212829589844
2022-07-18,76.96664428710938
2022-07-19,78.90644073486328
2022-07-20,79.77354431152344
2022-07-21,78.44159698486328
2022-07-22,77.84268188476562
2022-07-25,80.43504333496094
2022-07-26,80.12217712402344
2022-07-27,81.85638427734375
2022-07-28,82.81288146972656
2022-07-29,86.64779663085938
2022-08-01,84.45769500732422
2022-08-02,84.09117889404297
2022-08-03,81.3647232055664
2022-08-04,77.94100952148438
2022-08-05,79.06734466552734
2022-08-08,79.51429748535156
2022-08-09,80.98033905029297
2022-08-10,81.74910736083984
2022-08-11,84.11393737792969
2022-08-12,84.8450698852539
2022-08-15,83.32868194580078
2022-08-16,82.55245208740234
2022-08-17,83.22036743164062
2022-08-18,85.18804168701172
2022-08-19,84.91727447509766
2022-08-22,84.85408020019531
2022-08-23,88.45549011230469
2022-08-24,88.97901153564453
2022-08-25,89.4393310546875
2022-08-26,88.33815002441406
2022-08-29,90.3690185546875
2022-08-30,86.93006896972656
2022-08-31,86.28021240234375
2022-09-01,84.72772216796875
2022-09-02,86.28021240234375
2022-09-06,85.70252227783203
2022-09-07,84.97142028808594
2022-09-08,85.66642761230469
2022-09-09,87.1015853881836
2022-09-12,88.10346984863281
2022-09-13,86.04552459716797
2022-09-14,88.1576156616211
2022-09-15,85.59422302246094
2022-09-16,84.13199615478516
2022-09-19,84.12297058105469
2022-09-20,83.43698120117188
2022-09-21,82.09210968017578
2022-09-22,81.74911499023438
2022-09-23,77.39855194091797
2022-09-26,75.80093383789062
2022-09-27,77.3895263671875
2022-09-28,80.20565795898438
2022-09-29,80.04317474365234
2022-09-30,78.80661010742188
2022-10-03,82.96763610839844
2022-10-04,85.99137115478516
2022-10-05,89.46641540527344
2022-10-06,92.12007904052734
2022-10-07,91.19037628173828
2022-10-10,89.21366882324219
2022-10-11,88.45549011230469
2022-10-12,88.84359741210938
2022-10-13,91.94857025146484
2022-10-14,89.52960205078125
2022-10-17,90.82032012939453
2022-10-18,90.98277282714844
2022-10-19,93.68158721923828
2022-10-20,93.80792999267578
2022-10-21,95.54998779296875
2022-10-24,96.21790313720703
2022-10-25,95.56803131103516
2022-10-26,96.705322265625
2022-10-27,97.07538604736328
2022-10-28,99.91859436035156
2022-10-31,100.01787567138672
2022-11-01,101.01075744628906
2022-11-02,98.93476867675781
2022-11-03,100.27962493896484
2022-11-04,101.37179565429688
2022-11-07,102.57225036621094
2022-11-08,102.89720153808594
2022-11-09,98.29389190673828
2022-11-10,99.73807525634766
2022-11-11,102.85205841064453
2022-11-14,103.1523208618164
2022-11-15,103.84382629394531
2022-11-16,102.7337875366211
2022-11-17,102.87026977539062
2022-11-18,101.97858428955078
2022-11-21,100.96864318847656
2022-11-22,103.88931274414062
2022-11-23,103.37068176269531
2022-11-25,103.00674438476562
2022-11-28,99.91316986083984
2022-11-29,100.57737731933594
2022-11-30,101.3052749633789
2022-12-01,100.81394958496094
2022-12-02,99.95866394042969
2022-12-05,97.2199478149414
2022-12-06,94.51762390136719
2022-12-07,94.30835723876953
2022-12-08,95.00895690917969
2022-12-09,94.20825958251953
2022-12-12,96.52845001220703
2022-12-13,97.58390045166016
2022-12-14,96.86510467529297
2022-12-15,95.93702697753906
2022-12-16,95.26373291015625
2022-12-19,95.69136810302734
2022-12-20,97.07438659667969
2022-12-21,98.3208999633789
2022-12-22,96.33736419677734
2022-12-23,98.88502502441406
2022-12-27,100.25891876220703
2022-12-28,98.61205291748047
2022-12-29,99.358154296875
2022-12-30,100.35900115966797
2023-01-03,96.91059112548828
2023-01-04,97.1926498413086
2023-01-05,99.36724090576172
2023-01-06,100.56828308105469
2023-01-09,98.69395446777344
2023-01-10,100.1679458618164
2023-01-11,101.33258056640625
2023-01-12,103.0158462524414
2023-01-13,102.95215606689453
2023-01-17,102.75198364257812
2023-01-18,100.64108276367188
2023-01-19,101.28707885742188
2023-01-20,103.1341323852539
2023-01-23,102.59730529785156
2023-01-24,103.55266571044922
2023-01-25,103.00674438476562
2023-01-26,107.14667510986328
2023-01-27,105.19043731689453
2023-01-30,103.3252182006836
2023-01-31,105.55439758300781
2023-02-01,104.39886474609375
2023-02-02,101.13240814208984
2023-02-03,101.83300018310547
2023-02-06,101.6601333618164
2023-02-07,104.56262969970703
2023-02-08,103.65276336669922
2023-02-09,104.04399871826172
2023-02-10,108.42959594726562
2023-02-13,108.00782775878906
2023-02-14,106.74254608154297
2023-02-15,106.42163848876953
2023-02-16,106.1098861694336
2023-02-17,102.02980041503906
2023-02-21,101.92893981933594
2023-02-22,100.60865783691406
2023-02-23,101.53468322753906
2023-02-24,101.54385375976562
2023-02-27,101.36048889160156
2023-02-28,100.77369689941406
2023-03-01,101.6722183227539
2023-03-02,102.13983154296875
2023-03-03,103.43260955810547
2023-03-06,104.34949493408203
2023-03-07,102.3323745727539
2023-03-08,100.8378677368164
2023-03-09,100.05851745605469
2023-03-10,98.82074737548828
2023-03-13,97.6838150024414
2023-03-14,98.05057525634766
2023-03-15,93.17279815673828
2023-03-16,92.6318359375
2023-03-17,91.54075622558594
2023-03-20,93.93379974365234
2023-03-21,98.14226531982422
2023-03-22,95.89590454101562
2023-03-23,94.81399536132812
2023-03-24,94.92401885986328
2023-03-27,97.00533294677734
2023-03-28,98.21561431884766
2023-03-29,99.90266418457031
2023-03-30,100.38859558105469
2023-03-31,100.54448699951172
2023-04-03,106.47664642333984
2023-04-04,105.45890808105469
2023-04-05,107.26515197753906
2023-04-06,105.48641204833984
2023-04-10,105.01881408691406
2023-04-11,105.76148223876953
2023-04-12,105.6514663696289
2023-04-13,106.14656066894531
2023-04-14,106.4032974243164
2023-04-17,105.1655044555664
2023-04-18,107.21931457519531
2023-04-19,106.88006591796875
2023-04-20,106.02737426757812
2023-04-21,106.36662292480469
2023-04-24,108.37457275390625
2023-04-25,106.834228515625
2023-04-26,105.85316467285156
2023-04-27,107.11845397949219
2023-04-28,108.5029296875
2023-05-01,105.13800048828125
2023-05-02,100.94788360595703
2023-05-03,98.9582748413086
2023-05-04,97.22537994384766
2023-05-05,99.64591979980469
2023-05-08,100.04017639160156
2023-05-09,100.06769561767578
2023-05-10,98.7840576171875
2023-05-11,96.99616241455078
2023-05-12,96.98699188232422
2023-05-15,97.17195892333984
2023-05-16,94.81363677978516
2023-05-17,96.94074249267578
2023-05-18,97.81932830810547
2023-05-19,98.27249908447266
2023-05-22,97.07947540283203
2023-05-23,98.4019775390625
2023-05-24,99.50251770019531
2023-05-25,97.71759796142578
2023-05-26,97.07947540283203
2023-05-30,96.2193832397461
2023-05-31,94.49919891357422
2023-06-01,95.59049987792969
2023-06-02,97.81009674072266
2023-06-05,97.37541961669922
2023-06-06,98.17076873779297
2023-06-07,100.37185668945312
2023-06-08,100.05742645263672
2023-06-09,99.31757354736328
2023-06-12,98.42047119140625
2023-06-13,98.43898010253906
2023-06-14,97.25519561767578
2023-06-15,97.93031311035156
2023-06-16,97.22744750976562
2023-06-20,94.99860382080078
2023-06-21,96.06214904785156
2023-06-22,95.53500366210938
2023-06-23,94.70266723632812
2023-06-26,96.45059204101562
2023-06-27,96.69104766845703
2023-06-28,97.4771499633789
2023-06-29,98.67942810058594
2023-06-30,99.1880874633789
2023-07-03,99.38230895996094
2023-07-05,98.87364196777344
2023-07-06,95.18356323242188
2023-07-07,95.40552520751953
2023-07-10,96.82051849365234
2023-07-11,98.00431823730469
2023-07-12,98.48521423339844
2023-07-13,96.68180084228516
2023-07-14,93.35240173339844
2023-07-17,93.75933074951172
2023-07-18,93.33390045166016
2023-07-19,93.98128509521484
2023-07-20,95.63673400878906
2023-07-21,96.08065032958984
2023-07-24,97.58812713623047
2023-07-25,97.7361068725586
2023-07-26,97.19046020507812
2023-07-27,97.49564361572266
2023-07-28,96.33036041259766
2023-07-31,99.1788330078125
2023-08-01,98.60545349121094
2023-08-02,97.37541961669922
2023-08-03,99.06786346435547
2023-08-04,99.34530639648438
2023-08-07,99.14183807373047
2023-08-08,99.63201904296875
2023-08-09,101.32444763183594
2023-08-10,101.84234619140625
2023-08-11,103.4238052368164
2023-08-14,103.50704193115234
2023-08-15,100.84967041015625
2023-08-16,99.15267181396484
2023-08-17,101.0734634399414
2023-08-18,102.60260772705078
2023-08-21,101.36249542236328
2023-08-22,100.7937240600586
2023-08-23,99.90792846679688
2023-08-24,99.1620101928711
2023-08-25,100.93358612060547
2023-08-28,101.78208923339844
2023-08-29,102.38813781738281
2023-08-30,103.38583374023438
2023-08-31,103.67488861083984
2023-09-01,105.8473892211914
2023-09-05,105.85671997070312
2023-09-06,106.77049255371094
2023-09-07,106.24833679199219
2023-09-08,107.79613494873047
2023-09-11,106.44415283203125
2023-09-12,109.54907989501953
2023-09-13,108.5700454711914
2023-09-14,110.50945281982422
2023-09-15,108.81245422363281
2023-09-18,109.68892669677734
2023-09-19,109.39989471435547
2023-09-20,108.53274536132812
2023-09-21,107.00358581542969
2023-09-22,107.17142486572266
2023-09-25,108.3742446899414
2023-09-26,108.54206085205078
2023-09-27,112.07592010498047
2023-09-28,111.3952407836914
2023-09-29,109.63300323486328
2023-10-02,107.81478118896484
2023-10-03,108.00127410888672
2023-10-04,103.96393585205078
2023-10-05,101.62356567382812
2023-10-06,99.92658996582031
2023-10-09,103.42312622070312
2023-10-10,102.9848861694336
2023-10-11,99.29253387451172
2023-10-12,99.27388763427734
2023-10-13,102.44409942626953
2023-10-16,102.5186767578125
2023-10-17,103.8613510131836
2023-10-18,105.31592559814453
2023-10-19,105.38118743896484
2023-10-20,103.57231903076172
2023-10-23,102.05248260498047
2023-10-24,101.06411743164062
2023-10-25,101.25060272216797
2023-10-26,100.3275146484375
2023-10-27,98.41607666015625
2023-10-30,98.7237548828125
2023-10-31,98.69580078125
2023-11-01,98.49998474121094
2023-11-02,101.73545837402344
2023-11-03,100.49535369873047
2023-11-06,98.7144546508789
2023-11-07,97.1666488647461
2023-11-08,95.97315216064453
2023-11-09,96.00112915039062
2023-11-10,96.73773193359375
2023-11-13,97.7540512084961
2023-11-14,98.13044738769531
2023-11-15,97.53765869140625
2023-11-16,96.40851593017578
2023-11-17,98.76087951660156
2023-11-20,98.32804870605469
2023-11-21,98.29039764404297
2023-11-22,97.86698150634766
2023-11-24,98.39391326904297
2023-11-27,97.81993865966797
2023-11-28,97.76348114013672
2023-11-29,96.29560852050781
2023-11-30,96.67198181152344
2023-12-01,96.9072265625
2023-12-04,96.38029479980469
2023-12-05,94.50782775878906
2023-12-06,93.25638580322266
2023-12-07,92.60713195800781
2023-12-08,93.67039489746094
2023-12-11,93.73625946044922
2023-12-12,92.25897979736328
2023-12-13,93.07760620117188
2023-12-14,95.58050537109375
2023-12-15,94.9406509399414
2023-12-18,95.6463623046875
2023-12-19,96.9072265625
2023-12-20,95.28880310058594
2023-12-21,95.72164154052734
2023-12-22,95.89100646972656
2023-12-26,96.10741424560547
2023-12-27,95.6557846069336
2023-12-28,94.27259063720703
2023-12-29,94.07499694824219
2024-01-02,96.3144302368164
2024-01-03,97.12364196777344
2024-01-04,96.27680206298828
2024-01-05,96.5684814453125
2024-01-08,94.95948028564453
2024-01-09,93.78329467773438
2024-01-10,92.86119842529297
2024-01-11,92.84236145019531
2024-01-12,94.04676055908203
2024-01-16,91.92025756835938
2024-01-17,91.25218200683594
2024-01-18,91.08282470703125
2024-01-19,91.22395324707031
2024-01-22,91.10163879394531
2024-01-23,92.12726593017578
2024-01-24,93.71743774414062
2024-01-25,96.09800720214844
2024-01-26,96.9166259765625
2024-01-29,97.03895568847656
2024-01-30,98.6573715209961
2024-01-31,96.73784637451172
2024-02-01,96.3426513671875
2024-02-02,95.94747161865234
2024-02-05,95.5522689819336
2024-02-06,96.21092987060547
2024-02-07,96.18269348144531
2024-02-08,97.829345703125
2024-02-09,95.75926208496094
2024-02-12,97.07658386230469
2024-02-13,96.2408676147461
2024-02-14,95.76602935791016
2024-02-15,98.5106201171875
2024-02-16,98.5106201171875
2024-02-20,97.57992553710938
2024-02-21,99.57425689697266
2024-02-22,99.48878479003906
2024-02-23,98.61507415771484
2024-02-26,99.00444793701172
2024-02-27,98.7955093383789
2024-02-28,99.0709228515625
2024-02-29,99.26084899902344
2024-03-01,100.51444244384766
2024-03-04,99.1089096069336
2024-03-05,100.32449340820312
2024-03-06,101.39763641357422
2024-03-07,101.96746063232422
2024-03-08,102.92662811279297
2024-03-11,103.53443145751953
2024-03-12,102.86965942382812
2024-03-13,104.01876831054688
2024-03-14,105.86115264892578
2024-03-15,105.67121124267578
2024-03-18,106.6493911743164
2024-03-19,107.3996353149414
2024-03-20,107.30467224121094
2024-03-21,107.77951049804688
2024-03-22,107.77951049804688
2024-03-25,108.88115692138672
2024-03-26,108.06442260742188
2024-03-27,109.18504333496094
2024-03-28,110.39112854003906
2024-04-01,111.1033935546875
2024-04-02,113.2781753540039
2024-04-03,113.29717254638672
2024-04-04,113.696044921875
2024-04-05,115.26301574707031
2024-04-08,114.4842758178711
2024-04-09,115.08257293701172
2024-04-10,116.05125427246094
2024-04-11,115.66188049316406
2024-04-12,114.31333923339844
2024-04-15,113.65805053710938
2024-04-16,112.71786499023438
2024-04-17,112.66088104248047
2024-04-18,112.5564193725586
2024-04-19,113.84798431396484
2024-04-22,114.49376678466797
2024-04-23,114.94012451171875
2024-04-24,114.95912170410156
2024-04-25,115.22502136230469
2024-04-26,112.02458953857422
2024-04-29,113.62006378173828
2024-04-30,112.3189926147461
2024-05-01,110.19170379638672
2024-05-02,110.39112854003906
2024-05-03,110.1632080078125
2024-05-06,110.87548065185547
2024-05-07,110.32466888427734
2024-05-08,110.30567169189453
2024-05-09,112.48046112060547
2024-05-10,112.02458953857422
2024-05-13,111.97711944580078
2024-05-14,112.6568603515625
2024-05-15,113.52808380126953
2024-05-16,112.84834289550781
2024-05-17,114.54293823242188
2024-05-20,113.6142578125
2024-05-21,112.8292007446289
2024-05-22,110.5601806640625
2024-05-23,108.6740951538086
2024-05-24,108.58792877197266
2024-05-28,109.96659088134766
2024-05-29,108.78897857666016
2024-05-30,109.13365173339844
2024-05-31,112.26433563232422
2024-06-03,109.57404327392578
2024-06-04,107.869873046875
2024-06-05,108.30070495605469
2024-06-06,109.114501953125
2024-06-07,107.94647216796875
2024-06-10,108.26242065429688
2024-06-11,107.39117431640625
2024-06-12,106.20401000976562
2024-06-13,105.35192108154297
2024-06-14,104.4615478515625
2024-06-17,103.7435073852539
2024-06-18,104.72003936767578
2024-06-20,106.97950744628906
2024-06-21,106.04125213623047
2024-06-24,109.19109344482422
2024-06-25,109.4974594116211
2024-06-26,109.53575897216797
2024-06-27,110.00487518310547
2024-06-28,110.21550750732422
2024-07-01,110.06232452392578
2024-07-02,109.31554412841797
2024-07-03,109.87084197998047
2024-07-05,108.54005432128906
2024-07-08,107.4007568359375
2024-07-09,106.21358489990234
2024-07-10,107.1518325805664
2024-07-11,108.4251708984375
2024-07-12,108.44432067871094
2024-07-15,110.30167388916016
2024-07-16,111.0963134765625
2024-07-17,112.62813568115234
2024-07-18,113.73873138427734
2024-07-19,111.12503814697266
2024-07-22,110.3591079711914
2024-07-23,108.57836151123047
2024-07-24,110.11019134521484
2024-07-25,112.42708587646484
2024-07-26,112.33135986328125
2024-07-29,111.15375518798828
2024-07-30,113.13556671142578
2024-07-31,113.53765869140625
2024-08-01,111.96753692626953
2024-08-02,111.90052795410156
2024-08-05,109.88041687011719
2024-08-06,109.29641723632812
2024-08-07,110.75165557861328
2024-08-08,112.86748504638672
2024-08-09,113.78659057617188
2024-08-12,113.93020629882812
2024-08-13,112.83877563476562
2024-08-14,113.88233184814453
2024-08-15,114.58686065673828
2024-08-16,114.04640197753906
2024-08-19,114.39383697509766
2024-08-20,110.58167266845703
2024-08-21,109.87715148925781
2024-08-22,110.72644805908203
2024-08-23,112.26094818115234
2024-08-26,114.6640625
2024-08-27,113.57349395751953
2024-08-28,112.4539794921875
2024-08-29,114.0077896118164
2024-08-30,113.82442474365234
2024-09-03,111.44062805175781
2024-09-04,110.07982635498047
2024-09-05,109.22087097167969
2024-09-06,108.7093734741211
2024-09-09,110.99666595458984
2024-09-10,106.95288848876953
2024-09-11,105.89126586914062
2024-09-12,107.34857940673828
2024-09-13,107.2713623046875
2024-09-16,108.77693176269531
2024-09-17,110.19562530517578
2024-09-18,110.58167266845703
2024-09-19,111.95211791992188
2024-09-20,111.24759674072266
2024-09-23,113.2646713256836
2024-09-24,112.96548461914062
2024-09-25,110.76504516601562
2024-09-26,108.8637924194336
2024-09-27,111.77841186523438
2024-09-30,113.12956237792969
2024-10-01,115.74497985839844
2024-10-02,117.27949523925781
2024-10-03,118.3025131225586
2024-10-04,120.47400665283203
2024-10-07,120.99515533447266
2024-10-08,117.78135681152344
2024-10-09,117.82960510253906
2024-10-10,118.84296417236328
2024-10-11,119.29656982421875
2024-10-14,119.75016784667969
2024-10-15,116.15032196044922
2024-10-16,116.44951629638672
2024-10-17,116.15032196044922
2024-10-18,115.82219696044922
2024-10-21,115.88975524902344
2024-10-22,116.48811340332031
2024-10-23,116.0731201171875
2024-10-24,115.4168472290039
2024-10-25,115.3203353881836
2024-10-28,114.75093078613281
2024-10-29,113.18745422363281
2024-10-30,112.6180419921875
2024-10-31,112.70491027832031
2024-11-01,110.93875885009766
2024-11-04,114.4710464477539
2024-11-05,114.80883026123047
2024-11-06,116.77764892578125
2024-11-07,116.92241668701172
2024-11-08,116.88380432128906
2024-11-11,116.2661361694336
2024-11-12,116.15032196044922
2024-11-13,117.23124694824219
2024-11-14,117.30908966064453
2024-11-15,116.0927963256836
2024-11-18,117.06582641601562
2024-11-19,115.43112182617188
2024-11-20,117.0755615234375
2024-11-21,118.64214324951172
2024-11-22,118.50591278076172
2024-11-25,116.73500061035156
2024-11-26,114.78893280029297
2024-11-27,114.48728942871094
2024-11-29,114.77920532226562
2024-12-02,114.67216491699219
2024-12-03,114.49701690673828
2024-12-04,111.19843292236328
2024-12-05,111.6849365234375
2024-12-06,110.50757598876953
2024-12-09,109.85563659667969
2024-12-10,109.6318359375
2024-12-11,108.90206909179688
2024-12-12,108.80475616455078
2024-12-13,107.85118865966797
2024-12-16,105.54510498046875
2024-12-17,105.0975112915039
2024-12-18,103.55036926269531
2024-12-19,102.6649169921875
2024-12-20,103.01521301269531
2024-12-23,103.43360900878906
2024-12-24,103.53091430664062
2024-12-26,103.61848449707031
2024-12-27,103.60875701904297
2024-12-30,102.90816497802734
2024-12-31,104.66935729980469
2025-01-02,104.41636657714844
2025-01-03,104.95155334472656
2025-01-06,104.83478546142578
2025-01-07,105.81754302978516
2025-01-08,104.046630859375
2025-01-10,103.6671371459961
2025-01-13,106.34298706054688
2025-01-14,106.76139068603516
2025-01-15,108.50312805175781
2025-01-16,108.31825256347656
2025-01-17,109.2912826538086
2025-01-21,108.46419525146484
2025-01-22,106.5765151977539
2025-01-23,107.17979431152344
2025-01-24,105.72997283935547
2025-01-27,107.19924926757812
2025-01-28,105.1266860961914
2025-01-29,105.73970794677734
2025-01-30,106.61543273925781
2025-01-31,103.9493179321289
2025-02-03,104.20230102539062
2025-02-04,106.99491882324219
2025-02-05,106.91707611083984
2025-02-06,105.50617218017578
2025-02-07,105.95377349853516
2025-02-10,107.97769165039062
2025-02-11,108.65880584716797
2025-02-12,105.38961791992188
2025-02-13,106.15538024902344
2025-02-14,106.26336669921875
2025-02-18,108.12866973876953
2025-02-19,108.28575134277344
2025-02-20,109.95470428466797
2025-02-21,108.66863250732422
2025-02-24,109.23802947998047
2025-02-25,107.72615814208984
2025-02-26,107.4610824584961
2025-02-27,108.13848876953125
2025-02-28,109.29694366455078
2025-03-03,105.7921371459961
2025-03-04,105.5761489868164
2025-03-05,103.5145034790039
2025-03-06,105.65469360351562
2025-03-07,107.02912139892578
2025-03-10,109.75836181640625
2025-03-11,107.16657257080078
2025-03-12,107.1371078491211
2025-03-13,106.68551635742188
2025-03-14,109.85653686523438
2025-03-17,111.68256378173828
2025-03-18,111.56475067138672
2025-03-19,113.30243682861328
2025-03-20,113.78348541259766
2025-03-21,113.39078521728516
2025-03-24,113.68531036376953
2025-03-25,114.46087646484375
2025-03-26,116.11019897460938
2025-03-27,115.73714447021484
2025-03-28,115.58007049560547
2025-03-31,116.75814819335938
2025-04-01,116.86614990234375
2025-04-02,116.50289916992188
2025-04-03,110.37684631347656
2025-04-04,102.43457794189453
2025-04-07,101.0601577758789
2025-04-08,98.92977905273438
2025-04-09,103.86792755126953
2025-04-10,98.1051254272461
2025-04-11,101.25650024414062
2025-04-14,101.5019302368164
2025-04-15,101.21723175048828
2025-04-16,102.2873306274414
2025-04-17,104.96747589111328
2025-04-21,103.42613983154297
2025-04-22,106.32227325439453
2025-04-23,105.40925598144531
2025-04-24,106.646240234375
2025-04-25,106.58734130859375
2025-04-28,106.646240234375
2025-04-29,106.38117980957031
2025-04-30,103.7010269165039
2025-05-01,103.8482894897461
2025-05-02,104.27043914794922
2025-05-05,101.38411712646484
2025-05-06,102.7978286743164
2025-05-07,102.69965362548828
2025-05-08,104.13299560546875
2025-05-09,105.350341796875
2025-05-12,107.16657257080078
2025-05-13,107.4610824584961
2025-05-14,106.49899291992188
2025-05-15,107.57894134521484
2025-05-16,107.19253540039062
2025-05-19,105.48838806152344
2025-05-20,103.9823989868164
2025-05-21,102.70429992675781
2025-05-22,102.02066040039062
2025-05-23,102.0801010131836
2025-05-27,102.56558227539062
2025-05-28,101.16858673095703
2025-05-29,101.74324035644531
2025-05-30,101.35684204101562
2025-06-02,102.09992218017578
2025-06-03,102.84300994873047
2025-06-04,101.35684204101562
2025-06-05,100.89117431640625
2025-06-06,103.30867004394531
2025-06-09,104.0022201538086
2025-06-10,106.23147583007812
2025-06-11,108.30220794677734
2025-06-12,108.71833801269531
2025-06-13,111.0863037109375
2025-06-16,111.44298553466797
2025-06-17,112.94896697998047
2025-06-18,112.14643859863281
2025-06-20,113.64250946044922
2025-06-23,110.70980072021484
2025-06-24,107.34114837646484
2025-06-25,107.3708724975586
2025-06-26,108.97593688964844
2025-06-27,108.3715591430664
2025-06-30,106.8061294555664
2025-07-01,108.23284912109375
2025-07-02,110.02616882324219
2025-07-03,111.16555786132812
2025-07-07,110.08560943603516
2025-07-08,113.13721466064453
2025-07-09,112.75081634521484
2025-07-10,113.87039184570312
2025-07-11,114.36578369140625
2025-07-14,112.86970520019531
2025-07-15,111.8690185546875
2025-07-16,111.1952896118164
2025-07-17,110.63054656982422
2025-07-18,106.77640533447266
2025-07-21,107.05382537841797
2025-07-22,107.539306640625
2025-07-23,108.91648864746094
2025-07-24,109.76856231689453
2025-07-25,109.38215637207031
2025-07-28,110.4125747680664
2025-07-29,111.83928680419922
2025-07-30,110.86833190917969
2025-07-31,110.61072540283203
2025-08-01,108.62916564941406
2025-08-04,106.38009643554688
2025-08-05,106.25128936767578
2025-08-06,105.52802276611328
2025-08-07,104.97318267822266
2025-08-08,105.81535339355469
2025-08-11,104.85429382324219
2025-08-12,105.15151977539062
2025-08-13,106.60797119140625
2025-08-14,106.38999938964844
2025-08-15,106.48999786376953
2025-08-18,106.72000122070312
2025-08-19,107.41999816894531
2025-08-20,108.52999877929688
2025-08-21,109.2300033569336
2025-08-22,111.27999877929688
2025-08-25,111.73999786376953
2025-08-26,111.48999786376953
2025-08-27,112.75
2025-08-28,113.3499984741211
2025-08-29,114.29000091552734
2025-09-02,114.69000244140625
2025-09-03,111.91000366210938
2025-09-04,112.4000015258789
2025-09-05,109.2300033569336
2025-09-08,109.8499984741211
2025-09-09,110.6500015258789
2025-09-10,112.5
2025-09-11,112.13999938964844
2025-09-12,112.16000366210938
2025-09-15,112.3499984741211
2025-09-16,114.68000030517578
2025-09-17,115.29000091552734
2025-09-18,113.93000030517578
2025-09-19,112.81999969482422
2025-09-22,112.0199966430664
2025-09-23,113.94999694824219
2025-09-24,114.55999755859375
2025-09-25,115.58999633789062
2025-09-26,117.22000122070312
2025-09-29,114.22000122070312
2025-09-30,112.75
2025-10-01,111.98999786376953
2025-10-02,111.29000091552734
2025-10-03,113.26000213623047
2025-10-06,114.19999694824219
2025-10-07,114.26000213623047
2025-10-08,114.0199966430664
2025-10-09,112.91000366210938
2025-10-10,110.7300033569336
2025-10-13,112.23999786376953
2025-10-14,112.29000091552734
2025-10-15,111.61000061035156
2025-10-16,110.63999938964844
2025-10-17,112.23999786376953
2025-10-20,112.69999694824219
2025-10-21,112.70999908447266
2025-10-22,114.70999908447266
2025-10-23,115.9800033569336
2025-10-24,115.38999938964844
2025-10-27,115.94000244140625
2025-10-28,115.02999877929688
2025-10-29,116.6500015258789
